"source_repository","source_path","disposition","logical_path","canonical_path","sha256"
"OT-detection-program",".github/workflows/validate.yml","included",".github/workflows/validate.yml",".github/workflows/validate.yml","307ac73bf2c4a3c755a282c4c01de02abad84e1e7d91752e9e37b1894ca0c670"
"OT-detection-program",".gitignore","included",".gitignore",".gitignore","e043f62a0927194a6bea1cb3af2c895340d07d991112322005d35ba8545c63fc"
"OT-detection-program","00-program/onboarding-checklist.md","included","00-program/onboarding-checklist.md","00-program/onboarding-checklist.md","5c9ea7c0945d8f6e8b9cc2bf8d67cc5ace81769b4332f638fec483ade65b0807"
"OT-detection-program","00-program/onboarding-runbook-template.md","included","00-program/onboarding-runbook-template.md","00-program/onboarding-runbook-template.md","28fc4f388bc514b87aa125c635b18e36b0dc78907df03a4094a17c778767a4b4"
"OT-detection-program","00-program/raci-matrix.md","included","00-program/raci-matrix.md","00-program/raci-matrix.md","a8a83f0c15c0bf7c13faf464ce74c4cca68204bc04be5c33e45811be2ad865f4"
"OT-detection-program","00-program/README.md","included","00-program/README.md","00-program/README.md","05153e17291ecdb908255c994fafe264d3d7123499c48ccf48ae6cbaaf05016e"
"OT-detection-program","00-program/use-case-lifecycle.md","included","00-program/use-case-lifecycle.md","00-program/use-case-lifecycle.md","c588a3e002cd15137ee86eae4ecc814bfede08b5d342ddb085842cb88eb93f4f"
"OT-detection-program","00-program/use-case-template.md","included","00-program/use-case-template.md","00-program/use-case-template.md","a0c7eacaf222bc2afa22684d8ef92d1e1f46e9f9d7cad27733cae687dcf2ae46"
"OT-detection-program","00-program/validation-template.md","included","00-program/validation-template.md","00-program/validation-template.md","f5d894583028976465181855b99315ef7d75da1fc801e59bdd1e78a592a6c641"
"OT-detection-program","00-program/validation-test-plan-template.md","included","00-program/validation-test-plan-template.md","00-program/validation-test-plan-template.md","1ac4cb0a51bcfd6df153d14988b1b33cba07292f532c7abc7389976bcf1588fe"
"OT-detection-program","01-telemetry/collection-plan.csv","included","01-telemetry/collection-plan.csv","01-telemetry/collection-plan.csv","e595feee11ba45fbb7623b883ec302655a90f8dd142b1eef2da99766d37716bd"
"OT-detection-program","01-telemetry/log-source-inventory.csv","included","01-telemetry/log-source-inventory.csv","01-telemetry/log-source-inventory.csv","0b962e7aa6160c4f0deae2592715f317251f2b85d9bcff7fa5c2fa233021fd7e"
"OT-detection-program","01-telemetry/log-source-onboarding-guide.md","included","01-telemetry/log-source-onboarding-guide.md","01-telemetry/log-source-onboarding-guide.md","8b50cf78e649fb5f8c449b5f30baffb2dea6489346ca275991cfbc03eb2145dd"
"OT-detection-program","01-telemetry/minimum-viable-telemetry.csv","included","01-telemetry/minimum-viable-telemetry.csv","01-telemetry/minimum-viable-telemetry.csv","ddff4b2049d9551d0115fe1570070644e7c487d3e6b099fde971e358b7d29218"
"OT-detection-program","01-telemetry/onboarding-tiers.csv","included","01-telemetry/onboarding-tiers.csv","01-telemetry/onboarding-tiers.csv","161fe83865bf81aa5962cb5b5219c3bed631b4dab85a806ca9b26f47f7105eef"
"OT-detection-program","01-telemetry/parser-mapping.csv","included","01-telemetry/parser-mapping.csv","01-telemetry/parser-mapping.csv","e0894da9a374c97408ad7a3c72641082d1d53c1795bef82f71b4812efa989dee"
"OT-detection-program","01-telemetry/README.md","included","01-telemetry/README.md","01-telemetry/README.md","3e700aec3ca524e2a212baee85fecaea08272c3fab18d5b19441f79369f0362b"
"OT-detection-program","01-telemetry/telemetry-hierarchy.csv","included","01-telemetry/telemetry-hierarchy.csv","01-telemetry/telemetry-hierarchy.csv","0d995b2c51f7bd4dcfa09c3c0ee7ca58e1d0f657d266cbee76f91e0b09c0667e"
"OT-detection-program","02-detection/catalog/attack-ics-coverage.csv","included","02-detection/catalog/attack-ics-coverage.csv","02-detection/catalog/attack-ics-coverage.csv","9b5b8570b9cce85684a6f7fc10b0fde9cfdbcf353aa0cad0745d314c1aa0c4b7"
"OT-detection-program","02-detection/catalog/master-detection-catalog.csv","included","02-detection/catalog/master-detection-catalog.csv","02-detection/catalog/master-detection-catalog.csv","cbac2cdc9d3df1308a5050836a41c0e5298aff9e52e5af3c64784a5175b75674"
"OT-detection-program","02-detection/catalog/merge-log.csv","included","02-detection/catalog/merge-log.csv","02-detection/catalog/merge-log.csv","920a13086de045691bd013d0bba834f82631f4057e02d8290e19fbbd0ecd8b83"
"OT-detection-program","02-detection/catalog/nozomi-alert-mapping.csv","included","02-detection/catalog/nozomi-alert-mapping.csv","02-detection/catalog/nozomi-alert-mapping.csv","b5e9557579404873a197d8f79c388d8e8992e46e562cef1249519278ce2d551e"
"OT-detection-program","02-detection/catalog/query-index.csv","included","02-detection/catalog/query-index.csv","02-detection/catalog/query-index.csv","f34ef9ee5afb7e21f6a7db2fe9a7f2574bbe740969bae0669560cdfccc2c2655"
"OT-detection-program","02-detection/catalog/sector-applicability.csv","included","02-detection/catalog/sector-applicability.csv","02-detection/catalog/sector-applicability.csv","6fc802bcb71250d56ec67dac1d7228ede6bd114d85d966d1de01606f76b621c4"
"OT-detection-program","02-detection/catalog/threat-actor-coverage.csv","included","02-detection/catalog/threat-actor-coverage.csv","02-detection/catalog/threat-actor-coverage.csv","0aa9d91ca1a1754587b33d8f290381c55c5f6d985a06045bdd98a6aaf73c561c"
"OT-detection-program","02-detection/catalog/use-case-catalog.csv","included","02-detection/catalog/use-case-catalog.csv","02-detection/catalog/use-case-catalog.csv","a9ad9270bb6a9ed330b26bc5faeb49dd9993e7fe9778afe706660e676448acd1"
"OT-detection-program","02-detection/domains/A-bpcs-sis-boundary.md","included","02-detection/domains/A-bpcs-sis-boundary.md","02-detection/domains/A-bpcs-sis-boundary.md","ffc0c1a49d369a2ede36e76cbcda7b6c690a98573cc94cfeebcfb5b7d28fb683"
"OT-detection-program","02-detection/domains/B-sis-engineering-program.md","included","02-detection/domains/B-sis-engineering-program.md","02-detection/domains/B-sis-engineering-program.md","0aa1d9fed1f83ab8aaa25c5b42974e9a7d13214c8ce69fed8ed2cee5b7e659c8"
"OT-detection-program","02-detection/domains/C-safety-function-trip.md","included","02-detection/domains/C-safety-function-trip.md","02-detection/domains/C-safety-function-trip.md","47096efeaaee08c5e49672ae55743c94667ecc0d64b3f7edaf926be2486d53c0"
"OT-detection-program","02-detection/domains/D-sensor-voting-integrity.md","included","02-detection/domains/D-sensor-voting-integrity.md","02-detection/domains/D-sensor-voting-integrity.md","67470de46b8c8c7191719cb4eb5610c123436838ac6995ee09aab255da97cb85"
"OT-detection-program","02-detection/domains/E-bypass-override.md","included","02-detection/domains/E-bypass-override.md","02-detection/domains/E-bypass-override.md","992cba9cd05c1c81a2dedb688110ca0deb33c0ba213d5b153918767d044e7678"
"OT-detection-program","02-detection/domains/F-availability-diagnostics.md","included","02-detection/domains/F-availability-diagnostics.md","02-detection/domains/F-availability-diagnostics.md","14dc60a82ee77a9341b154996c92e950de25efc2eccaed77cd7c60a913cba68e"
"OT-detection-program","02-detection/domains/perimeter-01-network-perimeter-dos.md","included","02-detection/domains/perimeter-01-network-perimeter-dos.md","02-detection/domains/perimeter-01-network-perimeter-dos.md","2e044944e91d5ddc7516f6da8ce549258a04838c425692e9342661251b040d25"
"OT-detection-program","02-detection/domains/perimeter-02-identity-account.md","included","02-detection/domains/perimeter-02-identity-account.md","02-detection/domains/perimeter-02-identity-account.md","00bb4764f7f4e25841524af49fa77c1305b0c470e789ad60024f4ace52ff9708"
"OT-detection-program","02-detection/domains/perimeter-03-endpoint-windows-edr.md","included","02-detection/domains/perimeter-03-endpoint-windows-edr.md","02-detection/domains/perimeter-03-endpoint-windows-edr.md","41f3b3db690551265094c1ab5b02af781cb2ffcf6098901a720218dd06a5cb40"
"OT-detection-program","02-detection/domains/perimeter-04-east-west-lateral.md","included","02-detection/domains/perimeter-04-east-west-lateral.md","02-detection/domains/perimeter-04-east-west-lateral.md","fd3793ad7ba4713488b8d6f308947dae395b978fe514d9198e739cae12bc2b48"
"OT-detection-program","02-detection/domains/perimeter-05-traffic-outliers-dns.md","included","02-detection/domains/perimeter-05-traffic-outliers-dns.md","02-detection/domains/perimeter-05-traffic-outliers-dns.md","7324397983f2e760fa657cbfb52c8dc81709f3d5eaa5cf12417cdb1ea89b2124"
"OT-detection-program","02-detection/domains/perimeter-06-scanning-webapp.md","included","02-detection/domains/perimeter-06-scanning-webapp.md","02-detection/domains/perimeter-06-scanning-webapp.md","cfae9330c36b5c43b87e012671e64be5e63dffab2c153aa7153a093597588a93"
"OT-detection-program","02-detection/domains/perimeter-07-prohibited-traffic.md","included","02-detection/domains/perimeter-07-prohibited-traffic.md","02-detection/domains/perimeter-07-prohibited-traffic.md","4d3fb70df3d61d70d2b1377ed06a34558fc26848eb8a99ce1c98157c30a37536"
"OT-detection-program","02-detection/domains/protocol-ndr-overview.md","included","02-detection/domains/protocol-ndr-overview.md","02-detection/domains/protocol-ndr-overview.md","5d24955b2e11c2ca8634b00b20fa1ea665bf8a0f8c2babf9983c4ab69875753c"
"OT-detection-program","02-detection/historian/A-statistical-envelope/A01-tag-out-of-envelope/detection.yml","included","02-detection/historian/A-statistical-envelope/A01-tag-out-of-envelope/detection.yml","02-detection/historian/A-statistical-envelope/A01-tag-out-of-envelope/detection.yml","99ed5a34d77e3f336af9c3edb31023dc349d1cbad97f7541a49cf5ca728379a7"
"OT-detection-program","02-detection/historian/A-statistical-envelope/A01-tag-out-of-envelope/README.md","included","02-detection/historian/A-statistical-envelope/A01-tag-out-of-envelope/README.md","02-detection/historian/A-statistical-envelope/A01-tag-out-of-envelope/README.md","9cff00de9d94b92d9d9b6dbd3070a4bdb4e15b492a6795b741470a795f11bbdc"
"OT-detection-program","02-detection/historian/A-statistical-envelope/A01-tag-out-of-envelope/sentinel.kql","included","02-detection/historian/A-statistical-envelope/A01-tag-out-of-envelope/sentinel.kql","02-detection/historian/A-statistical-envelope/A01-tag-out-of-envelope/sentinel.kql","bd9b6dac409942bf73e8cad47d6883ab0719806b29e64dc311b583fadd8ef93e"
"OT-detection-program","02-detection/historian/A-statistical-envelope/A01-tag-out-of-envelope/splunk.spl","included","02-detection/historian/A-statistical-envelope/A01-tag-out-of-envelope/splunk.spl","02-detection/historian/A-statistical-envelope/A01-tag-out-of-envelope/splunk.spl","263b56a61b2c5169f7663bc1fc5ec9c16fc1864dabf4b1b6ca8259fd75f7b062"
"OT-detection-program","02-detection/historian/A-statistical-envelope/A01-tag-out-of-envelope/validation.md","included","02-detection/historian/A-statistical-envelope/A01-tag-out-of-envelope/validation.md","02-detection/historian/A-statistical-envelope/A01-tag-out-of-envelope/validation.md","da84c1affa07df772eb5b9ffb556218eb83473c205a0466e5e4477d9e5f7f069"
"OT-detection-program","02-detection/historian/B-setpoint-control/B01-setpoint-outside-range/detection.yml","included","02-detection/historian/B-setpoint-control/B01-setpoint-outside-range/detection.yml","02-detection/historian/B-setpoint-control/B01-setpoint-outside-range/detection.yml","97761f8fc5482a9d9f6d95e8dc1775ae727514dd8a07c5eafb2e425f5beddfc6"
"OT-detection-program","02-detection/historian/B-setpoint-control/B01-setpoint-outside-range/README.md","included","02-detection/historian/B-setpoint-control/B01-setpoint-outside-range/README.md","02-detection/historian/B-setpoint-control/B01-setpoint-outside-range/README.md","31b9ea3824add064c5073c330ed8696ecd1156fd4205d8c2edfc2ba7e423e24f"
"OT-detection-program","02-detection/historian/B-setpoint-control/B01-setpoint-outside-range/sentinel.kql","included","02-detection/historian/B-setpoint-control/B01-setpoint-outside-range/sentinel.kql","02-detection/historian/B-setpoint-control/B01-setpoint-outside-range/sentinel.kql","1aa878118defc8cccd3825323b7c67ed6ceff2da3dd57cdbf3b02f9968372771"
"OT-detection-program","02-detection/historian/B-setpoint-control/B01-setpoint-outside-range/splunk.spl","included","02-detection/historian/B-setpoint-control/B01-setpoint-outside-range/splunk.spl","02-detection/historian/B-setpoint-control/B01-setpoint-outside-range/splunk.spl","d575c3f1d604af535dc7252fa92ed939bad86ec8a11f085999c84a6c34e571d9"
"OT-detection-program","02-detection/historian/B-setpoint-control/B01-setpoint-outside-range/validation.md","included","02-detection/historian/B-setpoint-control/B01-setpoint-outside-range/validation.md","02-detection/historian/B-setpoint-control/B01-setpoint-outside-range/validation.md","3933a82605c9996e4d6bef4ad8914a398d864f15eb8833258db344a123f35612"
"OT-detection-program","02-detection/historian/C-replay-stale/C01-frozen-value-replay/detection.yml","included","02-detection/historian/C-replay-stale/C01-frozen-value-replay/detection.yml","02-detection/historian/C-replay-stale/C01-frozen-value-replay/detection.yml","ed6346e92b27a8cec7ab1353a9214f7a422476a8d64e1d48ad532edb92efd0c7"
"OT-detection-program","02-detection/historian/C-replay-stale/C01-frozen-value-replay/README.md","included","02-detection/historian/C-replay-stale/C01-frozen-value-replay/README.md","02-detection/historian/C-replay-stale/C01-frozen-value-replay/README.md","9ca96597f9baf78680729d15fcc387e9166c76ae1b1df792edd4c078450872d0"
"OT-detection-program","02-detection/historian/C-replay-stale/C01-frozen-value-replay/sentinel.kql","included","02-detection/historian/C-replay-stale/C01-frozen-value-replay/sentinel.kql","02-detection/historian/C-replay-stale/C01-frozen-value-replay/sentinel.kql","d10ef83751907ac120736ddbe8465b0fc0bf8f1928b7f5d726f6cf43fac0ceba"
"OT-detection-program","02-detection/historian/C-replay-stale/C01-frozen-value-replay/splunk.spl","included","02-detection/historian/C-replay-stale/C01-frozen-value-replay/splunk.spl","02-detection/historian/C-replay-stale/C01-frozen-value-replay/splunk.spl","daaf512edc4fb78946f96a2ff3a6836ec3ccce93f42e4de972602773334ab04f"
"OT-detection-program","02-detection/historian/C-replay-stale/C01-frozen-value-replay/validation.md","included","02-detection/historian/C-replay-stale/C01-frozen-value-replay/validation.md","02-detection/historian/C-replay-stale/C01-frozen-value-replay/validation.md","96ef90d86d4376458b2c9705e9981b9bc70c5db452c08faa394add12e6db17be"
"OT-detection-program","02-detection/historian/catalog.md","included","02-detection/historian/catalog.md","02-detection/historian/catalog.md","2d4c75aa8ceed9e0dcb82e94f1a175cd08eb42edcd6d209515cfdca762376a2d"
"OT-detection-program","02-detection/historian/D-physical-plausibility/D02-impossible-state-combination/detection.yml","included","02-detection/historian/D-physical-plausibility/D02-impossible-state-combination/detection.yml","02-detection/historian/D-physical-plausibility/D02-impossible-state-combination/detection.yml","ff8bd842e3fffa750c195455ab93bf346540f78da77fb20406236afdc0220fe6"
"OT-detection-program","02-detection/historian/D-physical-plausibility/D02-impossible-state-combination/README.md","included","02-detection/historian/D-physical-plausibility/D02-impossible-state-combination/README.md","02-detection/historian/D-physical-plausibility/D02-impossible-state-combination/README.md","0d183d69d529a96c5fff01c871b1cb03183e4524cc9fca03b263960fce070d26"
"OT-detection-program","02-detection/historian/D-physical-plausibility/D02-impossible-state-combination/sentinel.kql","included","02-detection/historian/D-physical-plausibility/D02-impossible-state-combination/sentinel.kql","02-detection/historian/D-physical-plausibility/D02-impossible-state-combination/sentinel.kql","b091ae785322f0f2f29bdf82aa9f876cd02f2a48216e111bdcdd83b42ed9dd96"
"OT-detection-program","02-detection/historian/D-physical-plausibility/D02-impossible-state-combination/splunk.spl","included","02-detection/historian/D-physical-plausibility/D02-impossible-state-combination/splunk.spl","02-detection/historian/D-physical-plausibility/D02-impossible-state-combination/splunk.spl","7c7e64257825dcaf3e011216f9ad7845264a0b390566c7f8822409d9d3673e6f"
"OT-detection-program","02-detection/historian/D-physical-plausibility/D02-impossible-state-combination/validation.md","included","02-detection/historian/D-physical-plausibility/D02-impossible-state-combination/validation.md","02-detection/historian/D-physical-plausibility/D02-impossible-state-combination/validation.md","6d646823ba0e25e083c8bdb17189fe406a9d3afece6a9370e958d55c59c4de77"
"OT-detection-program","02-detection/historian/E-data-integrity/E01-historian-plc-divergence/detection.yml","included","02-detection/historian/E-data-integrity/E01-historian-plc-divergence/detection.yml","02-detection/historian/E-data-integrity/E01-historian-plc-divergence/detection.yml","ad2107715a0f29f99190388e9cb9727c698427ea62b292be88fb8d293483b3f8"
"OT-detection-program","02-detection/historian/E-data-integrity/E01-historian-plc-divergence/README.md","included","02-detection/historian/E-data-integrity/E01-historian-plc-divergence/README.md","02-detection/historian/E-data-integrity/E01-historian-plc-divergence/README.md","d3be3fd1faef5886d64aa3fc85858bee1c1c8689056c02728d5d2e0189b78c26"
"OT-detection-program","02-detection/historian/E-data-integrity/E01-historian-plc-divergence/sentinel.kql","included","02-detection/historian/E-data-integrity/E01-historian-plc-divergence/sentinel.kql","02-detection/historian/E-data-integrity/E01-historian-plc-divergence/sentinel.kql","3af17bd2ba27aa7a35a99fee5f740800bb19d68fa5a70c0e17f5ec44d8cee26f"
"OT-detection-program","02-detection/historian/E-data-integrity/E01-historian-plc-divergence/splunk.spl","included","02-detection/historian/E-data-integrity/E01-historian-plc-divergence/splunk.spl","02-detection/historian/E-data-integrity/E01-historian-plc-divergence/splunk.spl","8a6f64fb1f3903c2e0d089fb5648ee4089bbfc8fd3d4512f8f0930f505599879"
"OT-detection-program","02-detection/historian/E-data-integrity/E01-historian-plc-divergence/validation.md","included","02-detection/historian/E-data-integrity/E01-historian-plc-divergence/validation.md","02-detection/historian/E-data-integrity/E01-historian-plc-divergence/validation.md","98f770f69ed311e704cdc584c29b3637e73ff5bc3077723773bd10fa66af9031"
"OT-detection-program","02-detection/historian/G-safety-alarm/G01-sif-trip-point-approach/detection.yml","included","02-detection/historian/G-safety-alarm/G01-sif-trip-point-approach/detection.yml","02-detection/historian/G-safety-alarm/G01-sif-trip-point-approach/detection.yml","785fe1c3f7fe53774b4fb3574fcc4c84a4e642e188037ef3af67c6914f1a67e5"
"OT-detection-program","02-detection/historian/G-safety-alarm/G01-sif-trip-point-approach/README.md","included","02-detection/historian/G-safety-alarm/G01-sif-trip-point-approach/README.md","02-detection/historian/G-safety-alarm/G01-sif-trip-point-approach/README.md","67cc029551314291065ca5c0e367a3e97b51d8a4c93f47deb5466a1b212669c9"
"OT-detection-program","02-detection/historian/G-safety-alarm/G01-sif-trip-point-approach/sentinel.kql","included","02-detection/historian/G-safety-alarm/G01-sif-trip-point-approach/sentinel.kql","02-detection/historian/G-safety-alarm/G01-sif-trip-point-approach/sentinel.kql","a69d199b5a91a3fe4c6c284e387eabad2fd4ed17e473b19da2aa6ed3669ff97b"
"OT-detection-program","02-detection/historian/G-safety-alarm/G01-sif-trip-point-approach/splunk.spl","included","02-detection/historian/G-safety-alarm/G01-sif-trip-point-approach/splunk.spl","02-detection/historian/G-safety-alarm/G01-sif-trip-point-approach/splunk.spl","0982155b17332993e3eaeceb61988c2624122eeb4b186a04efc283ebfa5863dc"
"OT-detection-program","02-detection/historian/G-safety-alarm/G01-sif-trip-point-approach/validation.md","included","02-detection/historian/G-safety-alarm/G01-sif-trip-point-approach/validation.md","02-detection/historian/G-safety-alarm/G01-sif-trip-point-approach/validation.md","c928c72410f44a2b2622bfb3bad5b92413c9e3bb305a0007c3290051d3b1092f"
"OT-detection-program","02-detection/historian/ot_baseline.csv","included","02-detection/historian/ot_baseline.csv","02-detection/historian/ot_baseline.csv","4475d1689a800d2c1f280db714afb40b708e67fd40452a48ea0d82c73ab9adcf"
"OT-detection-program","02-detection/historian/sif_trip_limits.csv","included","02-detection/historian/sif_trip_limits.csv","02-detection/historian/sif_trip_limits.csv","ec26e0bbf78f03facd1e6f3ac7505c7051682553cac0ae7eae35e312133757c3"
"OT-detection-program","02-detection/nozomi/assertion-queries.md","included","02-detection/nozomi/assertion-queries.md","02-detection/nozomi/assertion-queries.md","3939d1841f336d637249943ec1b3461057ed6c81fc3f17554d3c93a799498f2e"
"OT-detection-program","02-detection/nozomi/internet-exposed-device.n2ql","included","02-detection/nozomi/internet-exposed-device.n2ql","02-detection/nozomi/internet-exposed-device.n2ql","343e4d871f89a7e01dd6a38b36eb318cc3884f108a9a867a577f27a0408539ce"
"OT-detection-program","02-detection/nozomi/malware-smb-transfer.n2ql","included","02-detection/nozomi/malware-smb-transfer.n2ql","02-detection/nozomi/malware-smb-transfer.n2ql","74cfc5121ef15d026b5b5d9cb5f1d2d96810d133ba2622b851535bcbd92f7b64"
"OT-detection-program","02-detection/nozomi/n2ql-reference.md","included","02-detection/nozomi/n2ql-reference.md","02-detection/nozomi/n2ql-reference.md","ad9ed051e451eeae79415746edbb21e390a24f1c60d5b75fcda72db7c0cf2764"
"OT-detection-program","02-detection/nozomi/new-node-critical-zone.n2ql","included","02-detection/nozomi/new-node-critical-zone.n2ql","02-detection/nozomi/new-node-critical-zone.n2ql","bd07c1ea255c133c9c7c700635ee3a3699e7eae3ca4129f94f92c8445401379e"
"OT-detection-program","02-detection/nozomi/queries-catalog.csv","included","02-detection/nozomi/queries-catalog.csv","02-detection/nozomi/queries-catalog.csv","f91030a2383a6d389943949873c1a871d8d7aee6a48a5edb59f0eb6f4914a9be"
"OT-detection-program","02-detection/nozomi/README.md","included","02-detection/nozomi/README.md","02-detection/nozomi/README.md","15c6db9ee0226ed9909c34ef8cc91a9d52db4037f19baa6166b015944284cb8d"
"OT-detection-program","02-detection/queries/sentinel/OTD-0001__external-remote-services-abuse-into-ot-dmz.kql","included","02-detection/queries/sentinel/OTD-0001__external-remote-services-abuse-into-ot-dmz.kql","02-detection/queries/sentinel/OTD-0001__external-remote-services-abuse-into-ot-dmz.kql","faad31e19d2101d0a0264e72eedef75476e8c56e244021b02b720b225f504d30"
"OT-detection-program","02-detection/queries/sentinel/OTD-0002__internet-accessible-ics-device-exposure.kql","included","02-detection/queries/sentinel/OTD-0002__internet-accessible-ics-device-exposure.kql","02-detection/queries/sentinel/OTD-0002__internet-accessible-ics-device-exposure.kql","91454dd139330c024c4d20dbabb5847f1cdf3256d9a6cde87a0bc8d7431904d3"
"OT-detection-program","02-detection/queries/sentinel/OTD-0003__unauthorized-modbus-write-to-coils-registers.kql","included","02-detection/queries/sentinel/OTD-0003__unauthorized-modbus-write-to-coils-registers.kql","02-detection/queries/sentinel/OTD-0003__unauthorized-modbus-write-to-coils-registers.kql","2be1bab1180ad23203522b72116470d69c586bc8370b7d4a2340a1e38e34e85c"
"OT-detection-program","02-detection/queries/sentinel/OTD-0004__modbus-fc08-diagnostic-restart-listen-only.kql","included","02-detection/queries/sentinel/OTD-0004__modbus-fc08-diagnostic-restart-listen-only.kql","02-detection/queries/sentinel/OTD-0004__modbus-fc08-diagnostic-restart-listen-only.kql","c13e9e252d7e9291b5949246d57ee4153cfd51fa923cadd5b0c475b15efc3ad3"
"OT-detection-program","02-detection/queries/sentinel/OTD-0005__s7comm-stop-cpu-command.kql","included","02-detection/queries/sentinel/OTD-0005__s7comm-stop-cpu-command.kql","02-detection/queries/sentinel/OTD-0005__s7comm-stop-cpu-command.kql","7d737f32f644b92f97ba6b1ac496fd680bf65610a0379448f43f99a532caa6c0"
"OT-detection-program","02-detection/queries/sentinel/OTD-0006__s7comm-program-logic-download-to-plc.kql","included","02-detection/queries/sentinel/OTD-0006__s7comm-program-logic-download-to-plc.kql","02-detection/queries/sentinel/OTD-0006__s7comm-program-logic-download-to-plc.kql","f4bbae01260340a9f14c6f103d0f4edb218aeb5b53649dbcb7e1525e05f4a124"
"OT-detection-program","02-detection/queries/sentinel/OTD-0007__dnp3-cold-warm-restart-function.kql","included","02-detection/queries/sentinel/OTD-0007__dnp3-cold-warm-restart-function.kql","02-detection/queries/sentinel/OTD-0007__dnp3-cold-warm-restart-function.kql","57bcf94668d6a5709cd80481ad40286e5fa305c8ab88dd4e089cde71fe19eafc"
"OT-detection-program","02-detection/queries/sentinel/OTD-0008__dnp3-disable-unsolicited-responses.kql","included","02-detection/queries/sentinel/OTD-0008__dnp3-disable-unsolicited-responses.kql","02-detection/queries/sentinel/OTD-0008__dnp3-disable-unsolicited-responses.kql","c76a0f576a40078fb07a34a1b669d6c57967cd21aaa206664654efde53ce6988"
"OT-detection-program","02-detection/queries/sentinel/OTD-0009__iec-104-unauthorized-control-from-non-ews.kql","included","02-detection/queries/sentinel/OTD-0009__iec-104-unauthorized-control-from-non-ews.kql","02-detection/queries/sentinel/OTD-0009__iec-104-unauthorized-control-from-non-ews.kql","fdbc64e517c8a98577f23b8c6fff96c7ae8ff36326d1df71028f7198ef73c54a"
"OT-detection-program","02-detection/queries/sentinel/OTD-0010__iec-61850-goose-spoofing-manipulation.kql","included","02-detection/queries/sentinel/OTD-0010__iec-61850-goose-spoofing-manipulation.kql","02-detection/queries/sentinel/OTD-0010__iec-61850-goose-spoofing-manipulation.kql","3f17a3aa382e7b0aae7bf1d5400b4819b4df8ffc5b89a4e511e7e9f1cf66e388"
"OT-detection-program","02-detection/queries/sentinel/OTD-0011__opc-ua-anonymous-unencrypted-session.kql","included","02-detection/queries/sentinel/OTD-0011__opc-ua-anonymous-unencrypted-session.kql","02-detection/queries/sentinel/OTD-0011__opc-ua-anonymous-unencrypted-session.kql","d8b3dd5e35c1c6d8db72471620436f812826f0eb432e330f3c4748999e740c90"
"OT-detection-program","02-detection/queries/sentinel/OTD-0012__ethernet-ip-cip-firmware-update-to-controller.kql","included","02-detection/queries/sentinel/OTD-0012__ethernet-ip-cip-firmware-update-to-controller.kql","02-detection/queries/sentinel/OTD-0012__ethernet-ip-cip-firmware-update-to-controller.kql","1d574a19b830c023b97d24be48ff8605cf4231c8ea596c84510e6a31314a8523"
"OT-detection-program","02-detection/queries/sentinel/OTD-0013__active-network-scan-of-ot-subnet.kql","included","02-detection/queries/sentinel/OTD-0013__active-network-scan-of-ot-subnet.kql","02-detection/queries/sentinel/OTD-0013__active-network-scan-of-ot-subnet.kql","14f182ac92ff4ca4b118c36bc34e65fc2130d15beaaf23172e9ac9567ce126ec"
"OT-detection-program","02-detection/queries/sentinel/OTD-0014__new-unauthorized-node-on-ot-segment.kql","included","02-detection/queries/sentinel/OTD-0014__new-unauthorized-node-on-ot-segment.kql","02-detection/queries/sentinel/OTD-0014__new-unauthorized-node-on-ot-segment.kql","fd419abf824a0846dadddb385797a09a1790b5344d96ccf13962c6582c8b6032"
"OT-detection-program","02-detection/queries/sentinel/OTD-0015__rogue-engineering-workstation-to-plc.kql","included","02-detection/queries/sentinel/OTD-0015__rogue-engineering-workstation-to-plc.kql","02-detection/queries/sentinel/OTD-0015__rogue-engineering-workstation-to-plc.kql","651691b99d15b7fbd760f9b814a08563b3ddac11633a1eaab8dcf29eb8de564b"
"OT-detection-program","02-detection/queries/sentinel/OTD-0016__alarm-suppression-modify-alarm-settings.kql","included","02-detection/queries/sentinel/OTD-0016__alarm-suppression-modify-alarm-settings.kql","02-detection/queries/sentinel/OTD-0016__alarm-suppression-modify-alarm-settings.kql","90bf903988dced352cdc3d815c8050317032392bebfe8e3881b05de378f47fe3"
"OT-detection-program","02-detection/queries/sentinel/OTD-0017__sis-key-switch-in-program-mode.kql","included","02-detection/queries/sentinel/OTD-0017__sis-key-switch-in-program-mode.kql","02-detection/queries/sentinel/OTD-0017__sis-key-switch-in-program-mode.kql","367df6dcbba1ba483b3bd67feacf16ee7e3b117284b795a83a97c4ae37d1849f"
"OT-detection-program","02-detection/queries/sentinel/OTD-0018__malware-transfer-via-smb-in-ot.kql","included","02-detection/queries/sentinel/OTD-0018__malware-transfer-via-smb-in-ot.kql","02-detection/queries/sentinel/OTD-0018__malware-transfer-via-smb-in-ot.kql","b0b1a60ce44f45a03cae00ac1a6a1db2224de198aa7991e2aaad63b2de17ea3c"
"OT-detection-program","02-detection/queries/sentinel/OTD-0019__known-bad-c2-malicious-ip-contact-from-ot.kql","included","02-detection/queries/sentinel/OTD-0019__known-bad-c2-malicious-ip-contact-from-ot.kql","02-detection/queries/sentinel/OTD-0019__known-bad-c2-malicious-ip-contact-from-ot.kql","c3fb1bde589e63e2275ba2af45f7919b0898e4ea524e79de783654ffa9bd2f69"
"OT-detection-program","02-detection/queries/sentinel/OTD-0020__removable-media-introduced-to-ot-asset.kql","included","02-detection/queries/sentinel/OTD-0020__removable-media-introduced-to-ot-asset.kql","02-detection/queries/sentinel/OTD-0020__removable-media-introduced-to-ot-asset.kql","04f99458d58e31285633441afbd0a9827e1a7dbdeb437f4af9bab8a6a122ef69"
"OT-detection-program","02-detection/queries/sentinel/OTD-0021__modbus-enumeration-and-point-tag-id.kql","included","02-detection/queries/sentinel/OTD-0021__modbus-enumeration-and-point-tag-id.kql","02-detection/queries/sentinel/OTD-0021__modbus-enumeration-and-point-tag-id.kql","47cf6fedacb3feb33cb0dd0d463d90663f190ac33f86dd18ce0de0516290c95e"
"OT-detection-program","02-detection/queries/sentinel/OTD-0022__brute-force-repeated-failed-ot-auth.kql","included","02-detection/queries/sentinel/OTD-0022__brute-force-repeated-failed-ot-auth.kql","02-detection/queries/sentinel/OTD-0022__brute-force-repeated-failed-ot-auth.kql","1c23a41e9062cecd834b678d2d57fd5f6acbf86d3267288f4de07e41b560b70d"
"OT-detection-program","02-detection/queries/sentinel/OTD-0023__denial-of-service-flood-against-controller.kql","included","02-detection/queries/sentinel/OTD-0023__denial-of-service-flood-against-controller.kql","02-detection/queries/sentinel/OTD-0023__denial-of-service-flood-against-controller.kql","630bd35633e74486ecc153d6af451e89ee5eaa72db168475d676c38f6aab4489"
"OT-detection-program","02-detection/queries/sentinel/OTD-0024__historian-operational-data-exfiltration.kql","included","02-detection/queries/sentinel/OTD-0024__historian-operational-data-exfiltration.kql","02-detection/queries/sentinel/OTD-0024__historian-operational-data-exfiltration.kql","44329b737999a79c92f183370292951d0a74e31683ca54ed549b93a1c08710cb"
"OT-detection-program","02-detection/queries/sentinel/OTD-0025__time-sync-ntp-manipulation-affecting-soe.kql","included","02-detection/queries/sentinel/OTD-0025__time-sync-ntp-manipulation-affecting-soe.kql","02-detection/queries/sentinel/OTD-0025__time-sync-ntp-manipulation-affecting-soe.kql","e55d193b184ce6a69d4ed40c414fd31a3a57ee18606aa8b5c47ca63420aba9cb"
"OT-detection-program","02-detection/queries/sentinel/OTD-0026__unauthorized-wireless-cellular-modem-access.kql","included","02-detection/queries/sentinel/OTD-0026__unauthorized-wireless-cellular-modem-access.kql","02-detection/queries/sentinel/OTD-0026__unauthorized-wireless-cellular-modem-access.kql","36f8693551e40f43a042a1a3a69c528d1e4629dd2d6bc8b5b924d849810e118f"
"OT-detection-program","02-detection/queries/sentinel/OTD-0027__plc-operating-mode-change-to-program-remote.kql","included","02-detection/queries/sentinel/OTD-0027__plc-operating-mode-change-to-program-remote.kql","02-detection/queries/sentinel/OTD-0027__plc-operating-mode-change-to-program-remote.kql","172c77dfa2ce6748e022d375815a19d364d760d35815606174e5554d2adb5c21"
"OT-detection-program","02-detection/queries/sentinel/OTD-0028__unsigned-downgrade-firmware-load.kql","included","02-detection/queries/sentinel/OTD-0028__unsigned-downgrade-firmware-load.kql","02-detection/queries/sentinel/OTD-0028__unsigned-downgrade-firmware-load.kql","c78b7ece4264d7c9b4f60d4503181cbe604913ece63a9cb3633f983d2b4a1441"
"OT-detection-program","02-detection/queries/sentinel/OTD-0029__control-to-safety-write-command.kql","included","02-detection/queries/sentinel/OTD-0029__control-to-safety-write-command.kql","02-detection/queries/sentinel/OTD-0029__control-to-safety-write-command.kql","56a28afe0fb8ddbb0ae0dba064015cd75fbf19a9b9b222f1a34d97a41623aecf"
"OT-detection-program","02-detection/queries/sentinel/OTD-0030__new-comms-path-into-sis-zone.kql","included","02-detection/queries/sentinel/OTD-0030__new-comms-path-into-sis-zone.kql","02-detection/queries/sentinel/OTD-0030__new-comms-path-into-sis-zone.kql","8de47494bc6583d9c293ad28f1dd48790ed98d514906bc217eee7807dfdf7b9b"
"OT-detection-program","02-detection/queries/sentinel/OTD-0031__reversed-data-direction-at-boundary.kql","included","02-detection/queries/sentinel/OTD-0031__reversed-data-direction-at-boundary.kql","02-detection/queries/sentinel/OTD-0031__reversed-data-direction-at-boundary.kql","cba6761868d4278d9ce6b2f24732c09e3d36cefd139dab9889a698319c4fe952"
"OT-detection-program","02-detection/queries/sentinel/OTD-0032__sis-traffic-bypassing-sanctioned-gateway.kql","included","02-detection/queries/sentinel/OTD-0032__sis-traffic-bypassing-sanctioned-gateway.kql","02-detection/queries/sentinel/OTD-0032__sis-traffic-bypassing-sanctioned-gateway.kql","27e3a2e5d78f36429477b4bcc8e0f18ce039e7cc985393019d270c25f4be7174"
"OT-detection-program","02-detection/queries/sentinel/OTD-0033__sis-program-download.kql","included","02-detection/queries/sentinel/OTD-0033__sis-program-download.kql","02-detection/queries/sentinel/OTD-0033__sis-program-download.kql","6ee58c667fa40c8c5cb78cff74b973ad49fa0c62ddad52e1391680d2568a39ca"
"OT-detection-program","02-detection/queries/sentinel/OTD-0034__sis-program-upload.kql","included","02-detection/queries/sentinel/OTD-0034__sis-program-upload.kql","02-detection/queries/sentinel/OTD-0034__sis-program-upload.kql","c04fcf451ea5474a555041e167cb9094a4695a818c5948267693b51afd315146"
"OT-detection-program","02-detection/queries/sentinel/OTD-0035__key-switch-mode-to-program-remote.kql","included","02-detection/queries/sentinel/OTD-0035__key-switch-mode-to-program-remote.kql","02-detection/queries/sentinel/OTD-0035__key-switch-mode-to-program-remote.kql","acc1000e10f448005bb0c5984396d4373dbb9a226e264cf74569de11ec6eb4a7"
"OT-detection-program","02-detection/queries/sentinel/OTD-0036__sis-logic-differs-from-golden-baseline.kql","included","02-detection/queries/sentinel/OTD-0036__sis-logic-differs-from-golden-baseline.kql","02-detection/queries/sentinel/OTD-0036__sis-logic-differs-from-golden-baseline.kql","7b620134673f16ddec7bdd6003588c89ed764cf3c93361ddb71b6127579f7669"
"OT-detection-program","02-detection/queries/sentinel/OTD-0037__sis-firmware-change.kql","included","02-detection/queries/sentinel/OTD-0037__sis-firmware-change.kql","02-detection/queries/sentinel/OTD-0037__sis-firmware-change.kql","dfe5a8141c2c23eaf348deb7a2650dddb8a3075be5a38868093a14efbfd054ce"
"OT-detection-program","02-detection/queries/sentinel/OTD-0038__sis-engineering-off-window-new-host.kql","included","02-detection/queries/sentinel/OTD-0038__sis-engineering-off-window-new-host.kql","02-detection/queries/sentinel/OTD-0038__sis-engineering-off-window-new-host.kql","d3410f50945e91b49816fc05e452accb4fc1e431214a7ee9a81ee9a02d4a1099"
"OT-detection-program","02-detection/queries/sentinel/OTD-0039__safety-pv-trending-toward-trip.kql","included","02-detection/queries/sentinel/OTD-0039__safety-pv-trending-toward-trip.kql","02-detection/queries/sentinel/OTD-0039__safety-pv-trending-toward-trip.kql","2be2bc6053ac92a407795d6cf66baab79452d926c7455b0934bdd3d2840a556c"
"OT-detection-program","02-detection/queries/sentinel/OTD-0040__trip-setpoint-safety-parameter-modification.kql","included","02-detection/queries/sentinel/OTD-0040__trip-setpoint-safety-parameter-modification.kql","02-detection/queries/sentinel/OTD-0040__trip-setpoint-safety-parameter-modification.kql","02538b85a24b1e78de3a4f7c947982200b44d7fc750fb3d1dba7368044597842"
"OT-detection-program","02-detection/queries/sentinel/OTD-0041__unexpected-sif-trip-demand.kql","included","02-detection/queries/sentinel/OTD-0041__unexpected-sif-trip-demand.kql","02-detection/queries/sentinel/OTD-0041__unexpected-sif-trip-demand.kql","eaa8059115ab237b190086b86dfe2b50d40d74d7b3061d7f4f5357340a618e85"
"OT-detection-program","02-detection/queries/sentinel/OTD-0042__expected-trip-absent-alarm-suppression.kql","included","02-detection/queries/sentinel/OTD-0042__expected-trip-absent-alarm-suppression.kql","02-detection/queries/sentinel/OTD-0042__expected-trip-absent-alarm-suppression.kql","21fe028bc5635bc03ed2e6b1cb2ce42254a683ec15a6a8b9a8c641317c9c718e"
"OT-detection-program","02-detection/queries/sentinel/OTD-0043__final-element-command-response-mismatch.kql","included","02-detection/queries/sentinel/OTD-0043__final-element-command-response-mismatch.kql","02-detection/queries/sentinel/OTD-0043__final-element-command-response-mismatch.kql","a16d79db2a99fd31d11d7c6b94fae13b70692c5c0774c1c0a1ac34c9913c1c02"
"OT-detection-program","02-detection/queries/sentinel/OTD-0044__de-energize-to-trip-circuit-anomaly.kql","included","02-detection/queries/sentinel/OTD-0044__de-energize-to-trip-circuit-anomaly.kql","02-detection/queries/sentinel/OTD-0044__de-energize-to-trip-circuit-anomaly.kql","cfd4f19155e4bae0f216e24d888f1d81c3302c4aabac92ebeb31dbc2b2e3d134"
"OT-detection-program","02-detection/queries/sentinel/OTD-0045__voting-degradation.kql","included","02-detection/queries/sentinel/OTD-0045__voting-degradation.kql","02-detection/queries/sentinel/OTD-0045__voting-degradation.kql","053357a8ef1df49880d6c4637b151d21abba220d2a0b14a821b23b01895a137c"
"OT-detection-program","02-detection/queries/sentinel/OTD-0046__redundant-safety-sensor-disagreement.kql","included","02-detection/queries/sentinel/OTD-0046__redundant-safety-sensor-disagreement.kql","02-detection/queries/sentinel/OTD-0046__redundant-safety-sensor-disagreement.kql","bec3afef6d41ec1cd10c3bffb6504797b9568b282e6f97bed20aa097815e8754"
"OT-detection-program","02-detection/queries/sentinel/OTD-0047__frozen-replayed-safety-input.kql","included","02-detection/queries/sentinel/OTD-0047__frozen-replayed-safety-input.kql","02-detection/queries/sentinel/OTD-0047__frozen-replayed-safety-input.kql","581938427c3fa7b4facb762e517d4940beb52724946d2c2a0ddda00be43e2bed"
"OT-detection-program","02-detection/queries/sentinel/OTD-0048__loss-of-independence-shared-bpcs-input.kql","included","02-detection/queries/sentinel/OTD-0048__loss-of-independence-shared-bpcs-input.kql","02-detection/queries/sentinel/OTD-0048__loss-of-independence-shared-bpcs-input.kql","7763a22d92471c3630e7187ba42f735138f3f0c8174a9097b4cfb78c226126de"
"OT-detection-program","02-detection/queries/sentinel/OTD-0049__safety-input-bad-quality-spike.kql","included","02-detection/queries/sentinel/OTD-0049__safety-input-bad-quality-spike.kql","02-detection/queries/sentinel/OTD-0049__safety-input-bad-quality-spike.kql","60e128a6702e64c3b74d570f274051ad04e5ade8a291988a70a13154c043d22b"
"OT-detection-program","02-detection/queries/sentinel/OTD-0050__sif-bypass-inhibit-activated.kql","included","02-detection/queries/sentinel/OTD-0050__sif-bypass-inhibit-activated.kql","02-detection/queries/sentinel/OTD-0050__sif-bypass-inhibit-activated.kql","1f01ae4d4590c1e5c441821a2ffa8bb4fc3a3a570721b2881a863092e4642628"
"OT-detection-program","02-detection/queries/sentinel/OTD-0051__long-duration-overdue-bypass.kql","included","02-detection/queries/sentinel/OTD-0051__long-duration-overdue-bypass.kql","02-detection/queries/sentinel/OTD-0051__long-duration-overdue-bypass.kql","3817efcb3f4555f497eb49a50e6afcc4713bcc433bca09686649bde7856e71ce"
"OT-detection-program","02-detection/queries/sentinel/OTD-0052__bypass-from-unexpected-source-off-window.kql","included","02-detection/queries/sentinel/OTD-0052__bypass-from-unexpected-source-off-window.kql","02-detection/queries/sentinel/OTD-0052__bypass-from-unexpected-source-off-window.kql","b8a223f4c5f3a0eb24bd0671211d63bf2be11fd52a13a50ccf80cad789fd089e"
"OT-detection-program","02-detection/queries/sentinel/OTD-0053__forced-i-o-on-safety-controller.kql","included","02-detection/queries/sentinel/OTD-0053__forced-i-o-on-safety-controller.kql","02-detection/queries/sentinel/OTD-0053__forced-i-o-on-safety-controller.kql","36a63d54d6c9cfb6f08888e300a3b39a1f275afd033e4e9959503aa1b07ba4c0"
"OT-detection-program","02-detection/queries/sentinel/OTD-0054__multiple-simultaneous-bypasses.kql","included","02-detection/queries/sentinel/OTD-0054__multiple-simultaneous-bypasses.kql","02-detection/queries/sentinel/OTD-0054__multiple-simultaneous-bypasses.kql","4741df300a91e56defff0d2a800296c369a3358c5a030b05e5639b1e2ee96b57"
"OT-detection-program","02-detection/queries/sentinel/OTD-0055__sis-bpcs-comm-loss-loss-of-view.kql","included","02-detection/queries/sentinel/OTD-0055__sis-bpcs-comm-loss-loss-of-view.kql","02-detection/queries/sentinel/OTD-0055__sis-bpcs-comm-loss-loss-of-view.kql","01d31e35911a49cc950574303388fcfa7e97adc798a8ca4771e3811580683abd"
"OT-detection-program","02-detection/queries/sentinel/OTD-0056__sis-diagnostic-fault-degraded-module.kql","included","02-detection/queries/sentinel/OTD-0056__sis-diagnostic-fault-degraded-module.kql","02-detection/queries/sentinel/OTD-0056__sis-diagnostic-fault-degraded-module.kql","3886ca7ca253bdc97ca75f0115d3c4c4c9e12e762a5a2bf48005fc9073878aaa"
"OT-detection-program","02-detection/queries/sentinel/OTD-0057__spurious-trip-rate-anomaly.kql","included","02-detection/queries/sentinel/OTD-0057__spurious-trip-rate-anomaly.kql","02-detection/queries/sentinel/OTD-0057__spurious-trip-rate-anomaly.kql","c5eee81423f2ea9a32ea896c43a9671cd83a4cff19cdd520a8d247e760dda0db"
"OT-detection-program","02-detection/queries/sentinel/OTD-0058__sis-controller-restart-power-event.kql","included","02-detection/queries/sentinel/OTD-0058__sis-controller-restart-power-event.kql","02-detection/queries/sentinel/OTD-0058__sis-controller-restart-power-event.kql","a368abd9f2f6dbab7368ea14b2e48d7a9c69809463ab76318734deebfaa0d556"
"OT-detection-program","02-detection/queries/sentinel/OTD-0059__sis-time-clock-skew.kql","included","02-detection/queries/sentinel/OTD-0059__sis-time-clock-skew.kql","02-detection/queries/sentinel/OTD-0059__sis-time-clock-skew.kql","17f5ff62e0e5917e1695cd11ce02b636e7da61d010975733861d85a260d5d594"
"OT-detection-program","02-detection/queries/sentinel/OTD-0060__modbus-exception-response-flood-possible-scanning-or-fuzzing.kql","included","02-detection/queries/sentinel/OTD-0060__modbus-exception-response-flood-possible-scanning-or-fuzzing.kql","02-detection/queries/sentinel/OTD-0060__modbus-exception-response-flood-possible-scanning-or-fuzzing.kql","e6ec47530c33bb4da0103c2118768fe1cb6fe6d2eec70b943fd37ac682688de5"
"OT-detection-program","02-detection/queries/sentinel/OTD-0061__modbus-write-to-coil-register-outside-approved-change-window.kql","included","02-detection/queries/sentinel/OTD-0061__modbus-write-to-coil-register-outside-approved-change-window.kql","02-detection/queries/sentinel/OTD-0061__modbus-write-to-coil-register-outside-approved-change-window.kql","b67d09b1884114f30a4c1bbd7071435b97725f1e311b7013dd5650d2b52db045"
"OT-detection-program","02-detection/queries/sentinel/OTD-0062__dnp3-direct-operate-without-preceding-select-bypass-of-selec.kql","included","02-detection/queries/sentinel/OTD-0062__dnp3-direct-operate-without-preceding-select-bypass-of-selec.kql","02-detection/queries/sentinel/OTD-0062__dnp3-direct-operate-without-preceding-select-bypass-of-selec.kql","b3a193d909b3749884fac833a34b124e6a2f40edb09db2aade07ad2697c5ddfd"
"OT-detection-program","02-detection/queries/sentinel/OTD-0063__dnp3-crob-control-command-outside-maintenance-window.kql","included","02-detection/queries/sentinel/OTD-0063__dnp3-crob-control-command-outside-maintenance-window.kql","02-detection/queries/sentinel/OTD-0063__dnp3-crob-control-command-outside-maintenance-window.kql","130473aba3d9eff7ad716c4af4f4c09b6798d3aa5229f9f621bc98ec15825be9"
"OT-detection-program","02-detection/queries/sentinel/OTD-0064__opc-ua-untrusted-or-self-signed-certificate-accepted.kql","included","02-detection/queries/sentinel/OTD-0064__opc-ua-untrusted-or-self-signed-certificate-accepted.kql","02-detection/queries/sentinel/OTD-0064__opc-ua-untrusted-or-self-signed-certificate-accepted.kql","87b0f4f6bbd018c37579e00459ad0ad9febd1c20cc33137f8ba43da5766d3adb"
"OT-detection-program","02-detection/queries/sentinel/OTD-0065__opc-ua-write-request-to-critical-node-from-unauthorized-clie.kql","included","02-detection/queries/sentinel/OTD-0065__opc-ua-write-request-to-critical-node-from-unauthorized-clie.kql","02-detection/queries/sentinel/OTD-0065__opc-ua-write-request-to-critical-node-from-unauthorized-clie.kql","61a3b16531b0aabd84370a4228952be3c49186c35494ebd109662db161542933"
"OT-detection-program","02-detection/queries/sentinel/OTD-0066__opc-ua-address-space-browse-flood-reconnaissance.kql","included","02-detection/queries/sentinel/OTD-0066__opc-ua-address-space-browse-flood-reconnaissance.kql","02-detection/queries/sentinel/OTD-0066__opc-ua-address-space-browse-flood-reconnaissance.kql","aa72fc50d042f722295cba1faf768798c0d937d02baa5affd84ba6b7fa89e007"
"OT-detection-program","02-detection/queries/sentinel/OTD-0067__s7comm-program-block-download-upload-outside-change-window.kql","included","02-detection/queries/sentinel/OTD-0067__s7comm-program-block-download-upload-outside-change-window.kql","02-detection/queries/sentinel/OTD-0067__s7comm-program-block-download-upload-outside-change-window.kql","477d486d947d875acde672509a7b371ffc8967d15997c4859dcbfcc4798747b1"
"OT-detection-program","02-detection/queries/sentinel/OTD-0068__s7comm-system-status-list-szl-enumeration.kql","included","02-detection/queries/sentinel/OTD-0068__s7comm-system-status-list-szl-enumeration.kql","02-detection/queries/sentinel/OTD-0068__s7comm-system-status-list-szl-enumeration.kql","ffa6507a4da88d18e6eb3a5552b11531a1905718d24a7d62ea94676f413043db"
"OT-detection-program","02-detection/queries/sentinel/OTD-0069__iec-60870-5-104-general-interrogation-from-unauthorized-mast.kql","included","02-detection/queries/sentinel/OTD-0069__iec-60870-5-104-general-interrogation-from-unauthorized-mast.kql","02-detection/queries/sentinel/OTD-0069__iec-60870-5-104-general-interrogation-from-unauthorized-mast.kql","0e604badb8d4611db3d6601b0cf643493ed7107fe1061a6d94ca412ddfb3b45b"
"OT-detection-program","02-detection/queries/sentinel/OTD-0070__iec-60870-5-104-single-or-double-command-outside-maintenance.kql","included","02-detection/queries/sentinel/OTD-0070__iec-60870-5-104-single-or-double-command-outside-maintenance.kql","02-detection/queries/sentinel/OTD-0070__iec-60870-5-104-single-or-double-command-outside-maintenance.kql","7e72fd076bc534f03fae0bf88d0bb8898795e8de7388ed6f338f8bdbe89678ec"
"OT-detection-program","02-detection/queries/sentinel/OTD-0071__iec-60870-5-104-clock-synchronization-command-anomaly.kql","included","02-detection/queries/sentinel/OTD-0071__iec-60870-5-104-clock-synchronization-command-anomaly.kql","02-detection/queries/sentinel/OTD-0071__iec-60870-5-104-clock-synchronization-command-anomaly.kql","48f96e4f977bbc575e2993ce464de8df5616b9681865cb0aafa194f056ab4983"
"OT-detection-program","02-detection/queries/sentinel/OTD-0072__engineering-workstation-communicating-with-multiple-plcs-acr.kql","included","02-detection/queries/sentinel/OTD-0072__engineering-workstation-communicating-with-multiple-plcs-acr.kql","02-detection/queries/sentinel/OTD-0072__engineering-workstation-communicating-with-multiple-plcs-acr.kql","7fbc1fa5db3f65e384dc3d9e0cddae2d94ed530d27ee73168b53f17e498ac240"
"OT-detection-program","02-detection/queries/sentinel/OTD-0073__new-or-unauthorized-asset-communicating-on-ot-engineering-pr.kql","included","02-detection/queries/sentinel/OTD-0073__new-or-unauthorized-asset-communicating-on-ot-engineering-pr.kql","02-detection/queries/sentinel/OTD-0073__new-or-unauthorized-asset-communicating-on-ot-engineering-pr.kql","2fe9d1536a3595b1978e7500aa6bbc34eb8f7848a1d7c5311e319383128a3fde"
"OT-detection-program","02-detection/queries/sentinel/OTD-0074__dnp3-cold-or-warm-restart-function-to-outstation.kql","included","02-detection/queries/sentinel/OTD-0074__dnp3-cold-or-warm-restart-function-to-outstation.kql","02-detection/queries/sentinel/OTD-0074__dnp3-cold-or-warm-restart-function-to-outstation.kql","83ab44997ad815bde424a990fc5de08ef9149156f67746d42785889dccf1dff8"
"OT-detection-program","02-detection/queries/sentinel/OTD-0075__iec-60870-5-104-control-command-from-unauthorized-source.kql","included","02-detection/queries/sentinel/OTD-0075__iec-60870-5-104-control-command-from-unauthorized-source.kql","02-detection/queries/sentinel/OTD-0075__iec-60870-5-104-control-command-from-unauthorized-source.kql","b5e4c399e1ff0af5edd7342b823ddf7f138a235a58de4f3f04d7a0841225ab41"
"OT-detection-program","02-detection/queries/sentinel/OTD-0076__modbus-fc08-diagnostic-restart-or-force-listen-only-mode.kql","included","02-detection/queries/sentinel/OTD-0076__modbus-fc08-diagnostic-restart-or-force-listen-only-mode.kql","02-detection/queries/sentinel/OTD-0076__modbus-fc08-diagnostic-restart-or-force-listen-only-mode.kql","696fe5ff47b7e228d03f4abda9924e2ae38279191bc496fb65da719bf5d62e1c"
"OT-detection-program","02-detection/queries/sentinel/OTD-0077__unauthorized-modbus-write-to-coils-or-registers.kql","included","02-detection/queries/sentinel/OTD-0077__unauthorized-modbus-write-to-coils-or-registers.kql","02-detection/queries/sentinel/OTD-0077__unauthorized-modbus-write-to-coils-or-registers.kql","9e946596b97abca33635d56de4216e0a4104bf4f29a7a9f978302e9f5fd83dde"
"OT-detection-program","02-detection/queries/sentinel/OTD-0078__active-network-scan-of-ot-subnet.kql","included","02-detection/queries/sentinel/OTD-0078__active-network-scan-of-ot-subnet.kql","02-detection/queries/sentinel/OTD-0078__active-network-scan-of-ot-subnet.kql","b9c46e9875d34eadf8f412a87ec9c3dcdcec74716492d2d9da2f70848e48de14"
"OT-detection-program","02-detection/queries/sentinel/OTD-0079__s7comm-stop-cpu-command-to-plc.kql","included","02-detection/queries/sentinel/OTD-0079__s7comm-stop-cpu-command-to-plc.kql","02-detection/queries/sentinel/OTD-0079__s7comm-stop-cpu-command-to-plc.kql","6d23f57be3287a4b900900fa2731ad911bc87b5e92f2a60ac9e1096da4098268"
"OT-detection-program","02-detection/queries/sentinel/OTD-0080__direct-it-to-ot-dmz-connection-bypassing-jump-host.kql","included","02-detection/queries/sentinel/OTD-0080__direct-it-to-ot-dmz-connection-bypassing-jump-host.kql","02-detection/queries/sentinel/OTD-0080__direct-it-to-ot-dmz-connection-bypassing-jump-host.kql","3e4e44ff082dce9c5613a7292e7803aee994ae3ba4566a90e81b44700c96719c"
"OT-detection-program","02-detection/queries/sentinel/OTD-0081__unauthorized-lateral-movement-protocol-entering-ot-dmz.kql","included","02-detection/queries/sentinel/OTD-0081__unauthorized-lateral-movement-protocol-entering-ot-dmz.kql","02-detection/queries/sentinel/OTD-0081__unauthorized-lateral-movement-protocol-entering-ot-dmz.kql","19498afe06aef918b76ae7321cb4c08c834fec40ff2e8d37375b9da2b1ec4ce9"
"OT-detection-program","02-detection/queries/sentinel/OTD-0082__ot-dmz-historian-replication-direction-anomaly.kql","included","02-detection/queries/sentinel/OTD-0082__ot-dmz-historian-replication-direction-anomaly.kql","02-detection/queries/sentinel/OTD-0082__ot-dmz-historian-replication-direction-anomaly.kql","0cbc23c586f4b3f017bf543e76d79f658c74ee3ca9a48851da30b7e4d8502085"
"OT-detection-program","02-detection/queries/sentinel/OTD-0083__av-patch-management-push-to-dmz-outside-maintenance-window-o.kql","included","02-detection/queries/sentinel/OTD-0083__av-patch-management-push-to-dmz-outside-maintenance-window-o.kql","02-detection/queries/sentinel/OTD-0083__av-patch-management-push-to-dmz-outside-maintenance-window-o.kql","b0cce3db7b2d2db4cb5fa46191602ab2affb88f1e26855fa3a5956dea77a7a6a"
"OT-detection-program","02-detection/queries/sentinel/OTD-0084__ot-dmz-asset-external-dns-or-ntp-resolution-attempt.kql","included","02-detection/queries/sentinel/OTD-0084__ot-dmz-asset-external-dns-or-ntp-resolution-attempt.kql","02-detection/queries/sentinel/OTD-0084__ot-dmz-asset-external-dns-or-ntp-resolution-attempt.kql","e10942e4c939d592e8a291e9b516b6d28ba698f54abf82ee4dd36cffc2b6d5a4"
"OT-detection-program","02-detection/queries/sentinel/OTD-0085__web-or-email-content-landing-on-ot-dmz-jump-host.kql","included","02-detection/queries/sentinel/OTD-0085__web-or-email-content-landing-on-ot-dmz-jump-host.kql","02-detection/queries/sentinel/OTD-0085__web-or-email-content-landing-on-ot-dmz-jump-host.kql","a1b08a58980a4cbd75bd038215c332c833f82b4c17c661f92db85cb1c0896b28"
"OT-detection-program","02-detection/queries/sentinel/OTD-0086__remote-access-session-into-l3-without-approved-change-window.kql","included","02-detection/queries/sentinel/OTD-0086__remote-access-session-into-l3-without-approved-change-window.kql","02-detection/queries/sentinel/OTD-0086__remote-access-session-into-l3-without-approved-change-window.kql","aa8c62284f18092b8d5ebb931d89ae5eddf797ae7098616807c3504710581e37"
"OT-detection-program","02-detection/queries/sentinel/OTD-0087__shared-or-service-account-used-from-unusual-dmz-source.kql","included","02-detection/queries/sentinel/OTD-0087__shared-or-service-account-used-from-unusual-dmz-source.kql","02-detection/queries/sentinel/OTD-0087__shared-or-service-account-used-from-unusual-dmz-source.kql","b7cd74a6d1d8dc2f4257579c07154259c1fd3de17c9c083cfece1bd2db64f240"
"OT-detection-program","02-detection/queries/sentinel/OTD-0088__file-transfer-from-dmz-to-l3-with-executable-or-engineering.kql","included","02-detection/queries/sentinel/OTD-0088__file-transfer-from-dmz-to-l3-with-executable-or-engineering.kql","02-detection/queries/sentinel/OTD-0088__file-transfer-from-dmz-to-l3-with-executable-or-engineering.kql","c15d14227808246b76aea5a926a2fe81d1ca39595727d5d33a95c56a4102f147"
"OT-detection-program","02-detection/queries/sentinel/OTD-0089__vendor-remote-access-session-duration-or-scope-anomaly.kql","included","02-detection/queries/sentinel/OTD-0089__vendor-remote-access-session-duration-or-scope-anomaly.kql","02-detection/queries/sentinel/OTD-0089__vendor-remote-access-session-duration-or-scope-anomaly.kql","e227ef787e82c8bafe6618912cc2ab8e064b6840d0caa13f21d66e6b15e55aea"
"OT-detection-program","02-detection/queries/sentinel/OTD-0090__unscheduled-hmi-project-or-configuration-deployment.kql","included","02-detection/queries/sentinel/OTD-0090__unscheduled-hmi-project-or-configuration-deployment.kql","02-detection/queries/sentinel/OTD-0090__unscheduled-hmi-project-or-configuration-deployment.kql","08b2b53f97d91d936a596fc1a60fd549cd55ab3862806a1fcff31f2231f48d54"
"OT-detection-program","02-detection/queries/sentinel/OTD-0091__new-or-modified-scheduled-task-on-hmi-or-scada-server.kql","included","02-detection/queries/sentinel/OTD-0091__new-or-modified-scheduled-task-on-hmi-or-scada-server.kql","02-detection/queries/sentinel/OTD-0091__new-or-modified-scheduled-task-on-hmi-or-scada-server.kql","305c52210b9a906a34d9aee19e00fcf70e859faba8be2780c7c305a94b6fa50c"
"OT-detection-program","02-detection/queries/sentinel/OTD-0092__engineering-software-launched-by-non-engineering-account.kql","included","02-detection/queries/sentinel/OTD-0092__engineering-software-launched-by-non-engineering-account.kql","02-detection/queries/sentinel/OTD-0092__engineering-software-launched-by-non-engineering-account.kql","2293a9892ec8c18aba29adccf589a198ebfba0b0c5597acb276a906a18b48471"
"OT-detection-program","02-detection/queries/sentinel/OTD-0093__abnormal-authentication-pattern-on-scada-or-hmi-server.kql","included","02-detection/queries/sentinel/OTD-0093__abnormal-authentication-pattern-on-scada-or-hmi-server.kql","02-detection/queries/sentinel/OTD-0093__abnormal-authentication-pattern-on-scada-or-hmi-server.kql","f04f9c42c2df8e52e109e8c865f5a7be845eebce4114b1567c90e4aa31ff77b5"
"OT-detection-program","02-detection/queries/sentinel/OTD-0094__unexpected-outbound-connection-from-l2-hmi-toward-dmz-or-it.kql","included","02-detection/queries/sentinel/OTD-0094__unexpected-outbound-connection-from-l2-hmi-toward-dmz-or-it.kql","02-detection/queries/sentinel/OTD-0094__unexpected-outbound-connection-from-l2-hmi-toward-dmz-or-it.kql","6d7b07c415d0afa9f469183c7c86cd4f43871af72d5e953b21c29aae52fbb3f3"
"OT-detection-program","02-detection/queries/sentinel/OTD-0095__control-command-from-hmi-outside-documented-hmi-to-plc-pairi.kql","included","02-detection/queries/sentinel/OTD-0095__control-command-from-hmi-outside-documented-hmi-to-plc-pairi.kql","02-detection/queries/sentinel/OTD-0095__control-command-from-hmi-outside-documented-hmi-to-plc-pairi.kql","176243b7b5a44470cd3120289186af3611c80c505cfecbd525abb8d77a41d1d5"
"OT-detection-program","02-detection/queries/sentinel/OTD-0096__engineering-protocol-session-opened-by-hmi-account.kql","included","02-detection/queries/sentinel/OTD-0096__engineering-protocol-session-opened-by-hmi-account.kql","02-detection/queries/sentinel/OTD-0096__engineering-protocol-session-opened-by-hmi-account.kql","6967464055b5f6b7022bff4b7ef0f973564bcf58aa3eceae5b7d4bb843c82a92"
"OT-detection-program","02-detection/queries/sentinel/OTD-0097__setpoint-change-exceeding-safe-delta-threshold.kql","included","02-detection/queries/sentinel/OTD-0097__setpoint-change-exceeding-safe-delta-threshold.kql","02-detection/queries/sentinel/OTD-0097__setpoint-change-exceeding-safe-delta-threshold.kql","e6a772396295ec5c622869efde5aae33cb727b80fbc9cb49ac2c435662d7ab1d"
"OT-detection-program","02-detection/queries/sentinel/OTD-0098__redundant-sensor-correlation-divergence.kql","included","02-detection/queries/sentinel/OTD-0098__redundant-sensor-correlation-divergence.kql","02-detection/queries/sentinel/OTD-0098__redundant-sensor-correlation-divergence.kql","077ff916a45856f1abcc1000147eaa767158264f2cd097be3f36b343926ec5fd"
"OT-detection-program","02-detection/queries/sentinel/OTD-0099__zone-enforcement-firewall-rule-hit-count-anomaly.kql","included","02-detection/queries/sentinel/OTD-0099__zone-enforcement-firewall-rule-hit-count-anomaly.kql","02-detection/queries/sentinel/OTD-0099__zone-enforcement-firewall-rule-hit-count-anomaly.kql","ab2c29bee929fd1000c6ca8e982855142be0ebbca6395c0da228f9fe4e5a7dce"
"OT-detection-program","02-detection/queries/sentinel/OTD-0100__removable-media-event-on-dmz-or-l3-asset.kql","included","02-detection/queries/sentinel/OTD-0100__removable-media-event-on-dmz-or-l3-asset.kql","02-detection/queries/sentinel/OTD-0100__removable-media-event-on-dmz-or-l3-asset.kql","31f2e898c810fc016ced4daa028f78a29443ba422c67b206d84e48510c0cf24a"
"OT-detection-program","02-detection/queries/sentinel/OTD-0101__east-west-traffic-between-l1-controllers-across-process-cell.kql","included","02-detection/queries/sentinel/OTD-0101__east-west-traffic-between-l1-controllers-across-process-cell.kql","02-detection/queries/sentinel/OTD-0101__east-west-traffic-between-l1-controllers-across-process-cell.kql","49b261776e8a23f1dd40f13a6d781a9ada58183784b3dd7f15164dc059b71396"
"OT-detection-program","02-detection/queries/sentinel/OTD-0102__ntp-or-time-desynchronization-anomaly-across-it-ot-path.kql","included","02-detection/queries/sentinel/OTD-0102__ntp-or-time-desynchronization-anomaly-across-it-ot-path.kql","02-detection/queries/sentinel/OTD-0102__ntp-or-time-desynchronization-anomaly-across-it-ot-path.kql","367ed89e3f74df7f6cf4196311907930f424bccd584a6a25b5596301f52a3fe5"
"OT-detection-program","02-detection/queries/sentinel/OTD-0103__iec-104-mass-coordinated-breaker-open-command-burst.kql","included","02-detection/queries/sentinel/OTD-0103__iec-104-mass-coordinated-breaker-open-command-burst.kql","02-detection/queries/sentinel/OTD-0103__iec-104-mass-coordinated-breaker-open-command-burst.kql","617ce0ba1ddb8573cad8dc7bf687d439dc5d87d78c71c086715317a253617aa2"
"OT-detection-program","02-detection/queries/sentinel/OTD-0104__modbus-holding-register-manipulation-at-abnormal-cadence.kql","included","02-detection/queries/sentinel/OTD-0104__modbus-holding-register-manipulation-at-abnormal-cadence.kql","02-detection/queries/sentinel/OTD-0104__modbus-holding-register-manipulation-at-abnormal-cadence.kql","980297d657aef482f2b9bba7d66c72c9fb8c9865e38de65dfea55f39a32ecf8e"
"OT-detection-program","02-detection/queries/sentinel/OTD-0105__mass-disk-wiping-utility-execution-across-multiple-hosts.kql","included","02-detection/queries/sentinel/OTD-0105__mass-disk-wiping-utility-execution-across-multiple-hosts.kql","02-detection/queries/sentinel/OTD-0105__mass-disk-wiping-utility-execution-across-multiple-hosts.kql","520594447b529f1104c615187af4391f2d3fa4728a2e8cf3be805ce4f8d11cde"
"OT-detection-program","02-detection/queries/sentinel/OTD-0106__iec-61850-goose-unauthorized-publisher-or-spoofed-message.kql","included","02-detection/queries/sentinel/OTD-0106__iec-61850-goose-unauthorized-publisher-or-spoofed-message.kql","02-detection/queries/sentinel/OTD-0106__iec-61850-goose-unauthorized-publisher-or-spoofed-message.kql","f22cecb765239dcd1faf4d0794c21966eb931d753d7310052ec45cef474fe8e9"
"OT-detection-program","02-detection/queries/sentinel/OTD-0107__mass-lateral-deployment-tooling-preceding-suspected-wiper-ac.kql","included","02-detection/queries/sentinel/OTD-0107__mass-lateral-deployment-tooling-preceding-suspected-wiper-ac.kql","02-detection/queries/sentinel/OTD-0107__mass-lateral-deployment-tooling-preceding-suspected-wiper-ac.kql","5932a876b9b9b0d7179b3596cae1268adf9ff0213395ab05abd44e083e92984d"
"OT-detection-program","02-detection/queries/sentinel/OTD-0108__dns-tunneling-beacon-from-ot-dmz-or-engineering-host.kql","included","02-detection/queries/sentinel/OTD-0108__dns-tunneling-beacon-from-ot-dmz-or-engineering-host.kql","02-detection/queries/sentinel/OTD-0108__dns-tunneling-beacon-from-ot-dmz-or-engineering-host.kql","49af062da5a712ad5cbbd702046862c3c65efda746f8732b20e8497fa813d1b4"
"OT-detection-program","02-detection/queries/sentinel/OTD-0109__web-shell-activity-on-internet-facing-ot-adjacent-server.kql","included","02-detection/queries/sentinel/OTD-0109__web-shell-activity-on-internet-facing-ot-adjacent-server.kql","02-detection/queries/sentinel/OTD-0109__web-shell-activity-on-internet-facing-ot-adjacent-server.kql","0fdd6e494399d6b7c6e876f2667220b8b62a710349d7638a8a621dbc69175e64"
"OT-detection-program","02-detection/queries/sentinel/OTD-0110__credential-harvesting-tool-execution-on-engineering-or-scada.kql","included","02-detection/queries/sentinel/OTD-0110__credential-harvesting-tool-execution-on-engineering-or-scada.kql","02-detection/queries/sentinel/OTD-0110__credential-harvesting-tool-execution-on-engineering-or-scada.kql","6f8bd8f73c68ca1cd41e4fa595a0cdc458c0aaa8fccd110a3ab5ca1055c0b78e"
"OT-detection-program","02-detection/queries/sentinel/OTD-0111__low-and-slow-https-beaconing-indicative-of-oilrig-class-back.kql","included","02-detection/queries/sentinel/OTD-0111__low-and-slow-https-beaconing-indicative-of-oilrig-class-back.kql","02-detection/queries/sentinel/OTD-0111__low-and-slow-https-beaconing-indicative-of-oilrig-class-back.kql","4d962053be50fc32561a643f085e01c0035a384f81f9e251343bb7ce02391b10"
"OT-detection-program","02-detection/queries/sentinel/OTD-0112__shamoon-style-mbr-wiper-execution.kql","included","02-detection/queries/sentinel/OTD-0112__shamoon-style-mbr-wiper-execution.kql","02-detection/queries/sentinel/OTD-0112__shamoon-style-mbr-wiper-execution.kql","f27c95ec9a8e9e77da0fcd9ee1439f7f8a0dba805500b2e946b7d2d1d7f31e3c"
"OT-detection-program","02-detection/queries/sentinel/OTD-0113__password-spray-against-ot-remote-access-portal.kql","included","02-detection/queries/sentinel/OTD-0113__password-spray-against-ot-remote-access-portal.kql","02-detection/queries/sentinel/OTD-0113__password-spray-against-ot-remote-access-portal.kql","de31289243a01d1541ac41dff4d9b4a4dce3236a9c653a773eaf5c3a59a94672"
"OT-detection-program","02-detection/queries/sentinel/OTD-0114__mass-malware-spreader-tool-execution-across-multiple-hosts.kql","included","02-detection/queries/sentinel/OTD-0114__mass-malware-spreader-tool-execution-across-multiple-hosts.kql","02-detection/queries/sentinel/OTD-0114__mass-malware-spreader-tool-execution-across-multiple-hosts.kql","55f39be1d0f4a6b1c3ea341c455562a92ffb87abbaba5cd804bcf9c2dc8a4466"
"OT-detection-program","02-detection/queries/sentinel/OTD-0115__opc-ua-server-enumeration-followed-by-node-value-tampering.kql","included","02-detection/queries/sentinel/OTD-0115__opc-ua-server-enumeration-followed-by-node-value-tampering.kql","02-detection/queries/sentinel/OTD-0115__opc-ua-server-enumeration-followed-by-node-value-tampering.kql","12e7343265cfa0c5e04b0bcf0329b308da380c1c3ee85081561cc53c8436bcf0"
"OT-detection-program","02-detection/queries/sentinel/OTD-0116__codesys-protocol-command-to-schneider-controller-from-non-en.kql","included","02-detection/queries/sentinel/OTD-0116__codesys-protocol-command-to-schneider-controller-from-non-en.kql","02-detection/queries/sentinel/OTD-0116__codesys-protocol-command-to-schneider-controller-from-non-en.kql","45dd7de28eeceda1f7c3ce50c7fc9d3b8e33aca617ab5603120c98975ed13eb3"
"OT-detection-program","02-detection/queries/sentinel/OTD-0117__omron-fins-http-backdoor-command-execution.kql","included","02-detection/queries/sentinel/OTD-0117__omron-fins-http-backdoor-command-execution.kql","02-detection/queries/sentinel/OTD-0117__omron-fins-http-backdoor-command-execution.kql","50b26c6e2813f436446585fa0ab9e6e87933ad1a581420f35dc3301307c1b20a"
"OT-detection-program","02-detection/queries/sentinel/OTD-0118__asrock-rgb-driver-exploitation-attempt-cve-2020-15368.kql","included","02-detection/queries/sentinel/OTD-0118__asrock-rgb-driver-exploitation-attempt-cve-2020-15368.kql","02-detection/queries/sentinel/OTD-0118__asrock-rgb-driver-exploitation-attempt-cve-2020-15368.kql","8a0c5b9ca44348ac0e7ab707fab533cd9d3fa299295978177b2d48e4dc42d576"
"OT-detection-program","02-detection/queries/sentinel/OTD-0119__triconex-safety-controller-engineering-session-from-unauthor.kql","included","02-detection/queries/sentinel/OTD-0119__triconex-safety-controller-engineering-session-from-unauthor.kql","02-detection/queries/sentinel/OTD-0119__triconex-safety-controller-engineering-session-from-unauthor.kql","d2ae85bdf6ac2053810fe223422a5952fe9f650d908601bd6a866a15f5dd1d8c"
"OT-detection-program","02-detection/queries/sentinel/OTD-0120__safety-controller-key-switch-or-mode-change-outside-proof-te.kql","included","02-detection/queries/sentinel/OTD-0120__safety-controller-key-switch-or-mode-change-outside-proof-te.kql","02-detection/queries/sentinel/OTD-0120__safety-controller-key-switch-or-mode-change-outside-proof-te.kql","f8dd019b9456c8b7fd776f3ae57d473c8e2ba81375fe17737639972f2c0d0a61"
"OT-detection-program","02-detection/queries/sentinel/OTD-0121__engineering-workstation-reflective-memory-only-process-injec.kql","included","02-detection/queries/sentinel/OTD-0121__engineering-workstation-reflective-memory-only-process-injec.kql","02-detection/queries/sentinel/OTD-0121__engineering-workstation-reflective-memory-only-process-injec.kql","f6157ce60b3261766698e4a554433cb6854985e6074163b2dc94dfe7380ab694"
"OT-detection-program","02-detection/queries/sentinel/OTD-0122__mass-file-encryption-or-rename-activity-on-ot-historian-or-e.kql","included","02-detection/queries/sentinel/OTD-0122__mass-file-encryption-or-rename-activity-on-ot-historian-or-e.kql","02-detection/queries/sentinel/OTD-0122__mass-file-encryption-or-rename-activity-on-ot-historian-or-e.kql","fb82061dac87fdb6e404f831f7053b786efd84470959c121b74198c5747587ff"
"OT-detection-program","02-detection/queries/sentinel/OTD-0123__unitronics-vision-plc-default-port-access-bauxite-pattern.kql","included","02-detection/queries/sentinel/OTD-0123__unitronics-vision-plc-default-port-access-bauxite-pattern.kql","02-detection/queries/sentinel/OTD-0123__unitronics-vision-plc-default-port-access-bauxite-pattern.kql","10c280cce1f5102fc8cb3205e15ae6b4c3804c6bbb01d71350b7d4f2653b1b1e"
"OT-detection-program","02-detection/queries/sentinel/OTD-0124__hmi-display-screen-defacement-or-unauthorized-image-text-ove.kql","included","02-detection/queries/sentinel/OTD-0124__hmi-display-screen-defacement-or-unauthorized-image-text-ove.kql","02-detection/queries/sentinel/OTD-0124__hmi-display-screen-defacement-or-unauthorized-image-text-ove.kql","a664acd93bd02eb10fe10bfd2dd3177b9d208e69160a75eac03a20c03fab9982"
"OT-detection-program","02-detection/queries/sentinel/OTD-0125__post-unitronics-compromise-lateral-movement-via-smb-rdp-from.kql","included","02-detection/queries/sentinel/OTD-0125__post-unitronics-compromise-lateral-movement-via-smb-rdp-from.kql","02-detection/queries/sentinel/OTD-0125__post-unitronics-compromise-lateral-movement-via-smb-rdp-from.kql","7a54baa5bb303fefa403b9b262fa32308c302ea985ffb4101113e92652dc5f26"
"OT-detection-program","02-detection/queries/sentinel/OTD-0126__remote-management-tool-installation-on-ot-adjacent-host-mudd.kql","included","02-detection/queries/sentinel/OTD-0126__remote-management-tool-installation-on-ot-adjacent-host-mudd.kql","02-detection/queries/sentinel/OTD-0126__remote-management-tool-installation-on-ot-adjacent-host-mudd.kql","74a7a6af8ac94dadaacec867af3a6e2cb04a24658ba14054f811727d277fc682"
"OT-detection-program","02-detection/queries/sentinel/OTD-0127__bulk-exfiltration-of-ot-documentation-and-network-diagrams-m.kql","included","02-detection/queries/sentinel/OTD-0127__bulk-exfiltration-of-ot-documentation-and-network-diagrams-m.kql","02-detection/queries/sentinel/OTD-0127__bulk-exfiltration-of-ot-documentation-and-network-diagrams-m.kql","775fdfe992fccbcb7587a856f3ba4ec597de45830e834036d272ae7089677648"
"OT-detection-program","02-detection/queries/sentinel/OTD-0128__ransomware-precursor-lateral-movement-targeting-historian-or.kql","included","02-detection/queries/sentinel/OTD-0128__ransomware-precursor-lateral-movement-targeting-historian-or.kql","02-detection/queries/sentinel/OTD-0128__ransomware-precursor-lateral-movement-targeting-historian-or.kql","38219a80177af0539152e37db91e0852a77c66edacecb80b00fb5c897d7056ed"
"OT-detection-program","02-detection/queries/sentinel/OTD-0129__mass-file-transfer-appliance-exploitation-preceding-ot-docum.kql","included","02-detection/queries/sentinel/OTD-0129__mass-file-transfer-appliance-exploitation-preceding-ot-docum.kql","02-detection/queries/sentinel/OTD-0129__mass-file-transfer-appliance-exploitation-preceding-ot-docum.kql","cb0756eb37eb42713dc05d95b7d1cb71008d42dd1fca633a1d0341dd9049d5df"
"OT-detection-program","02-detection/queries/sentinel/OTD-0130__sensor-gateway-mass-filesystem-wipe-or-rs485-mbus-disruption.kql","included","02-detection/queries/sentinel/OTD-0130__sensor-gateway-mass-filesystem-wipe-or-rs485-mbus-disruption.kql","02-detection/queries/sentinel/OTD-0130__sensor-gateway-mass-filesystem-wipe-or-rs485-mbus-disruption.kql","66d888fe189907e3c8907360bf10ec97381b16d11dfa63a89fb5827e4b5752f1"
"OT-detection-program","02-detection/queries/sentinel/OTD-0131__coordinated-multi-site-scada-command-triggering-mass-manual.kql","included","02-detection/queries/sentinel/OTD-0131__coordinated-multi-site-scada-command-triggering-mass-manual.kql","02-detection/queries/sentinel/OTD-0131__coordinated-multi-site-scada-command-triggering-mass-manual.kql","a0733dd14540afdbbabfbaa5c9b17fd6e199ee65cb4747ed2260d885f4fa77ba"
"OT-detection-program","02-detection/queries/sentinel/OTD-0132__password-spray-against-cloud-identity-tenant-serving-ot-adja.kql","included","02-detection/queries/sentinel/OTD-0132__password-spray-against-cloud-identity-tenant-serving-ot-adja.kql","02-detection/queries/sentinel/OTD-0132__password-spray-against-cloud-identity-tenant-serving-ot-adja.kql","1af6e72d162d49e5f7b5b88ac512d44533ccaafe208af317682abcddfb1dd10d"
"OT-detection-program","02-detection/queries/sentinel/OTD-0133__security-event-log-cleared-on-ot-network-system.kql","included","02-detection/queries/sentinel/OTD-0133__security-event-log-cleared-on-ot-network-system.kql","02-detection/queries/sentinel/OTD-0133__security-event-log-cleared-on-ot-network-system.kql","c499f49b10efd7071610a9c66d730a7b235d00c9aa2ef8deac574bc30c4c210d"
"OT-detection-program","02-detection/queries/sentinel/OTD-0134__plc-configuration-drift-from-verified-offline-backup.kql","included","02-detection/queries/sentinel/OTD-0134__plc-configuration-drift-from-verified-offline-backup.kql","02-detection/queries/sentinel/OTD-0134__plc-configuration-drift-from-verified-offline-backup.kql","45ba05ebbd732c5b20915f4f6c84b9e5013a4978785822f312b6f161489f50b0"
"OT-detection-program","02-detection/queries/sentinel/OTD-0135__historian-query-pattern-anomaly-from-it-network-host.kql","included","02-detection/queries/sentinel/OTD-0135__historian-query-pattern-anomaly-from-it-network-host.kql","02-detection/queries/sentinel/OTD-0135__historian-query-pattern-anomaly-from-it-network-host.kql","36c34e639360e7243a9a07e3474dfb9ddb76f46e6e6282a20a79570088f79082"
"OT-detection-program","02-detection/queries/sentinel/OTD-0136__engineering-workstation-outbound-connection-to-infrastructur.kql","included","02-detection/queries/sentinel/OTD-0136__engineering-workstation-outbound-connection-to-infrastructur.kql","02-detection/queries/sentinel/OTD-0136__engineering-workstation-outbound-connection-to-infrastructur.kql","4744e35d4417908c55256151d3cffa61ffc3698f780d50aa78419fea69c2cd03"
"OT-detection-program","02-detection/queries/sentinel/OTD-0137__vendor-vpn-authentication-outside-approved-window-or-geograp.kql","included","02-detection/queries/sentinel/OTD-0137__vendor-vpn-authentication-outside-approved-window-or-geograp.kql","02-detection/queries/sentinel/OTD-0137__vendor-vpn-authentication-outside-approved-window-or-geograp.kql","d1e81e33adc5b97c911daabbe242741e97dd1332a1188f7f630ed3ff768c04b5"
"OT-detection-program","02-detection/queries/sentinel/OTD-0138__dormant-vendor-account-first-use-after-extended-inactivity.kql","included","02-detection/queries/sentinel/OTD-0138__dormant-vendor-account-first-use-after-extended-inactivity.kql","02-detection/queries/sentinel/OTD-0138__dormant-vendor-account-first-use-after-extended-inactivity.kql","08cf7c3e44b906de0f36242e5205b99fb3ae8c5f2106e0fe83b7927287211c3c"
"OT-detection-program","02-detection/queries/sentinel/OTD-0139__unauthenticated-modbus-dnp3-traffic-through-legacy-serial-to.kql","included","02-detection/queries/sentinel/OTD-0139__unauthenticated-modbus-dnp3-traffic-through-legacy-serial-to.kql","02-detection/queries/sentinel/OTD-0139__unauthenticated-modbus-dnp3-traffic-through-legacy-serial-to.kql","a847ccd5d4f809303f9300565daf0028c480fd5b3b4c0bddd80ba402ee2a5b43"
"OT-detection-program","02-detection/queries/sentinel/OTD-0140__unauthorized-association-to-industrial-wireless-network-wire.kql","included","02-detection/queries/sentinel/OTD-0140__unauthorized-association-to-industrial-wireless-network-wire.kql","02-detection/queries/sentinel/OTD-0140__unauthorized-association-to-industrial-wireless-network-wire.kql","4675421b2a3de9c33b39a6ad9dee4c1102cf16d4de4446431324b3eb1326e04f"
"OT-detection-program","02-detection/queries/sentinel/OTD-0141__ot-cloud-agent-unexpected-outbound-data-pathway.kql","included","02-detection/queries/sentinel/OTD-0141__ot-cloud-agent-unexpected-outbound-data-pathway.kql","02-detection/queries/sentinel/OTD-0141__ot-cloud-agent-unexpected-outbound-data-pathway.kql","db936f4a8f0cde6873caa0286ef2cf41f51d040e5612095128845deca4a90cdf"
"OT-detection-program","02-detection/queries/sentinel/OTD-0142__spearphishing-lure-execution-by-ot-engineering-personnel.kql","included","02-detection/queries/sentinel/OTD-0142__spearphishing-lure-execution-by-ot-engineering-personnel.kql","02-detection/queries/sentinel/OTD-0142__spearphishing-lure-execution-by-ot-engineering-personnel.kql","a95a22a8411226ec858801a657761362915fa00360ef21f1a6c59f8304c2f8b8"
"OT-detection-program","02-detection/queries/sentinel/OTD-0143__command-asdu-from-non-master.kql","included","02-detection/queries/sentinel/OTD-0143__command-asdu-from-non-master.kql","02-detection/queries/sentinel/OTD-0143__command-asdu-from-non-master.kql","3939f98f4e5d4aa35fe7fa8e7d7679cab225a3dfbee8b250dd09a22f105a82d1"
"OT-detection-program","02-detection/queries/sentinel/OTD-0144__setpoint-command.kql","included","02-detection/queries/sentinel/OTD-0144__setpoint-command.kql","02-detection/queries/sentinel/OTD-0144__setpoint-command.kql","4d1848b5144a7d715e5d2eaf0bdd2747f0b101a41e8292d5a4d335761c4ac6c2"
"OT-detection-program","02-detection/queries/sentinel/OTD-0145__interrogation-recon.kql","included","02-detection/queries/sentinel/OTD-0145__interrogation-recon.kql","02-detection/queries/sentinel/OTD-0145__interrogation-recon.kql","77f8bde2dc5c8df0dd70cee2fb6e6a2e98cbac5a155fd4f4f70335bce4f84dbb"
"OT-detection-program","02-detection/queries/sentinel/OTD-0146__clock-sync-reset-abuse.kql","included","02-detection/queries/sentinel/OTD-0146__clock-sync-reset-abuse.kql","02-detection/queries/sentinel/OTD-0146__clock-sync-reset-abuse.kql","b29f7ce3302445c9faa1009fc51be2b456058a918862ec963080f5f02e330d37"
"OT-detection-program","02-detection/queries/sentinel/OTD-0147__mms-control-operate-from-non-master.kql","included","02-detection/queries/sentinel/OTD-0147__mms-control-operate-from-non-master.kql","02-detection/queries/sentinel/OTD-0147__mms-control-operate-from-non-master.kql","5dce2f8dbdfe95e2c96b07171ae63fcab9fd411b84c973cba60469455c5e70ac"
"OT-detection-program","02-detection/queries/sentinel/OTD-0148__mms-write-to-named-variable.kql","included","02-detection/queries/sentinel/OTD-0148__mms-write-to-named-variable.kql","02-detection/queries/sentinel/OTD-0148__mms-write-to-named-variable.kql","6b3244cbb161e57e9638ed9e2171832af3d491ac1e243583a35618e24993b518"
"OT-detection-program","02-detection/queries/sentinel/OTD-0149__goose-stnum-sqnum-anomaly.kql","included","02-detection/queries/sentinel/OTD-0149__goose-stnum-sqnum-anomaly.kql","02-detection/queries/sentinel/OTD-0149__goose-stnum-sqnum-anomaly.kql","6553241e642ceb34ec88c651375e0df9f13361aa7e58c071e42869e190edf948"
"OT-detection-program","02-detection/queries/sentinel/OTD-0150__goose-from-unexpected-source.kql","included","02-detection/queries/sentinel/OTD-0150__goose-from-unexpected-source.kql","02-detection/queries/sentinel/OTD-0150__goose-from-unexpected-source.kql","f54a0d976e368d6cf6ed24f247928e93f8da2f61f1ebc8f555a084d3bc866c05"
"OT-detection-program","02-detection/queries/sentinel/OTD-0151__writeproperty-to-command-object.kql","included","02-detection/queries/sentinel/OTD-0151__writeproperty-to-command-object.kql","02-detection/queries/sentinel/OTD-0151__writeproperty-to-command-object.kql","9da11961bc7c7856dc85150411150d44ef21390cf41046236b8c577d26287047"
"OT-detection-program","02-detection/queries/sentinel/OTD-0152__who-is-sweep-recon.kql","included","02-detection/queries/sentinel/OTD-0152__who-is-sweep-recon.kql","02-detection/queries/sentinel/OTD-0152__who-is-sweep-recon.kql","c66b8497c1914ae0d45ed7ccb8cf9d91c1422c21a91cc47caf2f224b7a852924"
"OT-detection-program","02-detection/queries/sentinel/OTD-0153__devicecommunicationcontrol.kql","included","02-detection/queries/sentinel/OTD-0153__devicecommunicationcontrol.kql","02-detection/queries/sentinel/OTD-0153__devicecommunicationcontrol.kql","a13d4ca519148cf8efc626282750c648715b7ad1bca4f348a7dc4c5445a5829b"
"OT-detection-program","02-detection/queries/sentinel/OTD-0154__reinitializedevice.kql","included","02-detection/queries/sentinel/OTD-0154__reinitializedevice.kql","02-detection/queries/sentinel/OTD-0154__reinitializedevice.kql","82b3b8708b439e34545f8be8a1c6107076217e1d632424bd48d3b426dc2085e3"
"OT-detection-program","02-detection/queries/sentinel/OTD-0155__operate-from-non-master.kql","included","02-detection/queries/sentinel/OTD-0155__operate-from-non-master.kql","02-detection/queries/sentinel/OTD-0155__operate-from-non-master.kql","1e602a7ace43d5dd1e160287339ebb158ab24e48bf394db3aea64e64b8c21af6"
"OT-detection-program","02-detection/queries/sentinel/OTD-0156__unsolicited-response-anomaly.kql","included","02-detection/queries/sentinel/OTD-0156__unsolicited-response-anomaly.kql","02-detection/queries/sentinel/OTD-0156__unsolicited-response-anomaly.kql","faadb980c6087d014f6a4c31ad6045f6e100f5e7f9ef973f588806b244d3a4ce"
"OT-detection-program","02-detection/queries/sentinel/OTD-0157__tag-set-attribute-write-from-non-controller.kql","included","02-detection/queries/sentinel/OTD-0157__tag-set-attribute-write-from-non-controller.kql","02-detection/queries/sentinel/OTD-0157__tag-set-attribute-write-from-non-controller.kql","b8f3f8781854f393004bd05ad2bb86db845cd5666dcc946967f3d0049dc21a16"
"OT-detection-program","02-detection/queries/sentinel/OTD-0158__listidentity-sweep.kql","included","02-detection/queries/sentinel/OTD-0158__listidentity-sweep.kql","02-detection/queries/sentinel/OTD-0158__listidentity-sweep.kql","786d3e208eb855d1088efb411f077cd694081ce94998646188436394be4219aa"
"OT-detection-program","02-detection/queries/sentinel/OTD-0159__forward-open-from-unexpected-source.kql","included","02-detection/queries/sentinel/OTD-0159__forward-open-from-unexpected-source.kql","02-detection/queries/sentinel/OTD-0159__forward-open-from-unexpected-source.kql","438c76bce630130f17271e1ff70b599558278240459ddc0ad058138ef21c65e9"
"OT-detection-program","02-detection/queries/sentinel/OTD-0160__write-to-config-class.kql","included","02-detection/queries/sentinel/OTD-0160__write-to-config-class.kql","02-detection/queries/sentinel/OTD-0160__write-to-config-class.kql","c4fc0371ba9c84fd55e4fed01f85cb4b4afcf5fed6632ac475dd73e068ff12e0"
"OT-detection-program","02-detection/queries/sentinel/OTD-0161__anonymous-ftp-login-to-ot-device.kql","included","02-detection/queries/sentinel/OTD-0161__anonymous-ftp-login-to-ot-device.kql","02-detection/queries/sentinel/OTD-0161__anonymous-ftp-login-to-ot-device.kql","c709b82c22c09e08d53a702296d25b044030daf27a7a741ade02ed4433ac262a"
"OT-detection-program","02-detection/queries/sentinel/OTD-0162__ftp-brute-force.kql","included","02-detection/queries/sentinel/OTD-0162__ftp-brute-force.kql","02-detection/queries/sentinel/OTD-0162__ftp-brute-force.kql","541bd74dd9e24defe3645b3850b4adaefa08c1d50d112842b2c0a393323599f1"
"OT-detection-program","02-detection/queries/sentinel/OTD-0163__upload-to-a-control-device.kql","included","02-detection/queries/sentinel/OTD-0163__upload-to-a-control-device.kql","02-detection/queries/sentinel/OTD-0163__upload-to-a-control-device.kql","2162e1f69ae706b33e3719737112849c801f4525847b4179a488d7c7206f0800"
"OT-detection-program","02-detection/queries/sentinel/OTD-0164__firmware-project-file-transfer.kql","included","02-detection/queries/sentinel/OTD-0164__firmware-project-file-transfer.kql","02-detection/queries/sentinel/OTD-0164__firmware-project-file-transfer.kql","3d8a0f6dba8aacf50fb7a92a69e8f10162fa5512802f813e4bc2723f2cfb2828"
"OT-detection-program","02-detection/queries/sentinel/OTD-0165__web-login-brute-force.kql","included","02-detection/queries/sentinel/OTD-0165__web-login-brute-force.kql","02-detection/queries/sentinel/OTD-0165__web-login-brute-force.kql","665c3277ceed60c9a11b55bcc3838c6c516c0208bc7d5d6d907b5ffda47eb428"
"OT-detection-program","02-detection/queries/sentinel/OTD-0166__directory-endpoint-enumeration.kql","included","02-detection/queries/sentinel/OTD-0166__directory-endpoint-enumeration.kql","02-detection/queries/sentinel/OTD-0166__directory-endpoint-enumeration.kql","e3d6435e211e73aa7187a43b557da29164e5d74f919daff060be4948da3a8b7c"
"OT-detection-program","02-detection/queries/sentinel/OTD-0167__new-client-to-device-web-ui.kql","included","02-detection/queries/sentinel/OTD-0167__new-client-to-device-web-ui.kql","02-detection/queries/sentinel/OTD-0167__new-client-to-device-web-ui.kql","44b5be47fae38631c139fa8448fb54c9bb5f48eae57531efa50e816ff9681937"
"OT-detection-program","02-detection/queries/sentinel/OTD-0168__post-login-control-action.kql","included","02-detection/queries/sentinel/OTD-0168__post-login-control-action.kql","02-detection/queries/sentinel/OTD-0168__post-login-control-action.kql","23a493f75cd28e7cb0094c9fa069b4c96ef6e3ab908bd70225d7e211fe363d61"
"OT-detection-program","02-detection/queries/sentinel/OTD-0169__write-to-critical-register.kql","included","02-detection/queries/sentinel/OTD-0169__write-to-critical-register.kql","02-detection/queries/sentinel/OTD-0169__write-to-critical-register.kql","5d2d43eca0c4561e0b56e89c69f16a9c557e6db04cd76edff9062aa3256cad6a"
"OT-detection-program","02-detection/queries/sentinel/OTD-0170__diagnostic-abuse.kql","included","02-detection/queries/sentinel/OTD-0170__diagnostic-abuse.kql","02-detection/queries/sentinel/OTD-0170__diagnostic-abuse.kql","ed3859a8023c7fd29a9717ea5d62154f484b63a9fa487ff4af52868c97b34808"
"OT-detection-program","02-detection/queries/sentinel/OTD-0171__cross-zone-modbus.kql","included","02-detection/queries/sentinel/OTD-0171__cross-zone-modbus.kql","02-detection/queries/sentinel/OTD-0171__cross-zone-modbus.kql","781641d95f9d765ed903d14add33e9121e2150c04649f8147f37bd7dcdb8d6c8"
"OT-detection-program","02-detection/queries/sentinel/OTD-0172__publish-to-command-topic.kql","included","02-detection/queries/sentinel/OTD-0172__publish-to-command-topic.kql","02-detection/queries/sentinel/OTD-0172__publish-to-command-topic.kql","92bd99baea0c02678816dd8027aa894559804e89685e46fec99f5877db59be9e"
"OT-detection-program","02-detection/queries/sentinel/OTD-0173__wildcard-subscribe-mass-recon.kql","included","02-detection/queries/sentinel/OTD-0173__wildcard-subscribe-mass-recon.kql","02-detection/queries/sentinel/OTD-0173__wildcard-subscribe-mass-recon.kql","c9724fdf370cf08afbdc75ae9861c80c886bee940ae2228087f552d10ac36f42"
"OT-detection-program","02-detection/queries/sentinel/OTD-0174__anonymous-new-client-connect.kql","included","02-detection/queries/sentinel/OTD-0174__anonymous-new-client-connect.kql","02-detection/queries/sentinel/OTD-0174__anonymous-new-client-connect.kql","c5f5cda68ac6d9106966966094533cff3207d2e3959fa45b8d9c0d6c25dae93d"
"OT-detection-program","02-detection/queries/sentinel/OTD-0175__retained-message-tampering.kql","included","02-detection/queries/sentinel/OTD-0175__retained-message-tampering.kql","02-detection/queries/sentinel/OTD-0175__retained-message-tampering.kql","7881e3151e5dbfbd9f0afe9705b290f0ab64af29e92b761b3356341cf1195369"
"OT-detection-program","02-detection/queries/sentinel/OTD-0176__anonymous-none-session.kql","included","02-detection/queries/sentinel/OTD-0176__anonymous-none-session.kql","02-detection/queries/sentinel/OTD-0176__anonymous-none-session.kql","3f5fb2e2fbefe7a989491171c812270c4aa8f60ad3e394d695421d0bea66ebc3"
"OT-detection-program","02-detection/queries/sentinel/OTD-0177__write-to-command-node.kql","included","02-detection/queries/sentinel/OTD-0177__write-to-command-node.kql","02-detection/queries/sentinel/OTD-0177__write-to-command-node.kql","9502fa7fb9eee32bf08eb6219d4c4c9ec467c4cb8a9f430472f2dc35d9d62a46"
"OT-detection-program","02-detection/queries/sentinel/OTD-0178__callmethod-to-control-method.kql","included","02-detection/queries/sentinel/OTD-0178__callmethod-to-control-method.kql","02-detection/queries/sentinel/OTD-0178__callmethod-to-control-method.kql","e60e01093fefc7dafb3fc2ef722dbfea8d7751bcf2efd0f692c96de35cb688ed"
"OT-detection-program","02-detection/queries/sentinel/OTD-0179__browse-sweep-recon.kql","included","02-detection/queries/sentinel/OTD-0179__browse-sweep-recon.kql","02-detection/queries/sentinel/OTD-0179__browse-sweep-recon.kql","b7af155c4b5e0b2731105714e6925012bdaefeae07783f73a5a2a9dc71c64269"
"OT-detection-program","02-detection/queries/sentinel/OTD-0180__plc-stop-start.kql","included","02-detection/queries/sentinel/OTD-0180__plc-stop-start.kql","02-detection/queries/sentinel/OTD-0180__plc-stop-start.kql","e896645f5ecf41b37e4f983ff1541d6a0aa69b3489e60e1140ac38c615b3236d"
"OT-detection-program","02-detection/queries/sentinel/OTD-0181__program-upload-logic-theft.kql","included","02-detection/queries/sentinel/OTD-0181__program-upload-logic-theft.kql","02-detection/queries/sentinel/OTD-0181__program-upload-logic-theft.kql","7adadf3f0000f90452b8099b8954291c491ff5241547316627d2176186a40352"
"OT-detection-program","02-detection/queries/sentinel/OTD-0182__write-from-non-engineering-source.kql","included","02-detection/queries/sentinel/OTD-0182__write-from-non-engineering-source.kql","02-detection/queries/sentinel/OTD-0182__write-from-non-engineering-source.kql","c76574a2c881165123a60be1141f3e4ae5ae49bf8f4d84370a84cd01a5025c0f"
"OT-detection-program","02-detection/queries/sentinel/OTD-0183__szl-system-recon.kql","included","02-detection/queries/sentinel/OTD-0183__szl-system-recon.kql","02-detection/queries/sentinel/OTD-0183__szl-system-recon.kql","00b5246690b6e0d0e9ffad8113ac8fb158f7e840b9c3d2ba305550b7c16f0c0e"
"OT-detection-program","02-detection/queries/sentinel/OTD-0184__vertical-scan.kql","included","02-detection/queries/sentinel/OTD-0184__vertical-scan.kql","02-detection/queries/sentinel/OTD-0184__vertical-scan.kql","a00ee64a3634d2aab3bacf1b7c520729985140d39b35acfcd4ca1ba0ef1619a3"
"OT-detection-program","02-detection/queries/sentinel/OTD-0185__scan-from-unexpected-source.kql","included","02-detection/queries/sentinel/OTD-0185__scan-from-unexpected-source.kql","02-detection/queries/sentinel/OTD-0185__scan-from-unexpected-source.kql","a6e6b8371590fccf2d897fe37b890bad6befa857de53273f5ba1ca61b2f0c1c5"
"OT-detection-program","02-detection/queries/sentinel/OTD-0186__ot-control-port-probing.kql","included","02-detection/queries/sentinel/OTD-0186__ot-control-port-probing.kql","02-detection/queries/sentinel/OTD-0186__ot-control-port-probing.kql","f7535636f57957fcac87d14663d48e0731d48be1b9650ad6cffe973dc0ff39c6"
"OT-detection-program","02-detection/queries/sentinel/OTD-0187__vnc-to-a-control-host.kql","included","02-detection/queries/sentinel/OTD-0187__vnc-to-a-control-host.kql","02-detection/queries/sentinel/OTD-0187__vnc-to-a-control-host.kql","bccdc166cbf6002e311a0aafca73b9bf8f5fa62f6c7787b095d713d02f150fc0"
"OT-detection-program","02-detection/queries/sentinel/OTD-0188__vnc-from-unexpected-source.kql","included","02-detection/queries/sentinel/OTD-0188__vnc-from-unexpected-source.kql","02-detection/queries/sentinel/OTD-0188__vnc-from-unexpected-source.kql","b654f1060dd7e00e583f155916d8f2d0d86206854b9d125ef0d81b64ed69334a"
"OT-detection-program","02-detection/queries/sentinel/OTD-0189__post-session-engineering-activity.kql","included","02-detection/queries/sentinel/OTD-0189__post-session-engineering-activity.kql","02-detection/queries/sentinel/OTD-0189__post-session-engineering-activity.kql","1797bca311f1b959f0e6e9bb7d8aecef329decec40c43eb08d357538ab69f58a"
"OT-detection-program","02-detection/queries/sentinel/OTD-0190__cross-zone-vnc.kql","included","02-detection/queries/sentinel/OTD-0190__cross-zone-vnc.kql","02-detection/queries/sentinel/OTD-0190__cross-zone-vnc.kql","f94ccceaff34f7419632b95839a27d7614d7ce8d7a4935aa138ec7e9f98e8faa"
"OT-detection-program","02-detection/queries/sentinel/OTD-0197__encoded-suspicious-powershell.kql","included","02-detection/queries/sentinel/OTD-0197__encoded-suspicious-powershell.kql","02-detection/queries/sentinel/OTD-0197__encoded-suspicious-powershell.kql","7f812edf78db3d08e17deea3df83a978f100fad612bd0f497785454d32c7d5df"
"OT-detection-program","02-detection/queries/sentinel/OTD-0198__lolbin-abuse.kql","included","02-detection/queries/sentinel/OTD-0198__lolbin-abuse.kql","02-detection/queries/sentinel/OTD-0198__lolbin-abuse.kql","fa50147065890ff9751e819f3c5203385317d57e9f18aa75d9c0e692aacca9ed"
"OT-detection-program","02-detection/queries/sentinel/OTD-0199__credential-access-lsass.kql","included","02-detection/queries/sentinel/OTD-0199__credential-access-lsass.kql","02-detection/queries/sentinel/OTD-0199__credential-access-lsass.kql","1561e346b6157a6c3edf37588b168bf7337b3efaf2813fe05a268727c67e5cd8"
"OT-detection-program","02-detection/queries/sentinel/OTD-0200__persistence-run-key-startup.kql","included","02-detection/queries/sentinel/OTD-0200__persistence-run-key-startup.kql","02-detection/queries/sentinel/OTD-0200__persistence-run-key-startup.kql","3b19bb58bf898a07ff64f15c1fae4dee3ea19d4f3849cd0e243cf05f2ca61644"
"OT-detection-program","02-detection/queries/sentinel/OTD-0201__persistence-service-install.kql","included","02-detection/queries/sentinel/OTD-0201__persistence-service-install.kql","02-detection/queries/sentinel/OTD-0201__persistence-service-install.kql","09b752b1309193b4e21c3da32a55cc39a646f2aa82274ec37d300ffabf60d274"
"OT-detection-program","02-detection/queries/sentinel/OTD-0202__persistence-scheduled-task.kql","included","02-detection/queries/sentinel/OTD-0202__persistence-scheduled-task.kql","02-detection/queries/sentinel/OTD-0202__persistence-scheduled-task.kql","23742582ab9af980c067dcac936966cfe48a258b4cdb9592256f0a628df8a8e2"
"OT-detection-program","02-detection/queries/sentinel/OTD-0203__defense-evasion-log-clearing.kql","included","02-detection/queries/sentinel/OTD-0203__defense-evasion-log-clearing.kql","02-detection/queries/sentinel/OTD-0203__defense-evasion-log-clearing.kql","a2cca456202ad3d3ecbc05ff15ff01a46bd22c094bbba7aec80d13c5258b1992"
"OT-detection-program","02-detection/queries/sentinel/OTD-0204__defense-evasion-av-edr-tamper.kql","included","02-detection/queries/sentinel/OTD-0204__defense-evasion-av-edr-tamper.kql","02-detection/queries/sentinel/OTD-0204__defense-evasion-av-edr-tamper.kql","635763936a6ada657db2a72a340053a549cf688c5924bd2b8c50c0c8395945eb"
"OT-detection-program","02-detection/queries/sentinel/OTD-0205__suspicious-parent-child.kql","included","02-detection/queries/sentinel/OTD-0205__suspicious-parent-child.kql","02-detection/queries/sentinel/OTD-0205__suspicious-parent-child.kql","71015c8ca83f4469fc591c43215f563e43e7997f30867af5b7339b32300bcb79"
"OT-detection-program","02-detection/queries/sentinel/OTD-0206__masquerading-binary.kql","included","02-detection/queries/sentinel/OTD-0206__masquerading-binary.kql","02-detection/queries/sentinel/OTD-0206__masquerading-binary.kql","65616017f4bf37f0494cbe181cff24f39c8a81db560e0f144a2ce8df794888d6"
"OT-detection-program","02-detection/queries/sentinel/OTD-0207__internal-host-scanning.kql","included","02-detection/queries/sentinel/OTD-0207__internal-host-scanning.kql","02-detection/queries/sentinel/OTD-0207__internal-host-scanning.kql","6c79cc4847485223c1f7e57ecca51d04df0ebf109e5ceda759d0f7ca4c756628"
"OT-detection-program","02-detection/queries/sentinel/OTD-0208__new-east-west-peer-relationship.kql","included","02-detection/queries/sentinel/OTD-0208__new-east-west-peer-relationship.kql","02-detection/queries/sentinel/OTD-0208__new-east-west-peer-relationship.kql","89a168624317bcc71d25bdc1ca231ea48d632a173588f87d8065681d23e574ce"
"OT-detection-program","02-detection/queries/sentinel/OTD-0209__lateral-smb-admin-shares.kql","included","02-detection/queries/sentinel/OTD-0209__lateral-smb-admin-shares.kql","02-detection/queries/sentinel/OTD-0209__lateral-smb-admin-shares.kql","77f4f4e4d5764d258664207413c48bb39c5a0a7381e643adeb49f33e7b962a92"
"OT-detection-program","02-detection/queries/sentinel/OTD-0210__lateral-rdp-internal-spread.kql","included","02-detection/queries/sentinel/OTD-0210__lateral-rdp-internal-spread.kql","02-detection/queries/sentinel/OTD-0210__lateral-rdp-internal-spread.kql","6dee554a1ad2ba6e941c11d7868e0d1b42f5049de2aec939450131627b51a74a"
"OT-detection-program","02-detection/queries/sentinel/OTD-0211__lateral-wmi-winrm-exec.kql","included","02-detection/queries/sentinel/OTD-0211__lateral-wmi-winrm-exec.kql","02-detection/queries/sentinel/OTD-0211__lateral-wmi-winrm-exec.kql","4ea496b6290e8ae056d35ef8167a7c9050592fb340801de89f39778f2b7c4c1a"
"OT-detection-program","02-detection/queries/sentinel/OTD-0212__remote-service-creation-psexec-like.kql","included","02-detection/queries/sentinel/OTD-0212__remote-service-creation-psexec-like.kql","02-detection/queries/sentinel/OTD-0212__remote-service-creation-psexec-like.kql","a3291f9709fd5ccdb0adba6224f136bda8c1f1287579bb4626698485a5b90b28"
"OT-detection-program","02-detection/queries/sentinel/OTD-0213__pass-the-hash-anomalous-ntlm.kql","included","02-detection/queries/sentinel/OTD-0213__pass-the-hash-anomalous-ntlm.kql","02-detection/queries/sentinel/OTD-0213__pass-the-hash-anomalous-ntlm.kql","f697932bd70056423cf5490e14540dfab24b8dd1e6165a441837c9d5d9912a19"
"OT-detection-program","02-detection/queries/sentinel/OTD-0214__kerberoasting.kql","included","02-detection/queries/sentinel/OTD-0214__kerberoasting.kql","02-detection/queries/sentinel/OTD-0214__kerberoasting.kql","7f7d4d3429e024e9017a7f08ef8819ecb5fc7e784817a0623ffe513fa4c2f670"
"OT-detection-program","02-detection/queries/sentinel/OTD-0215__internal-dns-ad-recon.kql","included","02-detection/queries/sentinel/OTD-0215__internal-dns-ad-recon.kql","02-detection/queries/sentinel/OTD-0215__internal-dns-ad-recon.kql","cd42ba09203b2b99a58ecd8c7f4416d3cef2a04bb924473d9ab69086b5068f69"
"OT-detection-program","02-detection/queries/sentinel/OTD-0216__brute-force-single-account.kql","included","02-detection/queries/sentinel/OTD-0216__brute-force-single-account.kql","02-detection/queries/sentinel/OTD-0216__brute-force-single-account.kql","e51bd0c075c83d8e6c0a7fdaccc624200bce7c346c023bfc6ef5dc9d39ad70b0"
"OT-detection-program","02-detection/queries/sentinel/OTD-0217__password-spray.kql","included","02-detection/queries/sentinel/OTD-0217__password-spray.kql","02-detection/queries/sentinel/OTD-0217__password-spray.kql","8b0cf7f0e1cb8266c9b812482943df1cff1eb213f54d4dc22b99973c2f44e1b1"
"OT-detection-program","02-detection/queries/sentinel/OTD-0218__success-after-repeated-failures.kql","included","02-detection/queries/sentinel/OTD-0218__success-after-repeated-failures.kql","02-detection/queries/sentinel/OTD-0218__success-after-repeated-failures.kql","23b2f2e1ffcf58a106569ea67f3248ce4f34c2acd31a99b6e8eca9b84199ca1f"
"OT-detection-program","02-detection/queries/sentinel/OTD-0219__privilege-permission-change.kql","included","02-detection/queries/sentinel/OTD-0219__privilege-permission-change.kql","02-detection/queries/sentinel/OTD-0219__privilege-permission-change.kql","e530fba9f36a27d076e84f7fe74be1f9bb525d145f90a0ba736b79785be1a727"
"OT-detection-program","02-detection/queries/sentinel/OTD-0220__new-re-enabled-account-then-use.kql","included","02-detection/queries/sentinel/OTD-0220__new-re-enabled-account-then-use.kql","02-detection/queries/sentinel/OTD-0220__new-re-enabled-account-then-use.kql","23eb5141297cecaa9de509a2cbf008442449206ef76fd10dc39b944be08b29a9"
"OT-detection-program","02-detection/queries/sentinel/OTD-0221__impossible-travel-atypical-geo.kql","included","02-detection/queries/sentinel/OTD-0221__impossible-travel-atypical-geo.kql","02-detection/queries/sentinel/OTD-0221__impossible-travel-atypical-geo.kql","5c0821d26d0b6c840888e271013d43c3f2bc058a2b0f425c4799d29a0efeb522"
"OT-detection-program","02-detection/queries/sentinel/OTD-0222__off-hours-privileged-logon.kql","included","02-detection/queries/sentinel/OTD-0222__off-hours-privileged-logon.kql","02-detection/queries/sentinel/OTD-0222__off-hours-privileged-logon.kql","3d9f3df1d54dfa1b7647ab6e178608c5d78e1591785928236dfc7ab908ac3969"
"OT-detection-program","02-detection/queries/sentinel/OTD-0223__disabled-dormant-account-use.kql","included","02-detection/queries/sentinel/OTD-0223__disabled-dormant-account-use.kql","02-detection/queries/sentinel/OTD-0223__disabled-dormant-account-use.kql","4a8a1a31c8d57ebba72b2687543c066cce0135cba6dd4120d8e6fe3a51331d2d"
"OT-detection-program","02-detection/queries/sentinel/OTD-0224__mfa-fatigue.kql","included","02-detection/queries/sentinel/OTD-0224__mfa-fatigue.kql","02-detection/queries/sentinel/OTD-0224__mfa-fatigue.kql","866c4d68c5e578a4586e633c63eeaa18b6c7a7074bd739aa5bf1862b0428aa7d"
"OT-detection-program","02-detection/queries/sentinel/OTD-0225__ingress-egress-volume-baseline-deviation.kql","included","02-detection/queries/sentinel/OTD-0225__ingress-egress-volume-baseline-deviation.kql","02-detection/queries/sentinel/OTD-0225__ingress-egress-volume-baseline-deviation.kql","b705aa159210fc8d73216735cfc08457574932c772dcbe4e02f671111c7195bd"
"OT-detection-program","02-detection/queries/sentinel/OTD-0226__syn-flood.kql","included","02-detection/queries/sentinel/OTD-0226__syn-flood.kql","02-detection/queries/sentinel/OTD-0226__syn-flood.kql","be383201224e5190cd382753a430217ea5ed5eebc76879f6d8a7d8867cf073b7"
"OT-detection-program","02-detection/queries/sentinel/OTD-0227__udp-amplification-flood.kql","included","02-detection/queries/sentinel/OTD-0227__udp-amplification-flood.kql","02-detection/queries/sentinel/OTD-0227__udp-amplification-flood.kql","883baabe76f84454d6ab71b89ca4563dbae892c7ce41398059a253fe628b5138"
"OT-detection-program","02-detection/queries/sentinel/OTD-0228__connection-rate-spike-to-a-service.kql","included","02-detection/queries/sentinel/OTD-0228__connection-rate-spike-to-a-service.kql","02-detection/queries/sentinel/OTD-0228__connection-rate-spike-to-a-service.kql","4505b8bb3fa62183b758b3c718275a968ed96bd020d1e1072c186b5343984420"
"OT-detection-program","02-detection/queries/sentinel/OTD-0229__source-fan-in-ddos.kql","included","02-detection/queries/sentinel/OTD-0229__source-fan-in-ddos.kql","02-detection/queries/sentinel/OTD-0229__source-fan-in-ddos.kql","00690684e125d5e3702b470a492ff09e0b838780730733420471a7374ee7dce9"
"OT-detection-program","02-detection/queries/sentinel/OTD-0230__icmp-flood.kql","included","02-detection/queries/sentinel/OTD-0230__icmp-flood.kql","02-detection/queries/sentinel/OTD-0230__icmp-flood.kql","4e7de33e4fbd03b7757c2a666bb470941c1eb12ed1c25b4eab3f3bd3c01df9bc"
"OT-detection-program","02-detection/queries/sentinel/OTD-0231__perimeter-deny-surge.kql","included","02-detection/queries/sentinel/OTD-0231__perimeter-deny-surge.kql","02-detection/queries/sentinel/OTD-0231__perimeter-deny-surge.kql","fe51c8389f23663e62c10d0f1622be22686dba67b1bda16651db668f696c7a8e"
"OT-detection-program","02-detection/queries/sentinel/OTD-0232__resource-exhaustion-on-public-service.kql","included","02-detection/queries/sentinel/OTD-0232__resource-exhaustion-on-public-service.kql","02-detection/queries/sentinel/OTD-0232__resource-exhaustion-on-public-service.kql","910f0c3d8402480fd971e999f27390f647634def7f1aa09b1d3ef5ad5269404c"
"OT-detection-program","02-detection/queries/sentinel/OTD-0233__dns-tunnelling.kql","included","02-detection/queries/sentinel/OTD-0233__dns-tunnelling.kql","02-detection/queries/sentinel/OTD-0233__dns-tunnelling.kql","fab4a25dbc7562b3d7d76328f028a6892de0443479a54b1ad9ca9eda9754e131"
"OT-detection-program","02-detection/queries/sentinel/OTD-0234__dga-activity.kql","included","02-detection/queries/sentinel/OTD-0234__dga-activity.kql","02-detection/queries/sentinel/OTD-0234__dga-activity.kql","3c1bcf9d9f70e32aa209263fea8c4341bf78325000069c30ed9641fe058a6442"
"OT-detection-program","02-detection/queries/sentinel/OTD-0235__rare-new-external-domain.kql","included","02-detection/queries/sentinel/OTD-0235__rare-new-external-domain.kql","02-detection/queries/sentinel/OTD-0235__rare-new-external-domain.kql","8468bff99b2ba47953066f8bbdbff0ed11af61a9480d96840bd53edb97a6eedd"
"OT-detection-program","02-detection/queries/sentinel/OTD-0236__beaconing-c2.kql","included","02-detection/queries/sentinel/OTD-0236__beaconing-c2.kql","02-detection/queries/sentinel/OTD-0236__beaconing-c2.kql","6082e96cbbc5407fc66d85aabee44f2bf7341a9109df3523a71cbfd775a40ec0"
"OT-detection-program","02-detection/queries/sentinel/OTD-0237__connection-count-outlier.kql","included","02-detection/queries/sentinel/OTD-0237__connection-count-outlier.kql","02-detection/queries/sentinel/OTD-0237__connection-count-outlier.kql","b279097362d57722bac4eba31ebe433e4fe7cfe5e5d9fc0becbb16ffb2ef5bf6"
"OT-detection-program","02-detection/queries/sentinel/OTD-0238__data-volume-exfil-outlier.kql","included","02-detection/queries/sentinel/OTD-0238__data-volume-exfil-outlier.kql","02-detection/queries/sentinel/OTD-0238__data-volume-exfil-outlier.kql","c286865e60851fe79ed627b3110a674ca9c0e18e53c6455180052282d1a1d6c2"
"OT-detection-program","02-detection/queries/sentinel/OTD-0239__long-lived-high-byte-session.kql","included","02-detection/queries/sentinel/OTD-0239__long-lived-high-byte-session.kql","02-detection/queries/sentinel/OTD-0239__long-lived-high-byte-session.kql","f7aa849d9999b29ee557a7e31652b9cf1964afff9ceeb50e8c6b7277b261f729"
"OT-detection-program","02-detection/queries/sentinel/OTD-0240__doh-rare-resolver.kql","included","02-detection/queries/sentinel/OTD-0240__doh-rare-resolver.kql","02-detection/queries/sentinel/OTD-0240__doh-rare-resolver.kql","9d33772a3f9afb57743e95bd0e1c6d366f87ad983bb0f3714fe9a1ae9ff5aa6a"
"OT-detection-program","02-detection/queries/sentinel/OTD-0241__threat-intel-ioc-hit.kql","included","02-detection/queries/sentinel/OTD-0241__threat-intel-ioc-hit.kql","02-detection/queries/sentinel/OTD-0241__threat-intel-ioc-hit.kql","5276f8936642408f99296b16b6d18f8156fe39209630c3eb8be815c67f2d4d25"
"OT-detection-program","02-detection/queries/sentinel/OTD-0242__tor-usage.kql","included","02-detection/queries/sentinel/OTD-0242__tor-usage.kql","02-detection/queries/sentinel/OTD-0242__tor-usage.kql","c3ac3e829c64ea5e6dca7973f7598f0bad8347d50a3ca81e36874e23c680c605"
"OT-detection-program","02-detection/queries/sentinel/OTD-0243__crypto-mining.kql","included","02-detection/queries/sentinel/OTD-0243__crypto-mining.kql","02-detection/queries/sentinel/OTD-0243__crypto-mining.kql","25e07cf777ebfa14c749ea6dc854aebb75936a0b6d18f8b75851eb8ecddf3f61"
"OT-detection-program","02-detection/queries/sentinel/OTD-0244__p2p-torrent.kql","included","02-detection/queries/sentinel/OTD-0244__p2p-torrent.kql","02-detection/queries/sentinel/OTD-0244__p2p-torrent.kql","c9e8aa4b22b16f169dcd65a67f5323bed4efd96f7aafbd53ce797127deb22cdd"
"OT-detection-program","02-detection/queries/sentinel/OTD-0245__geo-prohibited-destination.kql","included","02-detection/queries/sentinel/OTD-0245__geo-prohibited-destination.kql","02-detection/queries/sentinel/OTD-0245__geo-prohibited-destination.kql","77e22cf044f404ceecdb77996a9b4f41af3fd2fd0c6d662488cc996ce13221bb"
"OT-detection-program","02-detection/queries/sentinel/OTD-0246__unauthorized-cloud-storage.kql","included","02-detection/queries/sentinel/OTD-0246__unauthorized-cloud-storage.kql","02-detection/queries/sentinel/OTD-0246__unauthorized-cloud-storage.kql","9e00db7992052ac4439b854b462d474abf2440cc01fbb5efe7e29426048a2a40"
"OT-detection-program","02-detection/queries/sentinel/OTD-0247__prohibited-cleartext-protocol.kql","included","02-detection/queries/sentinel/OTD-0247__prohibited-cleartext-protocol.kql","02-detection/queries/sentinel/OTD-0247__prohibited-cleartext-protocol.kql","f65a2b665bf02786bb87393f9c24b7577c9b49d353e3fe4075d92217bb94acf1"
"OT-detection-program","02-detection/queries/sentinel/OTD-0248__unauthorized-remote-access-tool.kql","included","02-detection/queries/sentinel/OTD-0248__unauthorized-remote-access-tool.kql","02-detection/queries/sentinel/OTD-0248__unauthorized-remote-access-tool.kql","b418e46ad1de7eb5afd6cef741d188e48dc21206ba75621b10350a2f84795d06"
"OT-detection-program","02-detection/queries/sentinel/OTD-0249__traffic-to-newly-registered-domain.kql","included","02-detection/queries/sentinel/OTD-0249__traffic-to-newly-registered-domain.kql","02-detection/queries/sentinel/OTD-0249__traffic-to-newly-registered-domain.kql","92437be87d975c8531ab153700fc78ae7a4142a79cf264ac2f9ba68c71fc3577"
"OT-detection-program","02-detection/queries/sentinel/OTD-0250__outbound-vertical-scan.kql","included","02-detection/queries/sentinel/OTD-0250__outbound-vertical-scan.kql","02-detection/queries/sentinel/OTD-0250__outbound-vertical-scan.kql","6f96f90873925f006043d6cf0af7beb8e9e129472774ba43ddf58749bde1320b"
"OT-detection-program","02-detection/queries/sentinel/OTD-0251__high-outbound-deny-rate.kql","included","02-detection/queries/sentinel/OTD-0251__high-outbound-deny-rate.kql","02-detection/queries/sentinel/OTD-0251__high-outbound-deny-rate.kql","332ab5ebd04d157b1bda9098a23acc6eeb12e30b4d6a3303ae82f5e854eb3817"
"OT-detection-program","02-detection/queries/sentinel/OTD-0252__web-login-brute-force.kql","included","02-detection/queries/sentinel/OTD-0252__web-login-brute-force.kql","02-detection/queries/sentinel/OTD-0252__web-login-brute-force.kql","84e03b1b9c873d1e1c19b48f5571dc2cc6fdfa1f99880e4468a1c05b91b0388f"
"OT-detection-program","02-detection/queries/sentinel/OTD-0253__directory-endpoint-enumeration.kql","included","02-detection/queries/sentinel/OTD-0253__directory-endpoint-enumeration.kql","02-detection/queries/sentinel/OTD-0253__directory-endpoint-enumeration.kql","81917a5b420eae2a3ec20ffa5361bb998b6ed617d94d2ebe30459684d29626cc"
"OT-detection-program","02-detection/queries/sentinel/OTD-0254__injection-patterns-sqli-xss-cmd.kql","included","02-detection/queries/sentinel/OTD-0254__injection-patterns-sqli-xss-cmd.kql","02-detection/queries/sentinel/OTD-0254__injection-patterns-sqli-xss-cmd.kql","f93d9b7e3d79efeb21d82b3901899d781740ace66dd67146b2d7f28f84314262"
"OT-detection-program","02-detection/queries/sentinel/OTD-0255__high-5xx-error-spike.kql","included","02-detection/queries/sentinel/OTD-0255__high-5xx-error-spike.kql","02-detection/queries/sentinel/OTD-0255__high-5xx-error-spike.kql","b8e68e8dc28285ef7e25ea1cdf62da1d7a1fe7e3487f5b52a1b9e2a2069c17ff"
"OT-detection-program","02-detection/queries/sentinel/OTD-0256__suspicious-user-agent-tool.kql","included","02-detection/queries/sentinel/OTD-0256__suspicious-user-agent-tool.kql","02-detection/queries/sentinel/OTD-0256__suspicious-user-agent-tool.kql","8cb740f59d0aba61089a7c6ca04db1ea4f23eb8935ae51c547ccb5cfae31558c"
"OT-detection-program","02-detection/queries/sentinel/OTD-0257__web-shell-indicators.kql","included","02-detection/queries/sentinel/OTD-0257__web-shell-indicators.kql","02-detection/queries/sentinel/OTD-0257__web-shell-indicators.kql","e6a89b4deaef57e343a875fd58f55a42f85b7be23b282e83c8c0bd9f284a83fb"
"OT-detection-program","02-detection/queries/splunk/OTD-0001__external-remote-services-abuse-into-ot-dmz.spl","included","02-detection/queries/splunk/OTD-0001__external-remote-services-abuse-into-ot-dmz.spl","02-detection/queries/splunk/OTD-0001__external-remote-services-abuse-into-ot-dmz.spl","29e4a53ca577470fdbef9ffd1e7bab97932b27195f9d0a91b55e9e1caa1756ff"
"OT-detection-program","02-detection/queries/splunk/OTD-0002__internet-accessible-ics-device-exposure.spl","included","02-detection/queries/splunk/OTD-0002__internet-accessible-ics-device-exposure.spl","02-detection/queries/splunk/OTD-0002__internet-accessible-ics-device-exposure.spl","b873f8eeb8ed8901c532a4e527f81351c078d47a576e7593800b7907a7294d08"
"OT-detection-program","02-detection/queries/splunk/OTD-0003__unauthorized-modbus-write-to-coils-registers.spl","included","02-detection/queries/splunk/OTD-0003__unauthorized-modbus-write-to-coils-registers.spl","02-detection/queries/splunk/OTD-0003__unauthorized-modbus-write-to-coils-registers.spl","d3fcb9f2719cbf9aff204a12e31a1421402fd47fe845b5d52ad6edc9b58af903"
"OT-detection-program","02-detection/queries/splunk/OTD-0004__modbus-fc08-diagnostic-restart-listen-only.spl","included","02-detection/queries/splunk/OTD-0004__modbus-fc08-diagnostic-restart-listen-only.spl","02-detection/queries/splunk/OTD-0004__modbus-fc08-diagnostic-restart-listen-only.spl","ae7b850f2965191c3771f40bd67ccd0a51e597b4b94e1128f614df1102b61d6c"
"OT-detection-program","02-detection/queries/splunk/OTD-0005__s7comm-stop-cpu-command.spl","included","02-detection/queries/splunk/OTD-0005__s7comm-stop-cpu-command.spl","02-detection/queries/splunk/OTD-0005__s7comm-stop-cpu-command.spl","8ac0ce9b66d0ccf0763be72bc492cb342f1142f72a0265ec9c69975eae79b62b"
"OT-detection-program","02-detection/queries/splunk/OTD-0006__s7comm-program-logic-download-to-plc.spl","included","02-detection/queries/splunk/OTD-0006__s7comm-program-logic-download-to-plc.spl","02-detection/queries/splunk/OTD-0006__s7comm-program-logic-download-to-plc.spl","9d134c518255d463046716107eb4a11d77d9940a406e8a146e6ca8af659ed39d"
"OT-detection-program","02-detection/queries/splunk/OTD-0007__dnp3-cold-warm-restart-function.spl","included","02-detection/queries/splunk/OTD-0007__dnp3-cold-warm-restart-function.spl","02-detection/queries/splunk/OTD-0007__dnp3-cold-warm-restart-function.spl","2ffbbb5fe6153805ccd27dcf3a7db2855196cb7d6f5b83911d6b4a0732ace5a4"
"OT-detection-program","02-detection/queries/splunk/OTD-0008__dnp3-disable-unsolicited-responses.spl","included","02-detection/queries/splunk/OTD-0008__dnp3-disable-unsolicited-responses.spl","02-detection/queries/splunk/OTD-0008__dnp3-disable-unsolicited-responses.spl","d4bc81f74cd95b9da7627f9ade74bd1482dba7f5c6b91b6ff463ab3422de7d60"
"OT-detection-program","02-detection/queries/splunk/OTD-0009__iec-104-unauthorized-control-from-non-ews.spl","included","02-detection/queries/splunk/OTD-0009__iec-104-unauthorized-control-from-non-ews.spl","02-detection/queries/splunk/OTD-0009__iec-104-unauthorized-control-from-non-ews.spl","6d91b2e3a39343daca18c3fa73e9abbd94a343a3a9c1cc0da3670ff5ff1617f8"
"OT-detection-program","02-detection/queries/splunk/OTD-0010__iec-61850-goose-spoofing-manipulation.spl","included","02-detection/queries/splunk/OTD-0010__iec-61850-goose-spoofing-manipulation.spl","02-detection/queries/splunk/OTD-0010__iec-61850-goose-spoofing-manipulation.spl","705e302871236a5569663e10e8766d5ca292f65b526ecdf1f9e4341b6d8ae206"
"OT-detection-program","02-detection/queries/splunk/OTD-0011__opc-ua-anonymous-unencrypted-session.spl","included","02-detection/queries/splunk/OTD-0011__opc-ua-anonymous-unencrypted-session.spl","02-detection/queries/splunk/OTD-0011__opc-ua-anonymous-unencrypted-session.spl","1370df2267f1d0b6fe0c20038ff897dc9a2822a3039a965580a3c4adebd5fad3"
"OT-detection-program","02-detection/queries/splunk/OTD-0012__ethernet-ip-cip-firmware-update-to-controller.spl","included","02-detection/queries/splunk/OTD-0012__ethernet-ip-cip-firmware-update-to-controller.spl","02-detection/queries/splunk/OTD-0012__ethernet-ip-cip-firmware-update-to-controller.spl","f0cb4b978f803d833543d8f1c0f302255912d187261817b5c613c8b597a5b8b4"
"OT-detection-program","02-detection/queries/splunk/OTD-0013__active-network-scan-of-ot-subnet.spl","included","02-detection/queries/splunk/OTD-0013__active-network-scan-of-ot-subnet.spl","02-detection/queries/splunk/OTD-0013__active-network-scan-of-ot-subnet.spl","46481ee60a6c2331e8b2296c4b70ab7b2be9bf02e88c77d2ddb63f8b3bc64cd4"
"OT-detection-program","02-detection/queries/splunk/OTD-0014__new-unauthorized-node-on-ot-segment.spl","included","02-detection/queries/splunk/OTD-0014__new-unauthorized-node-on-ot-segment.spl","02-detection/queries/splunk/OTD-0014__new-unauthorized-node-on-ot-segment.spl","21a80374190b90388a21c4794b22051f36ae7a833b73a82b7f5ed92fb540838a"
"OT-detection-program","02-detection/queries/splunk/OTD-0015__rogue-engineering-workstation-to-plc.spl","included","02-detection/queries/splunk/OTD-0015__rogue-engineering-workstation-to-plc.spl","02-detection/queries/splunk/OTD-0015__rogue-engineering-workstation-to-plc.spl","b585fb38edcf5f398ad936eeec84858820d62070fb8a6056a65e88934bda0ad9"
"OT-detection-program","02-detection/queries/splunk/OTD-0016__alarm-suppression-modify-alarm-settings.spl","included","02-detection/queries/splunk/OTD-0016__alarm-suppression-modify-alarm-settings.spl","02-detection/queries/splunk/OTD-0016__alarm-suppression-modify-alarm-settings.spl","f03fb734a75514696269311260b3a17075ba308ce1c3c23e84dfa81794cd3eca"
"OT-detection-program","02-detection/queries/splunk/OTD-0017__sis-key-switch-in-program-mode.spl","included","02-detection/queries/splunk/OTD-0017__sis-key-switch-in-program-mode.spl","02-detection/queries/splunk/OTD-0017__sis-key-switch-in-program-mode.spl","bcf5f5cb60d00b6c19a7599934540027f6d6d95adffe31d3f9fc4a9363843b1b"
"OT-detection-program","02-detection/queries/splunk/OTD-0018__malware-transfer-via-smb-in-ot.spl","included","02-detection/queries/splunk/OTD-0018__malware-transfer-via-smb-in-ot.spl","02-detection/queries/splunk/OTD-0018__malware-transfer-via-smb-in-ot.spl","4a1e949e35e39a1b1df7416ccef0c0ede666bf2807087cc8f1c06a46f59abfb6"
"OT-detection-program","02-detection/queries/splunk/OTD-0019__known-bad-c2-malicious-ip-contact-from-ot.spl","included","02-detection/queries/splunk/OTD-0019__known-bad-c2-malicious-ip-contact-from-ot.spl","02-detection/queries/splunk/OTD-0019__known-bad-c2-malicious-ip-contact-from-ot.spl","46a5bce4c675f4116c6cc7740600463fcc4830103882f87f7e107c33f07eb62f"
"OT-detection-program","02-detection/queries/splunk/OTD-0020__removable-media-introduced-to-ot-asset.spl","included","02-detection/queries/splunk/OTD-0020__removable-media-introduced-to-ot-asset.spl","02-detection/queries/splunk/OTD-0020__removable-media-introduced-to-ot-asset.spl","7947c50781412ccb21c4f4adda9dbe51778842baac029d7df5430070393eb702"
"OT-detection-program","02-detection/queries/splunk/OTD-0021__modbus-enumeration-and-point-tag-id.spl","included","02-detection/queries/splunk/OTD-0021__modbus-enumeration-and-point-tag-id.spl","02-detection/queries/splunk/OTD-0021__modbus-enumeration-and-point-tag-id.spl","527b2cb5e26d7b13e71faaf60fc6b1a3fa9b43eb3e183e42f437273152a6e816"
"OT-detection-program","02-detection/queries/splunk/OTD-0022__brute-force-repeated-failed-ot-auth.spl","included","02-detection/queries/splunk/OTD-0022__brute-force-repeated-failed-ot-auth.spl","02-detection/queries/splunk/OTD-0022__brute-force-repeated-failed-ot-auth.spl","57523a94f653d7223996d16b3d461440cd12a9f25ef9c06b85a783d866b6e3cc"
"OT-detection-program","02-detection/queries/splunk/OTD-0023__denial-of-service-flood-against-controller.spl","included","02-detection/queries/splunk/OTD-0023__denial-of-service-flood-against-controller.spl","02-detection/queries/splunk/OTD-0023__denial-of-service-flood-against-controller.spl","7b9f2e4015a9a469ad78718afa7a5dcdfc2440a767e82ce7c1dd0738e7cb01a4"
"OT-detection-program","02-detection/queries/splunk/OTD-0024__historian-operational-data-exfiltration.spl","included","02-detection/queries/splunk/OTD-0024__historian-operational-data-exfiltration.spl","02-detection/queries/splunk/OTD-0024__historian-operational-data-exfiltration.spl","68cfb4cb51211d79c1bd69bc5b694fda2330d303a55b0a080ccab71eea0f3591"
"OT-detection-program","02-detection/queries/splunk/OTD-0025__time-sync-ntp-manipulation-affecting-soe.spl","included","02-detection/queries/splunk/OTD-0025__time-sync-ntp-manipulation-affecting-soe.spl","02-detection/queries/splunk/OTD-0025__time-sync-ntp-manipulation-affecting-soe.spl","72250fa8328623570ecced6c12101c909a24c8d9841323ca8b55278dddfb32ae"
"OT-detection-program","02-detection/queries/splunk/OTD-0026__unauthorized-wireless-cellular-modem-access.spl","included","02-detection/queries/splunk/OTD-0026__unauthorized-wireless-cellular-modem-access.spl","02-detection/queries/splunk/OTD-0026__unauthorized-wireless-cellular-modem-access.spl","80fea31b9131c6f29a6f4c655d1fb8e6fe31299f5fbc96a86745cc0494319af1"
"OT-detection-program","02-detection/queries/splunk/OTD-0027__plc-operating-mode-change-to-program-remote.spl","included","02-detection/queries/splunk/OTD-0027__plc-operating-mode-change-to-program-remote.spl","02-detection/queries/splunk/OTD-0027__plc-operating-mode-change-to-program-remote.spl","45ba188372313542949dcc7079212fa23bbe14e1a3ec61703f7d6c4265c36c7b"
"OT-detection-program","02-detection/queries/splunk/OTD-0028__unsigned-downgrade-firmware-load.spl","included","02-detection/queries/splunk/OTD-0028__unsigned-downgrade-firmware-load.spl","02-detection/queries/splunk/OTD-0028__unsigned-downgrade-firmware-load.spl","21288e6d704baac0857a5e3ce6fe49f481b564b010c25c32806b9523ab0e59d8"
"OT-detection-program","02-detection/queries/splunk/OTD-0029__control-to-safety-write-command.spl","included","02-detection/queries/splunk/OTD-0029__control-to-safety-write-command.spl","02-detection/queries/splunk/OTD-0029__control-to-safety-write-command.spl","7fe1a2fd2346ed52065ef48d4fa91feb640b7c9fac3dc1e70a23d7f0a746bd16"
"OT-detection-program","02-detection/queries/splunk/OTD-0030__new-comms-path-into-sis-zone.spl","included","02-detection/queries/splunk/OTD-0030__new-comms-path-into-sis-zone.spl","02-detection/queries/splunk/OTD-0030__new-comms-path-into-sis-zone.spl","4a8ed6643755e44dcb06681fe53c46f2df7b72978134ef73321b05920a1002cd"
"OT-detection-program","02-detection/queries/splunk/OTD-0031__reversed-data-direction-at-boundary.spl","included","02-detection/queries/splunk/OTD-0031__reversed-data-direction-at-boundary.spl","02-detection/queries/splunk/OTD-0031__reversed-data-direction-at-boundary.spl","ee849a9f0ab290c281da800c9a52d57f3ec8787474711085f073cad83c8ce6fd"
"OT-detection-program","02-detection/queries/splunk/OTD-0032__sis-traffic-bypassing-sanctioned-gateway.spl","included","02-detection/queries/splunk/OTD-0032__sis-traffic-bypassing-sanctioned-gateway.spl","02-detection/queries/splunk/OTD-0032__sis-traffic-bypassing-sanctioned-gateway.spl","a86df6850fb3c0240fb8ffd7e6ea1f4910c47a2f189f31c97fa572147eb250f6"
"OT-detection-program","02-detection/queries/splunk/OTD-0033__sis-program-download.spl","included","02-detection/queries/splunk/OTD-0033__sis-program-download.spl","02-detection/queries/splunk/OTD-0033__sis-program-download.spl","554b2f28d38c11e03400ee7994c2a826296fef17fd2454482435096777fdf70b"
"OT-detection-program","02-detection/queries/splunk/OTD-0034__sis-program-upload.spl","included","02-detection/queries/splunk/OTD-0034__sis-program-upload.spl","02-detection/queries/splunk/OTD-0034__sis-program-upload.spl","f56e30ed6014a62ea4e801e766f26fa71b6efe8da87dc05469e628981fc810fe"
"OT-detection-program","02-detection/queries/splunk/OTD-0035__key-switch-mode-to-program-remote.spl","included","02-detection/queries/splunk/OTD-0035__key-switch-mode-to-program-remote.spl","02-detection/queries/splunk/OTD-0035__key-switch-mode-to-program-remote.spl","fa5232e51992db2b9335c88e1e044eb074e59d47beb9a0a10c1260b87a87a33f"
"OT-detection-program","02-detection/queries/splunk/OTD-0036__sis-logic-differs-from-golden-baseline.spl","included","02-detection/queries/splunk/OTD-0036__sis-logic-differs-from-golden-baseline.spl","02-detection/queries/splunk/OTD-0036__sis-logic-differs-from-golden-baseline.spl","20258721f84aa18083595906fdc12c44bddfe2143b2a43c33f30228b816b3295"
"OT-detection-program","02-detection/queries/splunk/OTD-0037__sis-firmware-change.spl","included","02-detection/queries/splunk/OTD-0037__sis-firmware-change.spl","02-detection/queries/splunk/OTD-0037__sis-firmware-change.spl","3ed76a2ac09b3b0d9838ade2efa8a4dd44f776697e8a9b89125d1b153e8cc93e"
"OT-detection-program","02-detection/queries/splunk/OTD-0038__sis-engineering-off-window-new-host.spl","included","02-detection/queries/splunk/OTD-0038__sis-engineering-off-window-new-host.spl","02-detection/queries/splunk/OTD-0038__sis-engineering-off-window-new-host.spl","aca3666117dc922250a7d1a99d0e27c2bdbd206f35000e39044463af94db10e3"
"OT-detection-program","02-detection/queries/splunk/OTD-0039__safety-pv-trending-toward-trip.spl","included","02-detection/queries/splunk/OTD-0039__safety-pv-trending-toward-trip.spl","02-detection/queries/splunk/OTD-0039__safety-pv-trending-toward-trip.spl","07af65bc766e007a187543fc2c6ed07183e8e71e0e4752f8f9ebe23cd041a859"
"OT-detection-program","02-detection/queries/splunk/OTD-0040__trip-setpoint-safety-parameter-modification.spl","included","02-detection/queries/splunk/OTD-0040__trip-setpoint-safety-parameter-modification.spl","02-detection/queries/splunk/OTD-0040__trip-setpoint-safety-parameter-modification.spl","015d95e7a40393ec569b95c75ce4a8c87cdff92397781f84d9f1a9838b0e7518"
"OT-detection-program","02-detection/queries/splunk/OTD-0041__unexpected-sif-trip-demand.spl","included","02-detection/queries/splunk/OTD-0041__unexpected-sif-trip-demand.spl","02-detection/queries/splunk/OTD-0041__unexpected-sif-trip-demand.spl","5ceb161f051ab9ba8da3bff048c4d5070e6feba23ea8ca79b927c3cc85c18cd2"
"OT-detection-program","02-detection/queries/splunk/OTD-0042__expected-trip-absent-alarm-suppression.spl","included","02-detection/queries/splunk/OTD-0042__expected-trip-absent-alarm-suppression.spl","02-detection/queries/splunk/OTD-0042__expected-trip-absent-alarm-suppression.spl","2980a436412d1cd97f646811a0fb8a18e50d2526c193725eb4ee437825bb343f"
"OT-detection-program","02-detection/queries/splunk/OTD-0043__final-element-command-response-mismatch.spl","included","02-detection/queries/splunk/OTD-0043__final-element-command-response-mismatch.spl","02-detection/queries/splunk/OTD-0043__final-element-command-response-mismatch.spl","ce66c0aaaeba834fadff4fb53cd00d77d9b16ca2ddf6bd1c588e91cf029546be"
"OT-detection-program","02-detection/queries/splunk/OTD-0044__de-energize-to-trip-circuit-anomaly.spl","included","02-detection/queries/splunk/OTD-0044__de-energize-to-trip-circuit-anomaly.spl","02-detection/queries/splunk/OTD-0044__de-energize-to-trip-circuit-anomaly.spl","83ee30224579e052934719689e0da2a88878a5d57ecd74db8aa876c428f8c7ae"
"OT-detection-program","02-detection/queries/splunk/OTD-0045__voting-degradation.spl","included","02-detection/queries/splunk/OTD-0045__voting-degradation.spl","02-detection/queries/splunk/OTD-0045__voting-degradation.spl","691de82b0a0480a75ec197fde1fa9b1d96f55a03723d30caec082de313613961"
"OT-detection-program","02-detection/queries/splunk/OTD-0046__redundant-safety-sensor-disagreement.spl","included","02-detection/queries/splunk/OTD-0046__redundant-safety-sensor-disagreement.spl","02-detection/queries/splunk/OTD-0046__redundant-safety-sensor-disagreement.spl","0869a285f714be9ad32c0620114e586671cea8243f3e795b69a5fce5738efbc3"
"OT-detection-program","02-detection/queries/splunk/OTD-0047__frozen-replayed-safety-input.spl","included","02-detection/queries/splunk/OTD-0047__frozen-replayed-safety-input.spl","02-detection/queries/splunk/OTD-0047__frozen-replayed-safety-input.spl","6153fb730a933bb691d4ce63f2ab1a59a3adf0c141f1417ff054cf916d9d1e99"
"OT-detection-program","02-detection/queries/splunk/OTD-0048__loss-of-independence-shared-bpcs-input.spl","included","02-detection/queries/splunk/OTD-0048__loss-of-independence-shared-bpcs-input.spl","02-detection/queries/splunk/OTD-0048__loss-of-independence-shared-bpcs-input.spl","b466f382ff65bcb26829e8bd3a61c942ff13eebd34994e62a761314db1269d76"
"OT-detection-program","02-detection/queries/splunk/OTD-0049__safety-input-bad-quality-spike.spl","included","02-detection/queries/splunk/OTD-0049__safety-input-bad-quality-spike.spl","02-detection/queries/splunk/OTD-0049__safety-input-bad-quality-spike.spl","e80cb26a470ee3d7d040bce5232b625744e28ef8dcb75afe823eec83d7395773"
"OT-detection-program","02-detection/queries/splunk/OTD-0050__sif-bypass-inhibit-activated.spl","included","02-detection/queries/splunk/OTD-0050__sif-bypass-inhibit-activated.spl","02-detection/queries/splunk/OTD-0050__sif-bypass-inhibit-activated.spl","5599614af6f2371fb5138bc83a4db711d4778da1f94b6efff082f3792d33d54b"
"OT-detection-program","02-detection/queries/splunk/OTD-0051__long-duration-overdue-bypass.spl","included","02-detection/queries/splunk/OTD-0051__long-duration-overdue-bypass.spl","02-detection/queries/splunk/OTD-0051__long-duration-overdue-bypass.spl","d2b469249173949f586607dcc0ea9b2e5b0673db05bdc9c7245c6dc262ecb7d5"
"OT-detection-program","02-detection/queries/splunk/OTD-0052__bypass-from-unexpected-source-off-window.spl","included","02-detection/queries/splunk/OTD-0052__bypass-from-unexpected-source-off-window.spl","02-detection/queries/splunk/OTD-0052__bypass-from-unexpected-source-off-window.spl","101f90b2984019c731e392f5d12a2403ad474d26630ba6649cc74ecb7e35c29d"
"OT-detection-program","02-detection/queries/splunk/OTD-0053__forced-i-o-on-safety-controller.spl","included","02-detection/queries/splunk/OTD-0053__forced-i-o-on-safety-controller.spl","02-detection/queries/splunk/OTD-0053__forced-i-o-on-safety-controller.spl","304044aaca37c350fe12d66bb60d5afb40b8431c8389a86953d706f21f8515af"
"OT-detection-program","02-detection/queries/splunk/OTD-0054__multiple-simultaneous-bypasses.spl","included","02-detection/queries/splunk/OTD-0054__multiple-simultaneous-bypasses.spl","02-detection/queries/splunk/OTD-0054__multiple-simultaneous-bypasses.spl","764583f1f5d16f2de518a9328657f7a7ec0c8fd1db3ccdd01918899b9ee9c23e"
"OT-detection-program","02-detection/queries/splunk/OTD-0055__sis-bpcs-comm-loss-loss-of-view.spl","included","02-detection/queries/splunk/OTD-0055__sis-bpcs-comm-loss-loss-of-view.spl","02-detection/queries/splunk/OTD-0055__sis-bpcs-comm-loss-loss-of-view.spl","511dca4eabdfcda7c9af32ab43797f8b7dd6ea59d6abb2e126f23c87aa078c62"
"OT-detection-program","02-detection/queries/splunk/OTD-0056__sis-diagnostic-fault-degraded-module.spl","included","02-detection/queries/splunk/OTD-0056__sis-diagnostic-fault-degraded-module.spl","02-detection/queries/splunk/OTD-0056__sis-diagnostic-fault-degraded-module.spl","4bf98920e179319c71de016c8aaa25ac7a3f55f41872adf29927caca341116a7"
"OT-detection-program","02-detection/queries/splunk/OTD-0057__spurious-trip-rate-anomaly.spl","included","02-detection/queries/splunk/OTD-0057__spurious-trip-rate-anomaly.spl","02-detection/queries/splunk/OTD-0057__spurious-trip-rate-anomaly.spl","b3b2d31efa1a013fd5db64300168294bd5254a4da0ff61476e76fa5967c6e0a9"
"OT-detection-program","02-detection/queries/splunk/OTD-0058__sis-controller-restart-power-event.spl","included","02-detection/queries/splunk/OTD-0058__sis-controller-restart-power-event.spl","02-detection/queries/splunk/OTD-0058__sis-controller-restart-power-event.spl","638dd159322c5ae22cbd590da5746115ef8dca1fdcb81f754e2774cbd3c09239"
"OT-detection-program","02-detection/queries/splunk/OTD-0059__sis-time-clock-skew.spl","included","02-detection/queries/splunk/OTD-0059__sis-time-clock-skew.spl","02-detection/queries/splunk/OTD-0059__sis-time-clock-skew.spl","282b1052105b52241cd48af56ca82f601e80193eb9cd23ee6b10a0d29e2a4846"
"OT-detection-program","02-detection/queries/splunk/OTD-0060__modbus-exception-response-flood-possible-scanning-or-fuzzing.spl","included","02-detection/queries/splunk/OTD-0060__modbus-exception-response-flood-possible-scanning-or-fuzzing.spl","02-detection/queries/splunk/OTD-0060__modbus-exception-response-flood-possible-scanning-or-fuzzing.spl","f4346a954d95b83244d76805cdf98850dcc940b43e93b314cb416dc61471a725"
"OT-detection-program","02-detection/queries/splunk/OTD-0061__modbus-write-to-coil-register-outside-approved-change-window.spl","included","02-detection/queries/splunk/OTD-0061__modbus-write-to-coil-register-outside-approved-change-window.spl","02-detection/queries/splunk/OTD-0061__modbus-write-to-coil-register-outside-approved-change-window.spl","e5b1fb5f7204917d3b96fb48101d9acda637603097886dc1691e96897d996fca"
"OT-detection-program","02-detection/queries/splunk/OTD-0062__dnp3-direct-operate-without-preceding-select-bypass-of-selec.spl","included","02-detection/queries/splunk/OTD-0062__dnp3-direct-operate-without-preceding-select-bypass-of-selec.spl","02-detection/queries/splunk/OTD-0062__dnp3-direct-operate-without-preceding-select-bypass-of-selec.spl","9850910d8a3bd10a094304d2d02fdb144167b9b4078507b5b276b05c9135f64f"
"OT-detection-program","02-detection/queries/splunk/OTD-0063__dnp3-crob-control-command-outside-maintenance-window.spl","included","02-detection/queries/splunk/OTD-0063__dnp3-crob-control-command-outside-maintenance-window.spl","02-detection/queries/splunk/OTD-0063__dnp3-crob-control-command-outside-maintenance-window.spl","28b3909d99f4ae63bb7138ba70581145c3a4f6e9244143e72ff1476ad7f3470f"
"OT-detection-program","02-detection/queries/splunk/OTD-0064__opc-ua-untrusted-or-self-signed-certificate-accepted.spl","included","02-detection/queries/splunk/OTD-0064__opc-ua-untrusted-or-self-signed-certificate-accepted.spl","02-detection/queries/splunk/OTD-0064__opc-ua-untrusted-or-self-signed-certificate-accepted.spl","7ac6bd4a5fc704e52e13f85ab6cb3bcda1cb5fe663ad99b06392ce29055767bf"
"OT-detection-program","02-detection/queries/splunk/OTD-0065__opc-ua-write-request-to-critical-node-from-unauthorized-clie.spl","included","02-detection/queries/splunk/OTD-0065__opc-ua-write-request-to-critical-node-from-unauthorized-clie.spl","02-detection/queries/splunk/OTD-0065__opc-ua-write-request-to-critical-node-from-unauthorized-clie.spl","db31ffb87dc22b05634e4eae7e4078dc26e239116a8546f2b263811b7a00c657"
"OT-detection-program","02-detection/queries/splunk/OTD-0066__opc-ua-address-space-browse-flood-reconnaissance.spl","included","02-detection/queries/splunk/OTD-0066__opc-ua-address-space-browse-flood-reconnaissance.spl","02-detection/queries/splunk/OTD-0066__opc-ua-address-space-browse-flood-reconnaissance.spl","490c13a94e3fbeb1f793a23457fa78c1405b25884a52f0db3ecaeb7422e8bae8"
"OT-detection-program","02-detection/queries/splunk/OTD-0067__s7comm-program-block-download-upload-outside-change-window.spl","included","02-detection/queries/splunk/OTD-0067__s7comm-program-block-download-upload-outside-change-window.spl","02-detection/queries/splunk/OTD-0067__s7comm-program-block-download-upload-outside-change-window.spl","0f1e911d1fa882a713af8c8023caae98904bdc8021f6aeddfda093c3178a20e1"
"OT-detection-program","02-detection/queries/splunk/OTD-0068__s7comm-system-status-list-szl-enumeration.spl","included","02-detection/queries/splunk/OTD-0068__s7comm-system-status-list-szl-enumeration.spl","02-detection/queries/splunk/OTD-0068__s7comm-system-status-list-szl-enumeration.spl","90c7ef219d8e2f75c905d9dadedbd85b44cce6508deafbf1c2a63bfea4d42d25"
"OT-detection-program","02-detection/queries/splunk/OTD-0069__iec-60870-5-104-general-interrogation-from-unauthorized-mast.spl","included","02-detection/queries/splunk/OTD-0069__iec-60870-5-104-general-interrogation-from-unauthorized-mast.spl","02-detection/queries/splunk/OTD-0069__iec-60870-5-104-general-interrogation-from-unauthorized-mast.spl","f46d6f7c6aa22b4876cc9cc8549a44c92cf62fe6315d2a8ad17771b72306c3f7"
"OT-detection-program","02-detection/queries/splunk/OTD-0070__iec-60870-5-104-single-or-double-command-outside-maintenance.spl","included","02-detection/queries/splunk/OTD-0070__iec-60870-5-104-single-or-double-command-outside-maintenance.spl","02-detection/queries/splunk/OTD-0070__iec-60870-5-104-single-or-double-command-outside-maintenance.spl","9c2ca579a9ada687dceaa3eadac3043978a261703e5be59c45e6a1cf6add62b8"
"OT-detection-program","02-detection/queries/splunk/OTD-0071__iec-60870-5-104-clock-synchronization-command-anomaly.spl","included","02-detection/queries/splunk/OTD-0071__iec-60870-5-104-clock-synchronization-command-anomaly.spl","02-detection/queries/splunk/OTD-0071__iec-60870-5-104-clock-synchronization-command-anomaly.spl","9cf9fbf1007797a7baea118660dca929ae0477fb68b84360663872bc903f9404"
"OT-detection-program","02-detection/queries/splunk/OTD-0072__engineering-workstation-communicating-with-multiple-plcs-acr.spl","included","02-detection/queries/splunk/OTD-0072__engineering-workstation-communicating-with-multiple-plcs-acr.spl","02-detection/queries/splunk/OTD-0072__engineering-workstation-communicating-with-multiple-plcs-acr.spl","9f1c69b4cdb35986a05e86fbcb592a0d193e1c4ecb503225784b6caf9b4b0e2a"
"OT-detection-program","02-detection/queries/splunk/OTD-0073__new-or-unauthorized-asset-communicating-on-ot-engineering-pr.spl","included","02-detection/queries/splunk/OTD-0073__new-or-unauthorized-asset-communicating-on-ot-engineering-pr.spl","02-detection/queries/splunk/OTD-0073__new-or-unauthorized-asset-communicating-on-ot-engineering-pr.spl","b86de21cc280e5315e3bee987f1d1c882ce6d73850186e36f4436d337a6199ac"
"OT-detection-program","02-detection/queries/splunk/OTD-0074__dnp3-cold-or-warm-restart-function-to-outstation.spl","included","02-detection/queries/splunk/OTD-0074__dnp3-cold-or-warm-restart-function-to-outstation.spl","02-detection/queries/splunk/OTD-0074__dnp3-cold-or-warm-restart-function-to-outstation.spl","68a63da862b683b24504b383623f354e0a33f85f615cbceb8fc14e46c603e070"
"OT-detection-program","02-detection/queries/splunk/OTD-0075__iec-60870-5-104-control-command-from-unauthorized-source.spl","included","02-detection/queries/splunk/OTD-0075__iec-60870-5-104-control-command-from-unauthorized-source.spl","02-detection/queries/splunk/OTD-0075__iec-60870-5-104-control-command-from-unauthorized-source.spl","64f12996f330a5f68ba77cc17181124d60597fbff311e0d3a2415f5949890950"
"OT-detection-program","02-detection/queries/splunk/OTD-0076__modbus-fc08-diagnostic-restart-or-force-listen-only-mode.spl","included","02-detection/queries/splunk/OTD-0076__modbus-fc08-diagnostic-restart-or-force-listen-only-mode.spl","02-detection/queries/splunk/OTD-0076__modbus-fc08-diagnostic-restart-or-force-listen-only-mode.spl","5834964a73e6fd987a4d902ba20fb967f1b922996511b96ae56ffd47d7ed263f"
"OT-detection-program","02-detection/queries/splunk/OTD-0077__unauthorized-modbus-write-to-coils-or-registers.spl","included","02-detection/queries/splunk/OTD-0077__unauthorized-modbus-write-to-coils-or-registers.spl","02-detection/queries/splunk/OTD-0077__unauthorized-modbus-write-to-coils-or-registers.spl","a2fd8d81396e76b743893e402ffad44f06f7bbdd00a4faed0b60c29ce6767720"
"OT-detection-program","02-detection/queries/splunk/OTD-0078__active-network-scan-of-ot-subnet.spl","included","02-detection/queries/splunk/OTD-0078__active-network-scan-of-ot-subnet.spl","02-detection/queries/splunk/OTD-0078__active-network-scan-of-ot-subnet.spl","50223bbcf338617e9d0ad4f489c3befaebac9e1f0de9859e6462929ed9e4a69a"
"OT-detection-program","02-detection/queries/splunk/OTD-0079__s7comm-stop-cpu-command-to-plc.spl","included","02-detection/queries/splunk/OTD-0079__s7comm-stop-cpu-command-to-plc.spl","02-detection/queries/splunk/OTD-0079__s7comm-stop-cpu-command-to-plc.spl","fe76afb9f356d847b42581e3f806121d2e45865e798fdd6f0dde60dc5610e7d0"
"OT-detection-program","02-detection/queries/splunk/OTD-0080__direct-it-to-ot-dmz-connection-bypassing-jump-host.spl","included","02-detection/queries/splunk/OTD-0080__direct-it-to-ot-dmz-connection-bypassing-jump-host.spl","02-detection/queries/splunk/OTD-0080__direct-it-to-ot-dmz-connection-bypassing-jump-host.spl","b169fd212810e24108c74d9aed84e202b20036a88896a14a38aa7e19c2365b08"
"OT-detection-program","02-detection/queries/splunk/OTD-0081__unauthorized-lateral-movement-protocol-entering-ot-dmz.spl","included","02-detection/queries/splunk/OTD-0081__unauthorized-lateral-movement-protocol-entering-ot-dmz.spl","02-detection/queries/splunk/OTD-0081__unauthorized-lateral-movement-protocol-entering-ot-dmz.spl","64859995a1148694f83638370a38e9ca235ec20af8f0e56095285d36e66e8382"
"OT-detection-program","02-detection/queries/splunk/OTD-0082__ot-dmz-historian-replication-direction-anomaly.spl","included","02-detection/queries/splunk/OTD-0082__ot-dmz-historian-replication-direction-anomaly.spl","02-detection/queries/splunk/OTD-0082__ot-dmz-historian-replication-direction-anomaly.spl","5cbc93542825ab5d3b0b056556c281043cca0bf0d11a129771111a94f46259fb"
"OT-detection-program","02-detection/queries/splunk/OTD-0083__av-patch-management-push-to-dmz-outside-maintenance-window-o.spl","included","02-detection/queries/splunk/OTD-0083__av-patch-management-push-to-dmz-outside-maintenance-window-o.spl","02-detection/queries/splunk/OTD-0083__av-patch-management-push-to-dmz-outside-maintenance-window-o.spl","2807cba7720614e953919f0ba5ec828d5b556ae9a352bcf00051bba0f3450ee1"
"OT-detection-program","02-detection/queries/splunk/OTD-0084__ot-dmz-asset-external-dns-or-ntp-resolution-attempt.spl","included","02-detection/queries/splunk/OTD-0084__ot-dmz-asset-external-dns-or-ntp-resolution-attempt.spl","02-detection/queries/splunk/OTD-0084__ot-dmz-asset-external-dns-or-ntp-resolution-attempt.spl","11572d349fe500f3b158cc293da59048e5319e9db44dc84fef752543657add9e"
"OT-detection-program","02-detection/queries/splunk/OTD-0085__web-or-email-content-landing-on-ot-dmz-jump-host.spl","included","02-detection/queries/splunk/OTD-0085__web-or-email-content-landing-on-ot-dmz-jump-host.spl","02-detection/queries/splunk/OTD-0085__web-or-email-content-landing-on-ot-dmz-jump-host.spl","df916e1b37de4609ebfaff99a284de5190d96c23c4a112c58372b51f715dc0a5"
"OT-detection-program","02-detection/queries/splunk/OTD-0086__remote-access-session-into-l3-without-approved-change-window.spl","included","02-detection/queries/splunk/OTD-0086__remote-access-session-into-l3-without-approved-change-window.spl","02-detection/queries/splunk/OTD-0086__remote-access-session-into-l3-without-approved-change-window.spl","39d5ab09467e5871f1b18331502e6131cd21dabad4288df999d888d3607215f4"
"OT-detection-program","02-detection/queries/splunk/OTD-0087__shared-or-service-account-used-from-unusual-dmz-source.spl","included","02-detection/queries/splunk/OTD-0087__shared-or-service-account-used-from-unusual-dmz-source.spl","02-detection/queries/splunk/OTD-0087__shared-or-service-account-used-from-unusual-dmz-source.spl","a95c98c85670df9a2be0a3bb52070c8496f0e10cd391a1064c70d5dcb6954ebb"
"OT-detection-program","02-detection/queries/splunk/OTD-0088__file-transfer-from-dmz-to-l3-with-executable-or-engineering.spl","included","02-detection/queries/splunk/OTD-0088__file-transfer-from-dmz-to-l3-with-executable-or-engineering.spl","02-detection/queries/splunk/OTD-0088__file-transfer-from-dmz-to-l3-with-executable-or-engineering.spl","a0a0f04ef592f192f3db310efa91726eecfda6574fff500bef7ddfb409f54d6e"
"OT-detection-program","02-detection/queries/splunk/OTD-0089__vendor-remote-access-session-duration-or-scope-anomaly.spl","included","02-detection/queries/splunk/OTD-0089__vendor-remote-access-session-duration-or-scope-anomaly.spl","02-detection/queries/splunk/OTD-0089__vendor-remote-access-session-duration-or-scope-anomaly.spl","4cec18575b9baa18d2c1c7cf0da5fad46ea38b9afe3bdc3b68d1226ed1af2dd8"
"OT-detection-program","02-detection/queries/splunk/OTD-0090__unscheduled-hmi-project-or-configuration-deployment.spl","included","02-detection/queries/splunk/OTD-0090__unscheduled-hmi-project-or-configuration-deployment.spl","02-detection/queries/splunk/OTD-0090__unscheduled-hmi-project-or-configuration-deployment.spl","2c42555fdb4266edaa7eab350fbae329bc9ae71442b2cc19c403b496fdfcfb11"
"OT-detection-program","02-detection/queries/splunk/OTD-0091__new-or-modified-scheduled-task-on-hmi-or-scada-server.spl","included","02-detection/queries/splunk/OTD-0091__new-or-modified-scheduled-task-on-hmi-or-scada-server.spl","02-detection/queries/splunk/OTD-0091__new-or-modified-scheduled-task-on-hmi-or-scada-server.spl","0a9f510c19305ff5395edefc3f1df4769c8073c287d08f717f9aae3fc8ce463e"
"OT-detection-program","02-detection/queries/splunk/OTD-0092__engineering-software-launched-by-non-engineering-account.spl","included","02-detection/queries/splunk/OTD-0092__engineering-software-launched-by-non-engineering-account.spl","02-detection/queries/splunk/OTD-0092__engineering-software-launched-by-non-engineering-account.spl","fbd8696f7cb786b9bbaa954d7b04cbd2f2aeed1f8b1eac5e73488907efff4e23"
"OT-detection-program","02-detection/queries/splunk/OTD-0093__abnormal-authentication-pattern-on-scada-or-hmi-server.spl","included","02-detection/queries/splunk/OTD-0093__abnormal-authentication-pattern-on-scada-or-hmi-server.spl","02-detection/queries/splunk/OTD-0093__abnormal-authentication-pattern-on-scada-or-hmi-server.spl","4c4a7eed2c856ea80792651683a2fb07cd673878f2c261031e3a00722d0ba9a5"
"OT-detection-program","02-detection/queries/splunk/OTD-0094__unexpected-outbound-connection-from-l2-hmi-toward-dmz-or-it.spl","included","02-detection/queries/splunk/OTD-0094__unexpected-outbound-connection-from-l2-hmi-toward-dmz-or-it.spl","02-detection/queries/splunk/OTD-0094__unexpected-outbound-connection-from-l2-hmi-toward-dmz-or-it.spl","b16523c69eb218d7a4a5615badfab974891b3f60ff8378702c135c43cfbb9b8e"
"OT-detection-program","02-detection/queries/splunk/OTD-0095__control-command-from-hmi-outside-documented-hmi-to-plc-pairi.spl","included","02-detection/queries/splunk/OTD-0095__control-command-from-hmi-outside-documented-hmi-to-plc-pairi.spl","02-detection/queries/splunk/OTD-0095__control-command-from-hmi-outside-documented-hmi-to-plc-pairi.spl","158ff7615c10d68f713c32f6e81d0587f2b300dc23c13c1aedcdcee16aeb68e8"
"OT-detection-program","02-detection/queries/splunk/OTD-0096__engineering-protocol-session-opened-by-hmi-account.spl","included","02-detection/queries/splunk/OTD-0096__engineering-protocol-session-opened-by-hmi-account.spl","02-detection/queries/splunk/OTD-0096__engineering-protocol-session-opened-by-hmi-account.spl","6648bf6ce8ef713444c34075e49d1e5e1866b937b2cec20d08da290ce7dc84a8"
"OT-detection-program","02-detection/queries/splunk/OTD-0097__setpoint-change-exceeding-safe-delta-threshold.spl","included","02-detection/queries/splunk/OTD-0097__setpoint-change-exceeding-safe-delta-threshold.spl","02-detection/queries/splunk/OTD-0097__setpoint-change-exceeding-safe-delta-threshold.spl","184ac986b93f69095ba1b829169ad41b71ab3fe1a80c4769a7fa94c106704176"
"OT-detection-program","02-detection/queries/splunk/OTD-0098__redundant-sensor-correlation-divergence.spl","included","02-detection/queries/splunk/OTD-0098__redundant-sensor-correlation-divergence.spl","02-detection/queries/splunk/OTD-0098__redundant-sensor-correlation-divergence.spl","c2b17d609cdd4a2e98766dfc6f972e3ce89e6e80ef100e47166d789b8699e7b9"
"OT-detection-program","02-detection/queries/splunk/OTD-0099__zone-enforcement-firewall-rule-hit-count-anomaly.spl","included","02-detection/queries/splunk/OTD-0099__zone-enforcement-firewall-rule-hit-count-anomaly.spl","02-detection/queries/splunk/OTD-0099__zone-enforcement-firewall-rule-hit-count-anomaly.spl","85821bfa18ce6d7b0e51179168219836e3af72edcde15f93fa5173709d712ba0"
"OT-detection-program","02-detection/queries/splunk/OTD-0100__removable-media-event-on-dmz-or-l3-asset.spl","included","02-detection/queries/splunk/OTD-0100__removable-media-event-on-dmz-or-l3-asset.spl","02-detection/queries/splunk/OTD-0100__removable-media-event-on-dmz-or-l3-asset.spl","d05738d9e056ae06aa1c35c8681737702a8a30300cc6d97ef929b7263e3335c2"
"OT-detection-program","02-detection/queries/splunk/OTD-0101__east-west-traffic-between-l1-controllers-across-process-cell.spl","included","02-detection/queries/splunk/OTD-0101__east-west-traffic-between-l1-controllers-across-process-cell.spl","02-detection/queries/splunk/OTD-0101__east-west-traffic-between-l1-controllers-across-process-cell.spl","5a14388362071ff2823a29d5f597d1ad03f824ac850973998b2ebd182f2085f9"
"OT-detection-program","02-detection/queries/splunk/OTD-0102__ntp-or-time-desynchronization-anomaly-across-it-ot-path.spl","included","02-detection/queries/splunk/OTD-0102__ntp-or-time-desynchronization-anomaly-across-it-ot-path.spl","02-detection/queries/splunk/OTD-0102__ntp-or-time-desynchronization-anomaly-across-it-ot-path.spl","aae90ecc273168ee371f218473a3e3f640bddebab65d403bf2cd13ec712e3833"
"OT-detection-program","02-detection/queries/splunk/OTD-0103__iec-104-mass-coordinated-breaker-open-command-burst.spl","included","02-detection/queries/splunk/OTD-0103__iec-104-mass-coordinated-breaker-open-command-burst.spl","02-detection/queries/splunk/OTD-0103__iec-104-mass-coordinated-breaker-open-command-burst.spl","293826edfe62c8a5a58c2c43fb5e65076051f84e443b0933739d3dd98641a191"
"OT-detection-program","02-detection/queries/splunk/OTD-0104__modbus-holding-register-manipulation-at-abnormal-cadence.spl","included","02-detection/queries/splunk/OTD-0104__modbus-holding-register-manipulation-at-abnormal-cadence.spl","02-detection/queries/splunk/OTD-0104__modbus-holding-register-manipulation-at-abnormal-cadence.spl","1947a6c2ec18260ef22cf2b1aff7ca5d4d3b548b84ac5c6e61977aa5d49c2d9e"
"OT-detection-program","02-detection/queries/splunk/OTD-0105__mass-disk-wiping-utility-execution-across-multiple-hosts.spl","included","02-detection/queries/splunk/OTD-0105__mass-disk-wiping-utility-execution-across-multiple-hosts.spl","02-detection/queries/splunk/OTD-0105__mass-disk-wiping-utility-execution-across-multiple-hosts.spl","e259d89cba95bfb677015006b5e7503c6a2d9f5ffd87f9f78ec0daac22aacedb"
"OT-detection-program","02-detection/queries/splunk/OTD-0106__iec-61850-goose-unauthorized-publisher-or-spoofed-message.spl","included","02-detection/queries/splunk/OTD-0106__iec-61850-goose-unauthorized-publisher-or-spoofed-message.spl","02-detection/queries/splunk/OTD-0106__iec-61850-goose-unauthorized-publisher-or-spoofed-message.spl","8fd2d6ee460b951e5eb0bfeb2ce050abc1a5f77aff6bd5d8a51234195af472bf"
"OT-detection-program","02-detection/queries/splunk/OTD-0107__mass-lateral-deployment-tooling-preceding-suspected-wiper-ac.spl","included","02-detection/queries/splunk/OTD-0107__mass-lateral-deployment-tooling-preceding-suspected-wiper-ac.spl","02-detection/queries/splunk/OTD-0107__mass-lateral-deployment-tooling-preceding-suspected-wiper-ac.spl","1871fcd6ea34d6b6fc7d2269ad3197f60d911edbcf5888e0460980ed1f71ecdb"
"OT-detection-program","02-detection/queries/splunk/OTD-0108__dns-tunneling-beacon-from-ot-dmz-or-engineering-host.spl","included","02-detection/queries/splunk/OTD-0108__dns-tunneling-beacon-from-ot-dmz-or-engineering-host.spl","02-detection/queries/splunk/OTD-0108__dns-tunneling-beacon-from-ot-dmz-or-engineering-host.spl","9b98448a86e4e0f84fcba5509c96f4d234e83ab88963662e5b1935813e94a388"
"OT-detection-program","02-detection/queries/splunk/OTD-0109__web-shell-activity-on-internet-facing-ot-adjacent-server.spl","included","02-detection/queries/splunk/OTD-0109__web-shell-activity-on-internet-facing-ot-adjacent-server.spl","02-detection/queries/splunk/OTD-0109__web-shell-activity-on-internet-facing-ot-adjacent-server.spl","4c5a409444b7ff375da87bbff17a69f773b2baad9a3b3e858cb7dbfa42ffa77a"
"OT-detection-program","02-detection/queries/splunk/OTD-0110__credential-harvesting-tool-execution-on-engineering-or-scada.spl","included","02-detection/queries/splunk/OTD-0110__credential-harvesting-tool-execution-on-engineering-or-scada.spl","02-detection/queries/splunk/OTD-0110__credential-harvesting-tool-execution-on-engineering-or-scada.spl","08722f10c53dd3ce22c4c6ca0ab1294c9dc1f90bb2a8eb80a4877c31c14681e1"
"OT-detection-program","02-detection/queries/splunk/OTD-0111__low-and-slow-https-beaconing-indicative-of-oilrig-class-back.spl","included","02-detection/queries/splunk/OTD-0111__low-and-slow-https-beaconing-indicative-of-oilrig-class-back.spl","02-detection/queries/splunk/OTD-0111__low-and-slow-https-beaconing-indicative-of-oilrig-class-back.spl","9ae64197343d045cfe70f0698e6081953d1b691c699de260afd3fcf5d1427247"
"OT-detection-program","02-detection/queries/splunk/OTD-0112__shamoon-style-mbr-wiper-execution.spl","included","02-detection/queries/splunk/OTD-0112__shamoon-style-mbr-wiper-execution.spl","02-detection/queries/splunk/OTD-0112__shamoon-style-mbr-wiper-execution.spl","0445c2714b956b21e00d17ee33aeb2d10fc0e2c71b6d87d22565ce1ea4c3f81f"
"OT-detection-program","02-detection/queries/splunk/OTD-0113__password-spray-against-ot-remote-access-portal.spl","included","02-detection/queries/splunk/OTD-0113__password-spray-against-ot-remote-access-portal.spl","02-detection/queries/splunk/OTD-0113__password-spray-against-ot-remote-access-portal.spl","62858206758c4c8a7f9fec0239c944526009d3711cc63c0e69ca5df6d735e0a6"
"OT-detection-program","02-detection/queries/splunk/OTD-0114__mass-malware-spreader-tool-execution-across-multiple-hosts.spl","included","02-detection/queries/splunk/OTD-0114__mass-malware-spreader-tool-execution-across-multiple-hosts.spl","02-detection/queries/splunk/OTD-0114__mass-malware-spreader-tool-execution-across-multiple-hosts.spl","0b094b0d02a65e62520cd897638c7242834a80a0d7a163990642ef2eeba1fc0c"
"OT-detection-program","02-detection/queries/splunk/OTD-0115__opc-ua-server-enumeration-followed-by-node-value-tampering.spl","included","02-detection/queries/splunk/OTD-0115__opc-ua-server-enumeration-followed-by-node-value-tampering.spl","02-detection/queries/splunk/OTD-0115__opc-ua-server-enumeration-followed-by-node-value-tampering.spl","bdb0f3012244aa3aa973516acd74411f93f12985c3fa55392f20fd5ce2c10057"
"OT-detection-program","02-detection/queries/splunk/OTD-0116__codesys-protocol-command-to-schneider-controller-from-non-en.spl","included","02-detection/queries/splunk/OTD-0116__codesys-protocol-command-to-schneider-controller-from-non-en.spl","02-detection/queries/splunk/OTD-0116__codesys-protocol-command-to-schneider-controller-from-non-en.spl","c2baf6c69d07b114ad3b26d34a2a2c8464b683463fc3ddea41dc2001713b5cee"
"OT-detection-program","02-detection/queries/splunk/OTD-0117__omron-fins-http-backdoor-command-execution.spl","included","02-detection/queries/splunk/OTD-0117__omron-fins-http-backdoor-command-execution.spl","02-detection/queries/splunk/OTD-0117__omron-fins-http-backdoor-command-execution.spl","0e874e5a552ce80c7c3743695abc105a7d904ce4a8da5e1715fc67b831877e57"
"OT-detection-program","02-detection/queries/splunk/OTD-0118__asrock-rgb-driver-exploitation-attempt-cve-2020-15368.spl","included","02-detection/queries/splunk/OTD-0118__asrock-rgb-driver-exploitation-attempt-cve-2020-15368.spl","02-detection/queries/splunk/OTD-0118__asrock-rgb-driver-exploitation-attempt-cve-2020-15368.spl","b913115a2ac6fd8d25b1435cca05a527eba29d7449445cf228712e4d11687b48"
"OT-detection-program","02-detection/queries/splunk/OTD-0119__triconex-safety-controller-engineering-session-from-unauthor.spl","included","02-detection/queries/splunk/OTD-0119__triconex-safety-controller-engineering-session-from-unauthor.spl","02-detection/queries/splunk/OTD-0119__triconex-safety-controller-engineering-session-from-unauthor.spl","1f4bdad7b233d4aa575d8110fbe95d2367643dd4a8ffb7879952824c3d2c603d"
"OT-detection-program","02-detection/queries/splunk/OTD-0120__safety-controller-key-switch-or-mode-change-outside-proof-te.spl","included","02-detection/queries/splunk/OTD-0120__safety-controller-key-switch-or-mode-change-outside-proof-te.spl","02-detection/queries/splunk/OTD-0120__safety-controller-key-switch-or-mode-change-outside-proof-te.spl","7322f8d168ed84ee82c408dfae4003c7f578d0b016a3561eff341f90df0e2ca2"
"OT-detection-program","02-detection/queries/splunk/OTD-0121__engineering-workstation-reflective-memory-only-process-injec.spl","included","02-detection/queries/splunk/OTD-0121__engineering-workstation-reflective-memory-only-process-injec.spl","02-detection/queries/splunk/OTD-0121__engineering-workstation-reflective-memory-only-process-injec.spl","1d98eac4e07e8d2966fc21982f5b6bc87a96d0a21ebe4df1e08a3d538a8cf001"
"OT-detection-program","02-detection/queries/splunk/OTD-0122__mass-file-encryption-or-rename-activity-on-ot-historian-or-e.spl","included","02-detection/queries/splunk/OTD-0122__mass-file-encryption-or-rename-activity-on-ot-historian-or-e.spl","02-detection/queries/splunk/OTD-0122__mass-file-encryption-or-rename-activity-on-ot-historian-or-e.spl","3cf27f5f9c2eafa8a352f7a7e21134cecd61ae4d8461c89cfd99dfd24902e9b9"
"OT-detection-program","02-detection/queries/splunk/OTD-0123__unitronics-vision-plc-default-port-access-bauxite-pattern.spl","included","02-detection/queries/splunk/OTD-0123__unitronics-vision-plc-default-port-access-bauxite-pattern.spl","02-detection/queries/splunk/OTD-0123__unitronics-vision-plc-default-port-access-bauxite-pattern.spl","db558ecc2fd3ea8ca596678d016b8b440bf0b679817278805b0a44e6372889e3"
"OT-detection-program","02-detection/queries/splunk/OTD-0124__hmi-display-screen-defacement-or-unauthorized-image-text-ove.spl","included","02-detection/queries/splunk/OTD-0124__hmi-display-screen-defacement-or-unauthorized-image-text-ove.spl","02-detection/queries/splunk/OTD-0124__hmi-display-screen-defacement-or-unauthorized-image-text-ove.spl","5e990c82b860d78f5ff03a3bfa77ba24ef9bf9f4a5c0be6d1cb2b463b7fa7ac9"
"OT-detection-program","02-detection/queries/splunk/OTD-0125__post-unitronics-compromise-lateral-movement-via-smb-rdp-from.spl","included","02-detection/queries/splunk/OTD-0125__post-unitronics-compromise-lateral-movement-via-smb-rdp-from.spl","02-detection/queries/splunk/OTD-0125__post-unitronics-compromise-lateral-movement-via-smb-rdp-from.spl","c66505a1645145ee741a7d10678fd319f248b2777e804bdb6e2bac4f4f2c97a8"
"OT-detection-program","02-detection/queries/splunk/OTD-0126__remote-management-tool-installation-on-ot-adjacent-host-mudd.spl","included","02-detection/queries/splunk/OTD-0126__remote-management-tool-installation-on-ot-adjacent-host-mudd.spl","02-detection/queries/splunk/OTD-0126__remote-management-tool-installation-on-ot-adjacent-host-mudd.spl","2449b30c45b6230a1697a1db8cbe16ecf2df6e71a7e647055213ccb22d54c338"
"OT-detection-program","02-detection/queries/splunk/OTD-0127__bulk-exfiltration-of-ot-documentation-and-network-diagrams-m.spl","included","02-detection/queries/splunk/OTD-0127__bulk-exfiltration-of-ot-documentation-and-network-diagrams-m.spl","02-detection/queries/splunk/OTD-0127__bulk-exfiltration-of-ot-documentation-and-network-diagrams-m.spl","53897969710a5c1f5ed42ab388f0dc88cdf5194527ba01ec8e406d0f2dde192f"
"OT-detection-program","02-detection/queries/splunk/OTD-0128__ransomware-precursor-lateral-movement-targeting-historian-or.spl","included","02-detection/queries/splunk/OTD-0128__ransomware-precursor-lateral-movement-targeting-historian-or.spl","02-detection/queries/splunk/OTD-0128__ransomware-precursor-lateral-movement-targeting-historian-or.spl","9757bbe336babcdcf946c53b990210a53a0a71fa87cae8d3986a0d80ca60543c"
"OT-detection-program","02-detection/queries/splunk/OTD-0129__mass-file-transfer-appliance-exploitation-preceding-ot-docum.spl","included","02-detection/queries/splunk/OTD-0129__mass-file-transfer-appliance-exploitation-preceding-ot-docum.spl","02-detection/queries/splunk/OTD-0129__mass-file-transfer-appliance-exploitation-preceding-ot-docum.spl","307b5c96c43ef303c9b88d1fc30c08f607e19927efb241ff1fb910a90b3ae880"
"OT-detection-program","02-detection/queries/splunk/OTD-0130__sensor-gateway-mass-filesystem-wipe-or-rs485-mbus-disruption.spl","included","02-detection/queries/splunk/OTD-0130__sensor-gateway-mass-filesystem-wipe-or-rs485-mbus-disruption.spl","02-detection/queries/splunk/OTD-0130__sensor-gateway-mass-filesystem-wipe-or-rs485-mbus-disruption.spl","119fbfd47ebb5d9efb2c6fd64f200a12693e47e11f3000ed01beea07515444c6"
"OT-detection-program","02-detection/queries/splunk/OTD-0131__coordinated-multi-site-scada-command-triggering-mass-manual.spl","included","02-detection/queries/splunk/OTD-0131__coordinated-multi-site-scada-command-triggering-mass-manual.spl","02-detection/queries/splunk/OTD-0131__coordinated-multi-site-scada-command-triggering-mass-manual.spl","26ddf850c901c2338ac63ed46945af7a2f03b06277ce728077d489a4c6b9bcc4"
"OT-detection-program","02-detection/queries/splunk/OTD-0132__password-spray-against-cloud-identity-tenant-serving-ot-adja.spl","included","02-detection/queries/splunk/OTD-0132__password-spray-against-cloud-identity-tenant-serving-ot-adja.spl","02-detection/queries/splunk/OTD-0132__password-spray-against-cloud-identity-tenant-serving-ot-adja.spl","f2ad284949ea2c2a6a151f4e18e39fa4f5eb038f34611ebff430f8d518585b2e"
"OT-detection-program","02-detection/queries/splunk/OTD-0133__security-event-log-cleared-on-ot-network-system.spl","included","02-detection/queries/splunk/OTD-0133__security-event-log-cleared-on-ot-network-system.spl","02-detection/queries/splunk/OTD-0133__security-event-log-cleared-on-ot-network-system.spl","0da940e368165a337e7fb071e6f7ad3add28a79b71ea2d15a0ec118a3e144ad1"
"OT-detection-program","02-detection/queries/splunk/OTD-0134__plc-configuration-drift-from-verified-offline-backup.spl","included","02-detection/queries/splunk/OTD-0134__plc-configuration-drift-from-verified-offline-backup.spl","02-detection/queries/splunk/OTD-0134__plc-configuration-drift-from-verified-offline-backup.spl","4d5e8fb549ef46d1dae17bbcc36c2754a222521273617c2dd20b293fc24035bb"
"OT-detection-program","02-detection/queries/splunk/OTD-0135__historian-query-pattern-anomaly-from-it-network-host.spl","included","02-detection/queries/splunk/OTD-0135__historian-query-pattern-anomaly-from-it-network-host.spl","02-detection/queries/splunk/OTD-0135__historian-query-pattern-anomaly-from-it-network-host.spl","66048c12628023dd861b2c00dfb73ae3c9ef671f4c1224109198dd15d675d2a8"
"OT-detection-program","02-detection/queries/splunk/OTD-0136__engineering-workstation-outbound-connection-to-infrastructur.spl","included","02-detection/queries/splunk/OTD-0136__engineering-workstation-outbound-connection-to-infrastructur.spl","02-detection/queries/splunk/OTD-0136__engineering-workstation-outbound-connection-to-infrastructur.spl","77b7ed8801b8dabd19be8e7ac7db01c06a5edbee3d2af435874d23d9f16fa38b"
"OT-detection-program","02-detection/queries/splunk/OTD-0137__vendor-vpn-authentication-outside-approved-window-or-geograp.spl","included","02-detection/queries/splunk/OTD-0137__vendor-vpn-authentication-outside-approved-window-or-geograp.spl","02-detection/queries/splunk/OTD-0137__vendor-vpn-authentication-outside-approved-window-or-geograp.spl","011c2bab225a4ca9b946a0023ca7e27c06fb7c18cd48374e558151fd4114c66c"
"OT-detection-program","02-detection/queries/splunk/OTD-0138__dormant-vendor-account-first-use-after-extended-inactivity.spl","included","02-detection/queries/splunk/OTD-0138__dormant-vendor-account-first-use-after-extended-inactivity.spl","02-detection/queries/splunk/OTD-0138__dormant-vendor-account-first-use-after-extended-inactivity.spl","d53da44c3b767ff0aaf278f4638089d83d00eac9c4c0e3aba107444e4f2cdd65"
"OT-detection-program","02-detection/queries/splunk/OTD-0139__unauthenticated-modbus-dnp3-traffic-through-legacy-serial-to.spl","included","02-detection/queries/splunk/OTD-0139__unauthenticated-modbus-dnp3-traffic-through-legacy-serial-to.spl","02-detection/queries/splunk/OTD-0139__unauthenticated-modbus-dnp3-traffic-through-legacy-serial-to.spl","06cb0b72b24886ed17341d957f261d7e78904bbb3a29b906c1c510054ff62a45"
"OT-detection-program","02-detection/queries/splunk/OTD-0140__unauthorized-association-to-industrial-wireless-network-wire.spl","included","02-detection/queries/splunk/OTD-0140__unauthorized-association-to-industrial-wireless-network-wire.spl","02-detection/queries/splunk/OTD-0140__unauthorized-association-to-industrial-wireless-network-wire.spl","703b7acc0211d75a8c87dedb7243947a3f43bbe4a1b8564d1206f23cefd75417"
"OT-detection-program","02-detection/queries/splunk/OTD-0141__ot-cloud-agent-unexpected-outbound-data-pathway.spl","included","02-detection/queries/splunk/OTD-0141__ot-cloud-agent-unexpected-outbound-data-pathway.spl","02-detection/queries/splunk/OTD-0141__ot-cloud-agent-unexpected-outbound-data-pathway.spl","1a397fc7ddbdf3c4cac9e739788cc256920a97633f5dfb9a16ffa43409f8eb2a"
"OT-detection-program","02-detection/queries/splunk/OTD-0142__spearphishing-lure-execution-by-ot-engineering-personnel.spl","included","02-detection/queries/splunk/OTD-0142__spearphishing-lure-execution-by-ot-engineering-personnel.spl","02-detection/queries/splunk/OTD-0142__spearphishing-lure-execution-by-ot-engineering-personnel.spl","59fb496e09548b5f10ece301ee55ce4e99a7f443fda19690fca3e1972023afb2"
"OT-detection-program","02-detection/queries/splunk/OTD-0143__command-asdu-from-non-master.spl","included","02-detection/queries/splunk/OTD-0143__command-asdu-from-non-master.spl","02-detection/queries/splunk/OTD-0143__command-asdu-from-non-master.spl","f6500ecb9ba67cc6a795f3970e5e3240106bb94db21acd56b5ac3cba4edc8516"
"OT-detection-program","02-detection/queries/splunk/OTD-0144__setpoint-command.spl","included","02-detection/queries/splunk/OTD-0144__setpoint-command.spl","02-detection/queries/splunk/OTD-0144__setpoint-command.spl","b278a225d74c06d3b2280f824e6273b84cfde826d3c68d8c8f837097003850d2"
"OT-detection-program","02-detection/queries/splunk/OTD-0145__interrogation-recon.spl","included","02-detection/queries/splunk/OTD-0145__interrogation-recon.spl","02-detection/queries/splunk/OTD-0145__interrogation-recon.spl","d196382bcf650a938ede7ae60a86ae8ca4d61b6179887529099d4d34d846dab8"
"OT-detection-program","02-detection/queries/splunk/OTD-0146__clock-sync-reset-abuse.spl","included","02-detection/queries/splunk/OTD-0146__clock-sync-reset-abuse.spl","02-detection/queries/splunk/OTD-0146__clock-sync-reset-abuse.spl","2834e1ff9f06c826bcd9d9786e1acd5093f59d51739c027bea1b1e5cedf9dd33"
"OT-detection-program","02-detection/queries/splunk/OTD-0147__mms-control-operate-from-non-master.spl","included","02-detection/queries/splunk/OTD-0147__mms-control-operate-from-non-master.spl","02-detection/queries/splunk/OTD-0147__mms-control-operate-from-non-master.spl","228e62fbc66b45d49ce985cd5b0f31b4f311d4585c2dd67b741d69b89073392d"
"OT-detection-program","02-detection/queries/splunk/OTD-0148__mms-write-to-named-variable.spl","included","02-detection/queries/splunk/OTD-0148__mms-write-to-named-variable.spl","02-detection/queries/splunk/OTD-0148__mms-write-to-named-variable.spl","c481522ae3e2d707e5e1e2b3d5489db10292e09185299ebae797652dbc9a3c72"
"OT-detection-program","02-detection/queries/splunk/OTD-0149__goose-stnum-sqnum-anomaly.spl","included","02-detection/queries/splunk/OTD-0149__goose-stnum-sqnum-anomaly.spl","02-detection/queries/splunk/OTD-0149__goose-stnum-sqnum-anomaly.spl","9901183ead4b195fa1ae4beb66e119a37e1bfd4ebd841889295158cb01dfecaf"
"OT-detection-program","02-detection/queries/splunk/OTD-0150__goose-from-unexpected-source.spl","included","02-detection/queries/splunk/OTD-0150__goose-from-unexpected-source.spl","02-detection/queries/splunk/OTD-0150__goose-from-unexpected-source.spl","4247990e15c330c954e8e891c1031641dcc42d245c023314539e800b847509f7"
"OT-detection-program","02-detection/queries/splunk/OTD-0151__writeproperty-to-command-object.spl","included","02-detection/queries/splunk/OTD-0151__writeproperty-to-command-object.spl","02-detection/queries/splunk/OTD-0151__writeproperty-to-command-object.spl","1a7b6bd0f9fa9558b1b0246cb63a1f9f37eebaf26aff00d69b214fec9a447ffb"
"OT-detection-program","02-detection/queries/splunk/OTD-0152__who-is-sweep-recon.spl","included","02-detection/queries/splunk/OTD-0152__who-is-sweep-recon.spl","02-detection/queries/splunk/OTD-0152__who-is-sweep-recon.spl","72dc1dbd512f72db38eddbab5ebfc8956dfc9708265b7975158441176a44a3dd"
"OT-detection-program","02-detection/queries/splunk/OTD-0153__devicecommunicationcontrol.spl","included","02-detection/queries/splunk/OTD-0153__devicecommunicationcontrol.spl","02-detection/queries/splunk/OTD-0153__devicecommunicationcontrol.spl","79704c9bdfe079508420b0333414993d00e1e843226bfa02e93e3bf052601f62"
"OT-detection-program","02-detection/queries/splunk/OTD-0154__reinitializedevice.spl","included","02-detection/queries/splunk/OTD-0154__reinitializedevice.spl","02-detection/queries/splunk/OTD-0154__reinitializedevice.spl","1f0427cb5315f011f7b6a603dbe12df9f54049df2a4a6998d3064c78f1db4c49"
"OT-detection-program","02-detection/queries/splunk/OTD-0155__operate-from-non-master.spl","included","02-detection/queries/splunk/OTD-0155__operate-from-non-master.spl","02-detection/queries/splunk/OTD-0155__operate-from-non-master.spl","5038b60acb8caac263840fc2c94d55014e80df342e79bf1a9a77272a591aacee"
"OT-detection-program","02-detection/queries/splunk/OTD-0156__unsolicited-response-anomaly.spl","included","02-detection/queries/splunk/OTD-0156__unsolicited-response-anomaly.spl","02-detection/queries/splunk/OTD-0156__unsolicited-response-anomaly.spl","065f80532ce36b4862c5b7a4e81b917eeda7a26171c5c71927e647de40c9252a"
"OT-detection-program","02-detection/queries/splunk/OTD-0157__tag-set-attribute-write-from-non-controller.spl","included","02-detection/queries/splunk/OTD-0157__tag-set-attribute-write-from-non-controller.spl","02-detection/queries/splunk/OTD-0157__tag-set-attribute-write-from-non-controller.spl","cc6887a9a0743d52909550b5e538ff83dab65964940b3d5d1418c610030c0b8d"
"OT-detection-program","02-detection/queries/splunk/OTD-0158__listidentity-sweep.spl","included","02-detection/queries/splunk/OTD-0158__listidentity-sweep.spl","02-detection/queries/splunk/OTD-0158__listidentity-sweep.spl","3d9c76e00182152eb0e27e396c0ad0d6561447147990277e98edb376a00357f4"
"OT-detection-program","02-detection/queries/splunk/OTD-0159__forward-open-from-unexpected-source.spl","included","02-detection/queries/splunk/OTD-0159__forward-open-from-unexpected-source.spl","02-detection/queries/splunk/OTD-0159__forward-open-from-unexpected-source.spl","30c4967780d14a1e9ed915d7a092698057ecb0ee8140925141e220b8d1c4bee6"
"OT-detection-program","02-detection/queries/splunk/OTD-0160__write-to-config-class.spl","included","02-detection/queries/splunk/OTD-0160__write-to-config-class.spl","02-detection/queries/splunk/OTD-0160__write-to-config-class.spl","0dbb86dc5e5c615091aa1f5a93b32c13938477251d5ea7fa341c7ab22db1ad76"
"OT-detection-program","02-detection/queries/splunk/OTD-0161__anonymous-ftp-login-to-ot-device.spl","included","02-detection/queries/splunk/OTD-0161__anonymous-ftp-login-to-ot-device.spl","02-detection/queries/splunk/OTD-0161__anonymous-ftp-login-to-ot-device.spl","79c5c8393593d903406339f8f48e9834ae1c09c123d979de4b53be61aaafb84d"
"OT-detection-program","02-detection/queries/splunk/OTD-0162__ftp-brute-force.spl","included","02-detection/queries/splunk/OTD-0162__ftp-brute-force.spl","02-detection/queries/splunk/OTD-0162__ftp-brute-force.spl","a50ab0a4f924449d21284328a3586680e05a701da9e488166486f93551254034"
"OT-detection-program","02-detection/queries/splunk/OTD-0163__upload-to-a-control-device.spl","included","02-detection/queries/splunk/OTD-0163__upload-to-a-control-device.spl","02-detection/queries/splunk/OTD-0163__upload-to-a-control-device.spl","1195d645cc3aade517e23cd0576dd1262d1adcc6eacfe198fbb5e2f391bc5742"
"OT-detection-program","02-detection/queries/splunk/OTD-0164__firmware-project-file-transfer.spl","included","02-detection/queries/splunk/OTD-0164__firmware-project-file-transfer.spl","02-detection/queries/splunk/OTD-0164__firmware-project-file-transfer.spl","e7a77cccf43a757598ac4bd2cd0e0ae26c5f58e2e60168cc8a0bc82e3bb5443c"
"OT-detection-program","02-detection/queries/splunk/OTD-0165__web-login-brute-force.spl","included","02-detection/queries/splunk/OTD-0165__web-login-brute-force.spl","02-detection/queries/splunk/OTD-0165__web-login-brute-force.spl","362211523b910bbc24bbf71ab4d2c3ff2438702d0ee2e3985abbff657109b405"
"OT-detection-program","02-detection/queries/splunk/OTD-0166__directory-endpoint-enumeration.spl","included","02-detection/queries/splunk/OTD-0166__directory-endpoint-enumeration.spl","02-detection/queries/splunk/OTD-0166__directory-endpoint-enumeration.spl","177b04581d253abd5bb6a71ba5273701a37658c813637db54d592755e992666f"
"OT-detection-program","02-detection/queries/splunk/OTD-0167__new-client-to-device-web-ui.spl","included","02-detection/queries/splunk/OTD-0167__new-client-to-device-web-ui.spl","02-detection/queries/splunk/OTD-0167__new-client-to-device-web-ui.spl","42d47387f3c37d0dc2fbfe67aa93fac2820b1c92e5276eda2ec31f807fdad156"
"OT-detection-program","02-detection/queries/splunk/OTD-0168__post-login-control-action.spl","included","02-detection/queries/splunk/OTD-0168__post-login-control-action.spl","02-detection/queries/splunk/OTD-0168__post-login-control-action.spl","0a6f9d8cc0b6b24708f5d1b91ec64557ad24fe7fb671cc5bdc79845413e97a4b"
"OT-detection-program","02-detection/queries/splunk/OTD-0169__write-to-critical-register.spl","included","02-detection/queries/splunk/OTD-0169__write-to-critical-register.spl","02-detection/queries/splunk/OTD-0169__write-to-critical-register.spl","54efd68e57f41df97f577ee6bb353a96f2e1242a065c97bae0253c770bf75c31"
"OT-detection-program","02-detection/queries/splunk/OTD-0170__diagnostic-abuse.spl","included","02-detection/queries/splunk/OTD-0170__diagnostic-abuse.spl","02-detection/queries/splunk/OTD-0170__diagnostic-abuse.spl","9b867626792add7895318fccd14be4662625ce581a89339cd98b6e4a73375da1"
"OT-detection-program","02-detection/queries/splunk/OTD-0171__cross-zone-modbus.spl","included","02-detection/queries/splunk/OTD-0171__cross-zone-modbus.spl","02-detection/queries/splunk/OTD-0171__cross-zone-modbus.spl","105b7422faf8b2ca619152537e4db832c1dd13f68239fd153425d45ec06c07f3"
"OT-detection-program","02-detection/queries/splunk/OTD-0172__publish-to-command-topic.spl","included","02-detection/queries/splunk/OTD-0172__publish-to-command-topic.spl","02-detection/queries/splunk/OTD-0172__publish-to-command-topic.spl","26e2a045b6e022e43fde1a9b2ebbd0447e22e668023fa00aa84b3a71999f6d88"
"OT-detection-program","02-detection/queries/splunk/OTD-0173__wildcard-subscribe-mass-recon.spl","included","02-detection/queries/splunk/OTD-0173__wildcard-subscribe-mass-recon.spl","02-detection/queries/splunk/OTD-0173__wildcard-subscribe-mass-recon.spl","4fb0209f681c6300f9b022e414342b2ceb351b08ef9637b7d633a34768e48886"
"OT-detection-program","02-detection/queries/splunk/OTD-0174__anonymous-new-client-connect.spl","included","02-detection/queries/splunk/OTD-0174__anonymous-new-client-connect.spl","02-detection/queries/splunk/OTD-0174__anonymous-new-client-connect.spl","2c908809b829fc2ed8e4b0d9afbd523b7ce14d6e77b3c613f4075e4645340901"
"OT-detection-program","02-detection/queries/splunk/OTD-0175__retained-message-tampering.spl","included","02-detection/queries/splunk/OTD-0175__retained-message-tampering.spl","02-detection/queries/splunk/OTD-0175__retained-message-tampering.spl","d41f53c732cc4fef8a93562dfa1cbbaea3852798db43d15baaf45b5c749a7e0f"
"OT-detection-program","02-detection/queries/splunk/OTD-0176__anonymous-none-session.spl","included","02-detection/queries/splunk/OTD-0176__anonymous-none-session.spl","02-detection/queries/splunk/OTD-0176__anonymous-none-session.spl","d1d60a46518049fae73956463665e5dfd45db701f70f8d1e9ccf2aff5e86099b"
"OT-detection-program","02-detection/queries/splunk/OTD-0177__write-to-command-node.spl","included","02-detection/queries/splunk/OTD-0177__write-to-command-node.spl","02-detection/queries/splunk/OTD-0177__write-to-command-node.spl","f00bcbab9734080db894a1ce58b304834ad9047028241419b55adaabf9993b0c"
"OT-detection-program","02-detection/queries/splunk/OTD-0178__callmethod-to-control-method.spl","included","02-detection/queries/splunk/OTD-0178__callmethod-to-control-method.spl","02-detection/queries/splunk/OTD-0178__callmethod-to-control-method.spl","a5efc87017ba9391ae83eb23d191370db6d1bfb97b3c11f1711d37eb74d71747"
"OT-detection-program","02-detection/queries/splunk/OTD-0179__browse-sweep-recon.spl","included","02-detection/queries/splunk/OTD-0179__browse-sweep-recon.spl","02-detection/queries/splunk/OTD-0179__browse-sweep-recon.spl","d954b41fa6412ebb14c69f5a86d2cdd821f57c9ff34d47f88c0aa10703b6fa1d"
"OT-detection-program","02-detection/queries/splunk/OTD-0180__plc-stop-start.spl","included","02-detection/queries/splunk/OTD-0180__plc-stop-start.spl","02-detection/queries/splunk/OTD-0180__plc-stop-start.spl","6d55fdbe4225022f347f24eae25a09252b43357a35160466e1e5a4a2968cb6da"
"OT-detection-program","02-detection/queries/splunk/OTD-0181__program-upload-logic-theft.spl","included","02-detection/queries/splunk/OTD-0181__program-upload-logic-theft.spl","02-detection/queries/splunk/OTD-0181__program-upload-logic-theft.spl","59ec05b2747a624b47e4c5d2381c58c56885886fe2cff5ffed38666d32a423e8"
"OT-detection-program","02-detection/queries/splunk/OTD-0182__write-from-non-engineering-source.spl","included","02-detection/queries/splunk/OTD-0182__write-from-non-engineering-source.spl","02-detection/queries/splunk/OTD-0182__write-from-non-engineering-source.spl","5c6df5d1940236f6aeedca6c6c70686cd72fafd9976853538e5eb5989af14c63"
"OT-detection-program","02-detection/queries/splunk/OTD-0183__szl-system-recon.spl","included","02-detection/queries/splunk/OTD-0183__szl-system-recon.spl","02-detection/queries/splunk/OTD-0183__szl-system-recon.spl","4d55aeed211dbdf67f69d316b9df86474afdd87fa4d8eb3d081d682afda611c9"
"OT-detection-program","02-detection/queries/splunk/OTD-0184__vertical-scan.spl","included","02-detection/queries/splunk/OTD-0184__vertical-scan.spl","02-detection/queries/splunk/OTD-0184__vertical-scan.spl","fcd2c758a40700785e4cd20860c28381f57626f99e98554d07672133a359e699"
"OT-detection-program","02-detection/queries/splunk/OTD-0185__scan-from-unexpected-source.spl","included","02-detection/queries/splunk/OTD-0185__scan-from-unexpected-source.spl","02-detection/queries/splunk/OTD-0185__scan-from-unexpected-source.spl","7994e296b9854c6169ecb769a5ae72ddc54248a80e600d98812d0caaa2c6ca36"
"OT-detection-program","02-detection/queries/splunk/OTD-0186__ot-control-port-probing.spl","included","02-detection/queries/splunk/OTD-0186__ot-control-port-probing.spl","02-detection/queries/splunk/OTD-0186__ot-control-port-probing.spl","ac7c33db6dadd5d1e5a8e9f356bd905714068db392f582f1c3adfbc626765d91"
"OT-detection-program","02-detection/queries/splunk/OTD-0187__vnc-to-a-control-host.spl","included","02-detection/queries/splunk/OTD-0187__vnc-to-a-control-host.spl","02-detection/queries/splunk/OTD-0187__vnc-to-a-control-host.spl","a626b702d024b4c55829591b83655fbc8b72ab9fde949bcf49bfcc7f0caa3362"
"OT-detection-program","02-detection/queries/splunk/OTD-0188__vnc-from-unexpected-source.spl","included","02-detection/queries/splunk/OTD-0188__vnc-from-unexpected-source.spl","02-detection/queries/splunk/OTD-0188__vnc-from-unexpected-source.spl","2cc03206037c9cd48b0a22a4b17a9f02e5ae283318cc78b9350d142aa1ab504d"
"OT-detection-program","02-detection/queries/splunk/OTD-0189__post-session-engineering-activity.spl","included","02-detection/queries/splunk/OTD-0189__post-session-engineering-activity.spl","02-detection/queries/splunk/OTD-0189__post-session-engineering-activity.spl","b6e7ce57d2ff8dde6c61df0263a996a18519b3c3312be87bc04d4ec2fe2b6346"
"OT-detection-program","02-detection/queries/splunk/OTD-0190__cross-zone-vnc.spl","included","02-detection/queries/splunk/OTD-0190__cross-zone-vnc.spl","02-detection/queries/splunk/OTD-0190__cross-zone-vnc.spl","b50a9fe61a90aada507ce23990ca2261836cfff3aac312dde654204fb9ad1cab"
"OT-detection-program","02-detection/queries/splunk/OTD-0197__encoded-suspicious-powershell.spl","included","02-detection/queries/splunk/OTD-0197__encoded-suspicious-powershell.spl","02-detection/queries/splunk/OTD-0197__encoded-suspicious-powershell.spl","77130687b956c97ae49f1062a0ce7004af9e9c8182785ab21a8e73b5bceb6412"
"OT-detection-program","02-detection/queries/splunk/OTD-0198__lolbin-abuse.spl","included","02-detection/queries/splunk/OTD-0198__lolbin-abuse.spl","02-detection/queries/splunk/OTD-0198__lolbin-abuse.spl","88fb8d2f52ce662268d0daa88af90df30e28e3ad97124da45b201edc5b484198"
"OT-detection-program","02-detection/queries/splunk/OTD-0199__credential-access-lsass.spl","included","02-detection/queries/splunk/OTD-0199__credential-access-lsass.spl","02-detection/queries/splunk/OTD-0199__credential-access-lsass.spl","406afdbe70634feef64b9a24ed294d5b32bef55eab8446bf6620c609bcf4db44"
"OT-detection-program","02-detection/queries/splunk/OTD-0200__persistence-run-key-startup.spl","included","02-detection/queries/splunk/OTD-0200__persistence-run-key-startup.spl","02-detection/queries/splunk/OTD-0200__persistence-run-key-startup.spl","64d1bb526aab5a5e09c1b74b2d55d1cac53643e68280e6d6cd07bc13244cdfd1"
"OT-detection-program","02-detection/queries/splunk/OTD-0201__persistence-service-install.spl","included","02-detection/queries/splunk/OTD-0201__persistence-service-install.spl","02-detection/queries/splunk/OTD-0201__persistence-service-install.spl","778916cb739c60afa74f250f68bf06b4c7071cf9759933ba1fa8e1b4a29ad344"
"OT-detection-program","02-detection/queries/splunk/OTD-0202__persistence-scheduled-task.spl","included","02-detection/queries/splunk/OTD-0202__persistence-scheduled-task.spl","02-detection/queries/splunk/OTD-0202__persistence-scheduled-task.spl","89169dd6228b87a5ddb12212d9ff8d973ce35220c1e452341ccbe8670f55499f"
"OT-detection-program","02-detection/queries/splunk/OTD-0203__defense-evasion-log-clearing.spl","included","02-detection/queries/splunk/OTD-0203__defense-evasion-log-clearing.spl","02-detection/queries/splunk/OTD-0203__defense-evasion-log-clearing.spl","de285bf1a27e301dc0ed93b0434efce79a6d19b9988a15c220c5d79067b2cb43"
"OT-detection-program","02-detection/queries/splunk/OTD-0204__defense-evasion-av-edr-tamper.spl","included","02-detection/queries/splunk/OTD-0204__defense-evasion-av-edr-tamper.spl","02-detection/queries/splunk/OTD-0204__defense-evasion-av-edr-tamper.spl","19bf8c0ac19d02f4faab1ed9c80c179e41e09fb86009cd3a593400ab4e652e2a"
"OT-detection-program","02-detection/queries/splunk/OTD-0205__suspicious-parent-child.spl","included","02-detection/queries/splunk/OTD-0205__suspicious-parent-child.spl","02-detection/queries/splunk/OTD-0205__suspicious-parent-child.spl","bf142fb05332de4692d5ae6ff714b8380e4b50d96033a63f3e1ad338d337ebf7"
"OT-detection-program","02-detection/queries/splunk/OTD-0206__masquerading-binary.spl","included","02-detection/queries/splunk/OTD-0206__masquerading-binary.spl","02-detection/queries/splunk/OTD-0206__masquerading-binary.spl","1be9d9d2ff1ab90a1227e4bd3e2e13f39b52fc09836864efda5ce68645dfbd4e"
"OT-detection-program","02-detection/queries/splunk/OTD-0207__internal-host-scanning.spl","included","02-detection/queries/splunk/OTD-0207__internal-host-scanning.spl","02-detection/queries/splunk/OTD-0207__internal-host-scanning.spl","cbde69d9aa5566cccbac096a4b6fa37e42fad0c4a0858c28439a6dbf69053d8e"
"OT-detection-program","02-detection/queries/splunk/OTD-0208__new-east-west-peer-relationship.spl","included","02-detection/queries/splunk/OTD-0208__new-east-west-peer-relationship.spl","02-detection/queries/splunk/OTD-0208__new-east-west-peer-relationship.spl","25ac41396410620a668ce6b57c83fed4071d6c8847430e0dcdd3d0db18de7b95"
"OT-detection-program","02-detection/queries/splunk/OTD-0209__lateral-smb-admin-shares.spl","included","02-detection/queries/splunk/OTD-0209__lateral-smb-admin-shares.spl","02-detection/queries/splunk/OTD-0209__lateral-smb-admin-shares.spl","31133273a81cae664ca8434b840d7ce1c77f30a9014e3ffc121abbd3c5406b41"
"OT-detection-program","02-detection/queries/splunk/OTD-0210__lateral-rdp-internal-spread.spl","included","02-detection/queries/splunk/OTD-0210__lateral-rdp-internal-spread.spl","02-detection/queries/splunk/OTD-0210__lateral-rdp-internal-spread.spl","8e915cac3da18f57cffdc9859853f346dc7bb29c3b7a285fd5f72e08b8cecd3d"
"OT-detection-program","02-detection/queries/splunk/OTD-0211__lateral-wmi-winrm-exec.spl","included","02-detection/queries/splunk/OTD-0211__lateral-wmi-winrm-exec.spl","02-detection/queries/splunk/OTD-0211__lateral-wmi-winrm-exec.spl","0c9fdc8862194d2f8341d8bef9b169048a0b64ed5b50bd8a3e1f16d15bacd843"
"OT-detection-program","02-detection/queries/splunk/OTD-0212__remote-service-creation-psexec-like.spl","included","02-detection/queries/splunk/OTD-0212__remote-service-creation-psexec-like.spl","02-detection/queries/splunk/OTD-0212__remote-service-creation-psexec-like.spl","74d41d8c270113c14371d5a8da610e403b3a9f0daeeaddf3d2e7a0003ad9184e"
"OT-detection-program","02-detection/queries/splunk/OTD-0213__pass-the-hash-anomalous-ntlm.spl","included","02-detection/queries/splunk/OTD-0213__pass-the-hash-anomalous-ntlm.spl","02-detection/queries/splunk/OTD-0213__pass-the-hash-anomalous-ntlm.spl","0133dffdc6ffc5d410d71df853ad3d0d66fbf1244bf2e0a51f33c14b2db85d13"
"OT-detection-program","02-detection/queries/splunk/OTD-0214__kerberoasting.spl","included","02-detection/queries/splunk/OTD-0214__kerberoasting.spl","02-detection/queries/splunk/OTD-0214__kerberoasting.spl","5e5eadf907cbec78b65646a34e3931b8fc6bc27579fc4f5d6bb9e8c445a934e2"
"OT-detection-program","02-detection/queries/splunk/OTD-0215__internal-dns-ad-recon.spl","included","02-detection/queries/splunk/OTD-0215__internal-dns-ad-recon.spl","02-detection/queries/splunk/OTD-0215__internal-dns-ad-recon.spl","7d800e1c7fc6e1d5a652e5c3ad1614715752ba804934b814cb058b611e98bf80"
"OT-detection-program","02-detection/queries/splunk/OTD-0216__brute-force-single-account.spl","included","02-detection/queries/splunk/OTD-0216__brute-force-single-account.spl","02-detection/queries/splunk/OTD-0216__brute-force-single-account.spl","294476b0285227063f9bbcd0c6335de4b7d9b69cce377ceba7e32519c2927463"
"OT-detection-program","02-detection/queries/splunk/OTD-0217__password-spray.spl","included","02-detection/queries/splunk/OTD-0217__password-spray.spl","02-detection/queries/splunk/OTD-0217__password-spray.spl","3a4549dd5f86fbbb2c2f13f51678bcb5e10a77865227557df188c35d6526bf1c"
"OT-detection-program","02-detection/queries/splunk/OTD-0218__success-after-repeated-failures.spl","included","02-detection/queries/splunk/OTD-0218__success-after-repeated-failures.spl","02-detection/queries/splunk/OTD-0218__success-after-repeated-failures.spl","d725b89d5ae2f24b97fd008b84ba801bd180e1c6779d2c20e028998d54c3f6a7"
"OT-detection-program","02-detection/queries/splunk/OTD-0219__privilege-permission-change.spl","included","02-detection/queries/splunk/OTD-0219__privilege-permission-change.spl","02-detection/queries/splunk/OTD-0219__privilege-permission-change.spl","b67ec0fbd287b42ccec41e60a8130b1019a3a2d93cbfbf3dcc0d7b1b815659fe"
"OT-detection-program","02-detection/queries/splunk/OTD-0220__new-re-enabled-account-then-use.spl","included","02-detection/queries/splunk/OTD-0220__new-re-enabled-account-then-use.spl","02-detection/queries/splunk/OTD-0220__new-re-enabled-account-then-use.spl","d90a2198b123357858519ebffc55925c32adb832def18d1fa6dc9ab1adf1e584"
"OT-detection-program","02-detection/queries/splunk/OTD-0221__impossible-travel-atypical-geo.spl","included","02-detection/queries/splunk/OTD-0221__impossible-travel-atypical-geo.spl","02-detection/queries/splunk/OTD-0221__impossible-travel-atypical-geo.spl","7af641f3acab980a50876d74d246c09ef8e1ff8cfee8f6db230810de2d80d148"
"OT-detection-program","02-detection/queries/splunk/OTD-0222__off-hours-privileged-logon.spl","included","02-detection/queries/splunk/OTD-0222__off-hours-privileged-logon.spl","02-detection/queries/splunk/OTD-0222__off-hours-privileged-logon.spl","dd4603a86cb4858f4b871a16250a3877fb756377c9c21d502a24819f5aa2333d"
"OT-detection-program","02-detection/queries/splunk/OTD-0223__disabled-dormant-account-use.spl","included","02-detection/queries/splunk/OTD-0223__disabled-dormant-account-use.spl","02-detection/queries/splunk/OTD-0223__disabled-dormant-account-use.spl","a1860070fecd139388657ebe36f60563acabf5e3413d6a9a925b50ee51bdea20"
"OT-detection-program","02-detection/queries/splunk/OTD-0224__mfa-fatigue.spl","included","02-detection/queries/splunk/OTD-0224__mfa-fatigue.spl","02-detection/queries/splunk/OTD-0224__mfa-fatigue.spl","c1aeb24393238d07874ac721ef9ca49aa506e1a27503906d2c0ceccd9453fe5d"
"OT-detection-program","02-detection/queries/splunk/OTD-0225__ingress-egress-volume-baseline-deviation.spl","included","02-detection/queries/splunk/OTD-0225__ingress-egress-volume-baseline-deviation.spl","02-detection/queries/splunk/OTD-0225__ingress-egress-volume-baseline-deviation.spl","8f7cdc95e99cbddfb7a2d35b7fd2385d3567ebe836fedc48040744b600ca7d14"
"OT-detection-program","02-detection/queries/splunk/OTD-0226__syn-flood.spl","included","02-detection/queries/splunk/OTD-0226__syn-flood.spl","02-detection/queries/splunk/OTD-0226__syn-flood.spl","6fd616127984b95b3bb8dffbff94d112b485067f83028729b8026bd6e9665c16"
"OT-detection-program","02-detection/queries/splunk/OTD-0227__udp-amplification-flood.spl","included","02-detection/queries/splunk/OTD-0227__udp-amplification-flood.spl","02-detection/queries/splunk/OTD-0227__udp-amplification-flood.spl","a9d9286256fb50cb0c1ce5e87074eb07423e90ab22aa98af0c77dbdf86c7656d"
"OT-detection-program","02-detection/queries/splunk/OTD-0228__connection-rate-spike-to-a-service.spl","included","02-detection/queries/splunk/OTD-0228__connection-rate-spike-to-a-service.spl","02-detection/queries/splunk/OTD-0228__connection-rate-spike-to-a-service.spl","ca50d9a4bccb9b080976b968d4f7213a1b69250dc4bdee94893474ab6e4f44b9"
"OT-detection-program","02-detection/queries/splunk/OTD-0229__source-fan-in-ddos.spl","included","02-detection/queries/splunk/OTD-0229__source-fan-in-ddos.spl","02-detection/queries/splunk/OTD-0229__source-fan-in-ddos.spl","b8de4999f3d9bb303c0e3650160149540f1806ef01c7e9618541591743b75f2f"
"OT-detection-program","02-detection/queries/splunk/OTD-0230__icmp-flood.spl","included","02-detection/queries/splunk/OTD-0230__icmp-flood.spl","02-detection/queries/splunk/OTD-0230__icmp-flood.spl","9f6da7d58556b579f08cf35fb33125beffbc2d87a072a01dd6c7dbfef4ed57fd"
"OT-detection-program","02-detection/queries/splunk/OTD-0231__perimeter-deny-surge.spl","included","02-detection/queries/splunk/OTD-0231__perimeter-deny-surge.spl","02-detection/queries/splunk/OTD-0231__perimeter-deny-surge.spl","10940c10410fd2438bf05a004264d49102df6250bb06cc2deb1fe2c870117b8e"
"OT-detection-program","02-detection/queries/splunk/OTD-0232__resource-exhaustion-on-public-service.spl","included","02-detection/queries/splunk/OTD-0232__resource-exhaustion-on-public-service.spl","02-detection/queries/splunk/OTD-0232__resource-exhaustion-on-public-service.spl","93120b11bd78089653ee9194369e17e33b63f02242e05dcc567320f1dc4a0270"
"OT-detection-program","02-detection/queries/splunk/OTD-0233__dns-tunnelling.spl","included","02-detection/queries/splunk/OTD-0233__dns-tunnelling.spl","02-detection/queries/splunk/OTD-0233__dns-tunnelling.spl","f2695bdcd233a22a0e3897567a0c32d2fc423768d64ae41a3aee70ef909e05b9"
"OT-detection-program","02-detection/queries/splunk/OTD-0234__dga-activity.spl","included","02-detection/queries/splunk/OTD-0234__dga-activity.spl","02-detection/queries/splunk/OTD-0234__dga-activity.spl","401c64fe5186c803ec82a1f59454120f116b12c49d248e72947258789ecee9c9"
"OT-detection-program","02-detection/queries/splunk/OTD-0235__rare-new-external-domain.spl","included","02-detection/queries/splunk/OTD-0235__rare-new-external-domain.spl","02-detection/queries/splunk/OTD-0235__rare-new-external-domain.spl","9d4d2494077db242c129b48b3c0e2b6fa2ace088ada1521bd04f4681a05b0915"
"OT-detection-program","02-detection/queries/splunk/OTD-0236__beaconing-c2.spl","included","02-detection/queries/splunk/OTD-0236__beaconing-c2.spl","02-detection/queries/splunk/OTD-0236__beaconing-c2.spl","f5c7a3f354a00a66061bad4f3c490f75726d75d237973b2f042fa656b00e59c4"
"OT-detection-program","02-detection/queries/splunk/OTD-0237__connection-count-outlier.spl","included","02-detection/queries/splunk/OTD-0237__connection-count-outlier.spl","02-detection/queries/splunk/OTD-0237__connection-count-outlier.spl","7a0ef744bfcefffeef5cb2b51eebe12c70ad34adc8e10728bde1f536d4513a93"
"OT-detection-program","02-detection/queries/splunk/OTD-0238__data-volume-exfil-outlier.spl","included","02-detection/queries/splunk/OTD-0238__data-volume-exfil-outlier.spl","02-detection/queries/splunk/OTD-0238__data-volume-exfil-outlier.spl","fe49f3cfce4e9ceb839f7f13465ebe66826d5531d8ac7b990e7be8e5dd64e9a1"
"OT-detection-program","02-detection/queries/splunk/OTD-0239__long-lived-high-byte-session.spl","included","02-detection/queries/splunk/OTD-0239__long-lived-high-byte-session.spl","02-detection/queries/splunk/OTD-0239__long-lived-high-byte-session.spl","d097e9e8bc3b0d7e718198dba56294c8562ed173b886ea6634995f23c1c295dd"
"OT-detection-program","02-detection/queries/splunk/OTD-0240__doh-rare-resolver.spl","included","02-detection/queries/splunk/OTD-0240__doh-rare-resolver.spl","02-detection/queries/splunk/OTD-0240__doh-rare-resolver.spl","ba7c6a580dc350577d22f1c494738b27b1fb3e350e803a6e76677530e1282131"
"OT-detection-program","02-detection/queries/splunk/OTD-0241__threat-intel-ioc-hit.spl","included","02-detection/queries/splunk/OTD-0241__threat-intel-ioc-hit.spl","02-detection/queries/splunk/OTD-0241__threat-intel-ioc-hit.spl","743d30421eafed1b87b5b03b15c61be6b050c64315b6dad209752f6ce5817bc3"
"OT-detection-program","02-detection/queries/splunk/OTD-0242__tor-usage.spl","included","02-detection/queries/splunk/OTD-0242__tor-usage.spl","02-detection/queries/splunk/OTD-0242__tor-usage.spl","763ee8c2dbc8786db099af1d25e1cdf3e8c9a3783351cb117b56aa97e66d5045"
"OT-detection-program","02-detection/queries/splunk/OTD-0243__crypto-mining.spl","included","02-detection/queries/splunk/OTD-0243__crypto-mining.spl","02-detection/queries/splunk/OTD-0243__crypto-mining.spl","8e563664310ea57e34b734b8ca87a521a680b890b88bc68ee77f28e59f0e097b"
"OT-detection-program","02-detection/queries/splunk/OTD-0244__p2p-torrent.spl","included","02-detection/queries/splunk/OTD-0244__p2p-torrent.spl","02-detection/queries/splunk/OTD-0244__p2p-torrent.spl","91082c30d941f4ce59731bfc02a50ff401e73372d92ee303c0726a2a74aacbfd"
"OT-detection-program","02-detection/queries/splunk/OTD-0245__geo-prohibited-destination.spl","included","02-detection/queries/splunk/OTD-0245__geo-prohibited-destination.spl","02-detection/queries/splunk/OTD-0245__geo-prohibited-destination.spl","c247855e576d0924137ec8ac59930113f23b9b25e6d7a5fa47197e030ac42cd2"
"OT-detection-program","02-detection/queries/splunk/OTD-0246__unauthorized-cloud-storage.spl","included","02-detection/queries/splunk/OTD-0246__unauthorized-cloud-storage.spl","02-detection/queries/splunk/OTD-0246__unauthorized-cloud-storage.spl","bbb9ad93a05211aeaaa4d7b0caf55a7be6b30bda06c96ec6dc30845948dce646"
"OT-detection-program","02-detection/queries/splunk/OTD-0247__prohibited-cleartext-protocol.spl","included","02-detection/queries/splunk/OTD-0247__prohibited-cleartext-protocol.spl","02-detection/queries/splunk/OTD-0247__prohibited-cleartext-protocol.spl","df3b00faa2c6f35ed70d18c81313366f9dc83fbb797913d334cb4fdae194a687"
"OT-detection-program","02-detection/queries/splunk/OTD-0248__unauthorized-remote-access-tool.spl","included","02-detection/queries/splunk/OTD-0248__unauthorized-remote-access-tool.spl","02-detection/queries/splunk/OTD-0248__unauthorized-remote-access-tool.spl","7a4f9a5e6ac29163ccc3f69d46649dc1fb447280a10ebff1eb200e8032730bcf"
"OT-detection-program","02-detection/queries/splunk/OTD-0249__traffic-to-newly-registered-domain.spl","included","02-detection/queries/splunk/OTD-0249__traffic-to-newly-registered-domain.spl","02-detection/queries/splunk/OTD-0249__traffic-to-newly-registered-domain.spl","0f8750c22b2778dc5c099009bdc2d8d3f82fe2198a7436d0c5f217a8c6919b06"
"OT-detection-program","02-detection/queries/splunk/OTD-0250__outbound-vertical-scan.spl","included","02-detection/queries/splunk/OTD-0250__outbound-vertical-scan.spl","02-detection/queries/splunk/OTD-0250__outbound-vertical-scan.spl","54e64a9ca6e156fe64d70b85de5a00e71efeaba5eb40fc20d3d8fa240f08bb29"
"OT-detection-program","02-detection/queries/splunk/OTD-0251__high-outbound-deny-rate.spl","included","02-detection/queries/splunk/OTD-0251__high-outbound-deny-rate.spl","02-detection/queries/splunk/OTD-0251__high-outbound-deny-rate.spl","1b3efe2d22800fb4e4b86363f05bf8e8c8cce6ca59fc66d25e030036315b1936"
"OT-detection-program","02-detection/queries/splunk/OTD-0252__web-login-brute-force.spl","included","02-detection/queries/splunk/OTD-0252__web-login-brute-force.spl","02-detection/queries/splunk/OTD-0252__web-login-brute-force.spl","c770609bc69415d8af34bcfe7ed422a73fbb698353a738218a363e21f7136cb1"
"OT-detection-program","02-detection/queries/splunk/OTD-0253__directory-endpoint-enumeration.spl","included","02-detection/queries/splunk/OTD-0253__directory-endpoint-enumeration.spl","02-detection/queries/splunk/OTD-0253__directory-endpoint-enumeration.spl","2e87e8971ae07bf69fa83f5b2bfa9b160dc4bd9ac9cbbef8a4f033bb2ea286e3"
"OT-detection-program","02-detection/queries/splunk/OTD-0254__injection-patterns-sqli-xss-cmd.spl","included","02-detection/queries/splunk/OTD-0254__injection-patterns-sqli-xss-cmd.spl","02-detection/queries/splunk/OTD-0254__injection-patterns-sqli-xss-cmd.spl","1031c0e70efe90c36e5e1362bea7080b6cb7e4540f5348f77b76a6f9ba44ec1e"
"OT-detection-program","02-detection/queries/splunk/OTD-0255__high-5xx-error-spike.spl","included","02-detection/queries/splunk/OTD-0255__high-5xx-error-spike.spl","02-detection/queries/splunk/OTD-0255__high-5xx-error-spike.spl","ecd20a4e4cf07a70996fa365f22e2eb1ec005e1925a3f2612f93438926ac0bed"
"OT-detection-program","02-detection/queries/splunk/OTD-0256__suspicious-user-agent-tool.spl","included","02-detection/queries/splunk/OTD-0256__suspicious-user-agent-tool.spl","02-detection/queries/splunk/OTD-0256__suspicious-user-agent-tool.spl","9af88e5ae9fd82d4ac5e22a0843a9e72f3edc7cdc8db52df79690f68c826fd2c"
"OT-detection-program","02-detection/queries/splunk/OTD-0257__web-shell-indicators.spl","included","02-detection/queries/splunk/OTD-0257__web-shell-indicators.spl","02-detection/queries/splunk/OTD-0257__web-shell-indicators.spl","38f11f43fa2022cecbccf945bb7ff5d320a91129345549910da5468ef40d9710"
"OT-detection-program","02-detection/README.md","included","02-detection/README.md","02-detection/README.md","186f751b26a0c10723d1f9420a8de407aba662c6089170ff9f4f428da7f53b79"
"OT-detection-program","02-detection/sigma/advisory/01_unitronics-vision-plc-default-port-access-bauxite-pattern.yml","included","02-detection/sigma/advisory/01_unitronics-vision-plc-default-port-access-bauxite-pattern.yml","02-detection/sigma/advisory/01_unitronics-vision-plc-default-port-access-bauxite-pattern.yml","cce678d6b0ace180d9fadcd9bacc809bc072dfd9cf3b0c2ef30e3b9e40eff87e"
"OT-detection-program","02-detection/sigma/advisory/02_hmi-display-screen-defacement-or-unauthorized-image-text-ove.yml","included","02-detection/sigma/advisory/02_hmi-display-screen-defacement-or-unauthorized-image-text-ove.yml","02-detection/sigma/advisory/02_hmi-display-screen-defacement-or-unauthorized-image-text-ove.yml","e58adebc13fd01d46f15be912e17e3f70529399a70dbf24435c9de6b28f97820"
"OT-detection-program","02-detection/sigma/advisory/03_post-unitronics-compromise-lateral-movement-via-smb-rdp-from.yml","included","02-detection/sigma/advisory/03_post-unitronics-compromise-lateral-movement-via-smb-rdp-from.yml","02-detection/sigma/advisory/03_post-unitronics-compromise-lateral-movement-via-smb-rdp-from.yml","6fb0682685ad90876c7c96cf3d8592a5dfde4411faa84bab6ef7ab55f1fa339c"
"OT-detection-program","02-detection/sigma/advisory/04_remote-management-tool-installation-on-ot-adjacent-host-mudd.yml","included","02-detection/sigma/advisory/04_remote-management-tool-installation-on-ot-adjacent-host-mudd.yml","02-detection/sigma/advisory/04_remote-management-tool-installation-on-ot-adjacent-host-mudd.yml","401b888e11144060597ed4db9caaeded0278db7bdc6bd5bf876c91ac9cfe5da7"
"OT-detection-program","02-detection/sigma/advisory/05_bulk-exfiltration-of-ot-documentation-and-network-diagrams-m.yml","included","02-detection/sigma/advisory/05_bulk-exfiltration-of-ot-documentation-and-network-diagrams-m.yml","02-detection/sigma/advisory/05_bulk-exfiltration-of-ot-documentation-and-network-diagrams-m.yml","a23598f532890f1a31be27e4c9f3dc3effa82417d57ace53c25546320015416f"
"OT-detection-program","02-detection/sigma/advisory/06_ransomware-precursor-lateral-movement-targeting-historian-or.yml","included","02-detection/sigma/advisory/06_ransomware-precursor-lateral-movement-targeting-historian-or.yml","02-detection/sigma/advisory/06_ransomware-precursor-lateral-movement-targeting-historian-or.yml","4a03fd615465f52068219c6c7d56411067710c3dfa36baf563cf7a697397f5e1"
"OT-detection-program","02-detection/sigma/advisory/07_mass-file-transfer-appliance-exploitation-preceding-ot-docum.yml","included","02-detection/sigma/advisory/07_mass-file-transfer-appliance-exploitation-preceding-ot-docum.yml","02-detection/sigma/advisory/07_mass-file-transfer-appliance-exploitation-preceding-ot-docum.yml","8f1bd2044f9915f0243d2dd3163311e4816688eccfb5d321ec2bb074944ce04f"
"OT-detection-program","02-detection/sigma/advisory/08_sensor-gateway-mass-filesystem-wipe-or-rs485-mbus-disruption.yml","included","02-detection/sigma/advisory/08_sensor-gateway-mass-filesystem-wipe-or-rs485-mbus-disruption.yml","02-detection/sigma/advisory/08_sensor-gateway-mass-filesystem-wipe-or-rs485-mbus-disruption.yml","65ff783198df60d42065c4b568be57f2b843fabcafdd8859786e14255f6cbfe8"
"OT-detection-program","02-detection/sigma/advisory/09_coordinated-multi-site-scada-command-triggering-mass-manual.yml","included","02-detection/sigma/advisory/09_coordinated-multi-site-scada-command-triggering-mass-manual.yml","02-detection/sigma/advisory/09_coordinated-multi-site-scada-command-triggering-mass-manual.yml","951c1e80a495bee8daf19bb368c123d85c94f6eaee2d97e2e063a6ca8b4c7138"
"OT-detection-program","02-detection/sigma/advisory/10_password-spray-against-cloud-identity-tenant-serving-ot-adja.yml","included","02-detection/sigma/advisory/10_password-spray-against-cloud-identity-tenant-serving-ot-adja.yml","02-detection/sigma/advisory/10_password-spray-against-cloud-identity-tenant-serving-ot-adja.yml","4159c76eccc6583ab34490180b92ba4830b27efc9a9c10b70e8776dffc2569d2"
"OT-detection-program","02-detection/sigma/advisory/11_security-event-log-cleared-on-ot-network-system.yml","included","02-detection/sigma/advisory/11_security-event-log-cleared-on-ot-network-system.yml","02-detection/sigma/advisory/11_security-event-log-cleared-on-ot-network-system.yml","8920609fe99a98ba6d86ed4d1f86f5807edb145797bb5b86d03721c9692ff043"
"OT-detection-program","02-detection/sigma/advisory/12_plc-configuration-drift-from-verified-offline-backup.yml","included","02-detection/sigma/advisory/12_plc-configuration-drift-from-verified-offline-backup.yml","02-detection/sigma/advisory/12_plc-configuration-drift-from-verified-offline-backup.yml","3c830fd1b17374b3a7d10bc217d39eaaa31a7a305e059da18de8d055a8cf79bd"
"OT-detection-program","02-detection/sigma/advisory/13_historian-query-pattern-anomaly-from-it-network-host.yml","included","02-detection/sigma/advisory/13_historian-query-pattern-anomaly-from-it-network-host.yml","02-detection/sigma/advisory/13_historian-query-pattern-anomaly-from-it-network-host.yml","28686cea039425cbdb4ea14f839819059f665f0d1e3ac71610aa9b5806403e1d"
"OT-detection-program","02-detection/sigma/advisory/14_engineering-workstation-outbound-connection-to-infrastructur.yml","included","02-detection/sigma/advisory/14_engineering-workstation-outbound-connection-to-infrastructur.yml","02-detection/sigma/advisory/14_engineering-workstation-outbound-connection-to-infrastructur.yml","4b8d07e06d08141cfa074bdefaefc3d2537a5f04ecb040c5bc8d39a523795bb8"
"OT-detection-program","02-detection/sigma/advisory/15_vendor-vpn-authentication-outside-approved-window-or-geograp.yml","included","02-detection/sigma/advisory/15_vendor-vpn-authentication-outside-approved-window-or-geograp.yml","02-detection/sigma/advisory/15_vendor-vpn-authentication-outside-approved-window-or-geograp.yml","8be514ad095c4efe4635286adee81c7ed145993e6bb562285997ebbc1fc8b153"
"OT-detection-program","02-detection/sigma/advisory/16_dormant-vendor-account-first-use-after-extended-inactivity.yml","included","02-detection/sigma/advisory/16_dormant-vendor-account-first-use-after-extended-inactivity.yml","02-detection/sigma/advisory/16_dormant-vendor-account-first-use-after-extended-inactivity.yml","9e225db60b779436fadf2b784872b493779ebcfda451c34546c45d9d8461e2af"
"OT-detection-program","02-detection/sigma/advisory/17_unauthenticated-modbus-dnp3-traffic-through-legacy-serial-to.yml","included","02-detection/sigma/advisory/17_unauthenticated-modbus-dnp3-traffic-through-legacy-serial-to.yml","02-detection/sigma/advisory/17_unauthenticated-modbus-dnp3-traffic-through-legacy-serial-to.yml","b9fc3487fe8981b90b10da28f4aa20c1757f8dae08698f3c0b3a5219763c7dd3"
"OT-detection-program","02-detection/sigma/advisory/18_unauthorized-association-to-industrial-wireless-network-wire.yml","included","02-detection/sigma/advisory/18_unauthorized-association-to-industrial-wireless-network-wire.yml","02-detection/sigma/advisory/18_unauthorized-association-to-industrial-wireless-network-wire.yml","0936e652889df8ed4046b9b8f0f9a6896f4fa91f79578329ac46c177b65ebbcb"
"OT-detection-program","02-detection/sigma/advisory/19_ot-cloud-agent-unexpected-outbound-data-pathway.yml","included","02-detection/sigma/advisory/19_ot-cloud-agent-unexpected-outbound-data-pathway.yml","02-detection/sigma/advisory/19_ot-cloud-agent-unexpected-outbound-data-pathway.yml","56965165f00869c3b13dedd49c9f2d44f014e39b7973b5bfc1becbd9554a3672"
"OT-detection-program","02-detection/sigma/advisory/20_spearphishing-lure-execution-by-ot-engineering-personnel.yml","included","02-detection/sigma/advisory/20_spearphishing-lure-execution-by-ot-engineering-personnel.yml","02-detection/sigma/advisory/20_spearphishing-lure-execution-by-ot-engineering-personnel.yml","b5255f3ca66b120b4c5a82b96f67ad5787d2fe45766396daf5830ab15ce065bf"
"OT-detection-program","02-detection/sigma/advisory/README.md","included","02-detection/sigma/advisory/README.md","02-detection/sigma/advisory/README.md","75868d5007f81eabe0ff9b1fb77c2bf99d70f8b3e73c712cb0ee1307d76de934"
"OT-detection-program","02-detection/sigma/core-protocol/dnp3-restart.yml","included","02-detection/sigma/core-protocol/dnp3-restart.yml","02-detection/sigma/core-protocol/dnp3-restart.yml","31e1a815f9e9448501b940f6cc279b3e635c632e1fb9df433ea35b4b1d2ffadd"
"OT-detection-program","02-detection/sigma/core-protocol/iec104-unauthorized-control.yml","included","02-detection/sigma/core-protocol/iec104-unauthorized-control.yml","02-detection/sigma/core-protocol/iec104-unauthorized-control.yml","dfa2a026f6e3a78ed0f8c5f8ed278008f4bb47f634a9ec284318c2bfe13fe161"
"OT-detection-program","02-detection/sigma/core-protocol/modbus-fc08-restart.yml","included","02-detection/sigma/core-protocol/modbus-fc08-restart.yml","02-detection/sigma/core-protocol/modbus-fc08-restart.yml","2d631558cd4d192b8034dc8a3a436125142632935f2e4aa6f2b5129f154e9bcb"
"OT-detection-program","02-detection/sigma/core-protocol/modbus-unauthorized-write.yml","included","02-detection/sigma/core-protocol/modbus-unauthorized-write.yml","02-detection/sigma/core-protocol/modbus-unauthorized-write.yml","5ad1a3be5c97245745ed34a4c4f25c6a2bae046a7c0a069aa73588ad5a7135d1"
"OT-detection-program","02-detection/sigma/core-protocol/ot-subnet-scan.yml","included","02-detection/sigma/core-protocol/ot-subnet-scan.yml","02-detection/sigma/core-protocol/ot-subnet-scan.yml","19ed67a6eb260312dd2f0dbaf18906e52689c5a6a7b1c58ac9deeb7bf10e53ff"
"OT-detection-program","02-detection/sigma/core-protocol/s7comm-stop-cpu.yml","included","02-detection/sigma/core-protocol/s7comm-stop-cpu.yml","02-detection/sigma/core-protocol/s7comm-stop-cpu.yml","caa098b9a3ab823d8fe64d239715b620dbd67331c84f85af3cb86e3d969751bf"
"OT-detection-program","02-detection/sigma/it-dmz-ot-crosszone/01_direct-it-to-ot-dmz-connection-bypassing-jump-host.yml","included","02-detection/sigma/it-dmz-ot-crosszone/01_direct-it-to-ot-dmz-connection-bypassing-jump-host.yml","02-detection/sigma/it-dmz-ot-crosszone/01_direct-it-to-ot-dmz-connection-bypassing-jump-host.yml","0199d56d706b919666e291f59e7150641a75377423fd9a94b3d02f364c0519f7"
"OT-detection-program","02-detection/sigma/it-dmz-ot-crosszone/02_unauthorized-lateral-movement-protocol-entering-ot-dmz.yml","included","02-detection/sigma/it-dmz-ot-crosszone/02_unauthorized-lateral-movement-protocol-entering-ot-dmz.yml","02-detection/sigma/it-dmz-ot-crosszone/02_unauthorized-lateral-movement-protocol-entering-ot-dmz.yml","dd5604b3b3fc48e17f0b2c3077e7fff35698f9f86709192262146990bebee861"
"OT-detection-program","02-detection/sigma/it-dmz-ot-crosszone/03_ot-dmz-historian-replication-direction-anomaly.yml","included","02-detection/sigma/it-dmz-ot-crosszone/03_ot-dmz-historian-replication-direction-anomaly.yml","02-detection/sigma/it-dmz-ot-crosszone/03_ot-dmz-historian-replication-direction-anomaly.yml","b543538dd968f19f550656cbb7e6403703b342847dd96b3523cdef92a1abbae6"
"OT-detection-program","02-detection/sigma/it-dmz-ot-crosszone/04_av-patch-management-push-to-dmz-outside-maintenance-window-o.yml","included","02-detection/sigma/it-dmz-ot-crosszone/04_av-patch-management-push-to-dmz-outside-maintenance-window-o.yml","02-detection/sigma/it-dmz-ot-crosszone/04_av-patch-management-push-to-dmz-outside-maintenance-window-o.yml","2e5f7aa450ebfe474e29f853c357eabcb8b65b7d927005f3078dccef1dee6b19"
"OT-detection-program","02-detection/sigma/it-dmz-ot-crosszone/05_ot-dmz-asset-external-dns-or-ntp-resolution-attempt.yml","included","02-detection/sigma/it-dmz-ot-crosszone/05_ot-dmz-asset-external-dns-or-ntp-resolution-attempt.yml","02-detection/sigma/it-dmz-ot-crosszone/05_ot-dmz-asset-external-dns-or-ntp-resolution-attempt.yml","c51d594ba0efacf5fcb949bb1f51dbd67651569aafcda4e215a0cda37ad7447e"
"OT-detection-program","02-detection/sigma/it-dmz-ot-crosszone/06_web-or-email-content-landing-on-ot-dmz-jump-host.yml","included","02-detection/sigma/it-dmz-ot-crosszone/06_web-or-email-content-landing-on-ot-dmz-jump-host.yml","02-detection/sigma/it-dmz-ot-crosszone/06_web-or-email-content-landing-on-ot-dmz-jump-host.yml","958ff13b17cad7dd3b8093dc78eff8ff1516bd82c94b5dc387c81afa5fe0da40"
"OT-detection-program","02-detection/sigma/it-dmz-ot-crosszone/07_jump-host-issuing-ot-control-protocol-traffic-directly.yml","included","02-detection/sigma/it-dmz-ot-crosszone/07_jump-host-issuing-ot-control-protocol-traffic-directly.yml","02-detection/sigma/it-dmz-ot-crosszone/07_jump-host-issuing-ot-control-protocol-traffic-directly.yml","da649d037e6015f0556f2ae24b0a7be6358301d65fc8129dca82a68b2e9c3d60"
"OT-detection-program","02-detection/sigma/it-dmz-ot-crosszone/08_remote-access-session-into-l3-without-approved-change-window.yml","included","02-detection/sigma/it-dmz-ot-crosszone/08_remote-access-session-into-l3-without-approved-change-window.yml","02-detection/sigma/it-dmz-ot-crosszone/08_remote-access-session-into-l3-without-approved-change-window.yml","14c190ab49328706c89bcfa6ab6b9244fd56115c16ab1b55d9c578d3bf2f7a35"
"OT-detection-program","02-detection/sigma/it-dmz-ot-crosszone/09_shared-or-service-account-used-from-unusual-dmz-source.yml","included","02-detection/sigma/it-dmz-ot-crosszone/09_shared-or-service-account-used-from-unusual-dmz-source.yml","02-detection/sigma/it-dmz-ot-crosszone/09_shared-or-service-account-used-from-unusual-dmz-source.yml","9e3ba3d4c2f110b7567ae65bb0a2a8d6d3f7137da34dcbd92cde7239262824c4"
"OT-detection-program","02-detection/sigma/it-dmz-ot-crosszone/10_file-transfer-from-dmz-to-l3-with-executable-or-engineering.yml","included","02-detection/sigma/it-dmz-ot-crosszone/10_file-transfer-from-dmz-to-l3-with-executable-or-engineering.yml","02-detection/sigma/it-dmz-ot-crosszone/10_file-transfer-from-dmz-to-l3-with-executable-or-engineering.yml","089b7c29f39e8b76f0a6e3fe5ccec48229c51964a40bafa26e3fb714b0c89780"
"OT-detection-program","02-detection/sigma/it-dmz-ot-crosszone/11_vendor-remote-access-session-duration-or-scope-anomaly.yml","included","02-detection/sigma/it-dmz-ot-crosszone/11_vendor-remote-access-session-duration-or-scope-anomaly.yml","02-detection/sigma/it-dmz-ot-crosszone/11_vendor-remote-access-session-duration-or-scope-anomaly.yml","0f4ea227ca499b3ecbbffb8e0680c6c8717fbe35742b301c2ff28b46dcccdfde"
"OT-detection-program","02-detection/sigma/it-dmz-ot-crosszone/12_unscheduled-hmi-project-or-configuration-deployment.yml","included","02-detection/sigma/it-dmz-ot-crosszone/12_unscheduled-hmi-project-or-configuration-deployment.yml","02-detection/sigma/it-dmz-ot-crosszone/12_unscheduled-hmi-project-or-configuration-deployment.yml","6643ebaae6b37c140b959b9b44d812f5477e0c26dfdf5e64023a21c5dbdb3185"
"OT-detection-program","02-detection/sigma/it-dmz-ot-crosszone/13_new-or-modified-scheduled-task-on-hmi-or-scada-server.yml","included","02-detection/sigma/it-dmz-ot-crosszone/13_new-or-modified-scheduled-task-on-hmi-or-scada-server.yml","02-detection/sigma/it-dmz-ot-crosszone/13_new-or-modified-scheduled-task-on-hmi-or-scada-server.yml","d66cb0e56ef62e29fcb28c0a739d1637856e21d7a6f63f24cba1bc13445cd42a"
"OT-detection-program","02-detection/sigma/it-dmz-ot-crosszone/14_engineering-software-launched-by-non-engineering-account.yml","included","02-detection/sigma/it-dmz-ot-crosszone/14_engineering-software-launched-by-non-engineering-account.yml","02-detection/sigma/it-dmz-ot-crosszone/14_engineering-software-launched-by-non-engineering-account.yml","c8bc332e1a1ba8c198a6e6040dfb6b93897e75da86568493b61d95b59a0dca65"
"OT-detection-program","02-detection/sigma/it-dmz-ot-crosszone/15_abnormal-authentication-pattern-on-scada-or-hmi-server.yml","included","02-detection/sigma/it-dmz-ot-crosszone/15_abnormal-authentication-pattern-on-scada-or-hmi-server.yml","02-detection/sigma/it-dmz-ot-crosszone/15_abnormal-authentication-pattern-on-scada-or-hmi-server.yml","b7a095422c2a8a7ec25aad43c3d4ad3206971fb4c1737eb2d04eab71986e7010"
"OT-detection-program","02-detection/sigma/it-dmz-ot-crosszone/16_unexpected-outbound-connection-from-l2-hmi-toward-dmz-or-it.yml","included","02-detection/sigma/it-dmz-ot-crosszone/16_unexpected-outbound-connection-from-l2-hmi-toward-dmz-or-it.yml","02-detection/sigma/it-dmz-ot-crosszone/16_unexpected-outbound-connection-from-l2-hmi-toward-dmz-or-it.yml","e40f97761310757c91c937f9f6206d2a47405f28cfe3fb049b851b66c2000905"
"OT-detection-program","02-detection/sigma/it-dmz-ot-crosszone/17_control-command-from-hmi-outside-documented-hmi-to-plc-pairi.yml","included","02-detection/sigma/it-dmz-ot-crosszone/17_control-command-from-hmi-outside-documented-hmi-to-plc-pairi.yml","02-detection/sigma/it-dmz-ot-crosszone/17_control-command-from-hmi-outside-documented-hmi-to-plc-pairi.yml","2691136cd02ddf1da5c557fa514d0c91bf0e54f44ecbe3ac86a114201876158a"
"OT-detection-program","02-detection/sigma/it-dmz-ot-crosszone/18_plc-logic-or-firmware-upload-from-non-engineering-host.yml","included","02-detection/sigma/it-dmz-ot-crosszone/18_plc-logic-or-firmware-upload-from-non-engineering-host.yml","02-detection/sigma/it-dmz-ot-crosszone/18_plc-logic-or-firmware-upload-from-non-engineering-host.yml","4dc73eba14099703284dd2fdc6e2ca19c94ee5ad799678ff5c4e7ad992623d0b"
"OT-detection-program","02-detection/sigma/it-dmz-ot-crosszone/19_engineering-protocol-session-opened-by-hmi-account.yml","included","02-detection/sigma/it-dmz-ot-crosszone/19_engineering-protocol-session-opened-by-hmi-account.yml","02-detection/sigma/it-dmz-ot-crosszone/19_engineering-protocol-session-opened-by-hmi-account.yml","604732f9578fdb33db20995e7851145099489ad86cbb2e9adbce4906da102fba"
"OT-detection-program","02-detection/sigma/it-dmz-ot-crosszone/20_safety-instrumented-system-point-forced-or-overridden.yml","included","02-detection/sigma/it-dmz-ot-crosszone/20_safety-instrumented-system-point-forced-or-overridden.yml","02-detection/sigma/it-dmz-ot-crosszone/20_safety-instrumented-system-point-forced-or-overridden.yml","78f357da669ab09303edada72a5ba53f1882f2b6b9b03fc39dcd4642ed23325f"
"OT-detection-program","02-detection/sigma/it-dmz-ot-crosszone/21_setpoint-change-exceeding-safe-delta-threshold.yml","included","02-detection/sigma/it-dmz-ot-crosszone/21_setpoint-change-exceeding-safe-delta-threshold.yml","02-detection/sigma/it-dmz-ot-crosszone/21_setpoint-change-exceeding-safe-delta-threshold.yml","a7f900ab6af887a660e8bae342a01badb909522fdadfb93ed54c1728afc65388"
"OT-detection-program","02-detection/sigma/it-dmz-ot-crosszone/22_redundant-sensor-correlation-divergence.yml","included","02-detection/sigma/it-dmz-ot-crosszone/22_redundant-sensor-correlation-divergence.yml","02-detection/sigma/it-dmz-ot-crosszone/22_redundant-sensor-correlation-divergence.yml","271f9ff3f91373e8498e75b6f39d700e182fc3b7ab01b90fd3336ac8ff4d556b"
"OT-detection-program","02-detection/sigma/it-dmz-ot-crosszone/23_first-time-asset-communication-across-a-zone-boundary.yml","included","02-detection/sigma/it-dmz-ot-crosszone/23_first-time-asset-communication-across-a-zone-boundary.yml","02-detection/sigma/it-dmz-ot-crosszone/23_first-time-asset-communication-across-a-zone-boundary.yml","3ac2827518b9c49170ca306767c93cec31feb7079f7bce105ca5339e32363449"
"OT-detection-program","02-detection/sigma/it-dmz-ot-crosszone/24_zone-enforcement-firewall-rule-hit-count-anomaly.yml","included","02-detection/sigma/it-dmz-ot-crosszone/24_zone-enforcement-firewall-rule-hit-count-anomaly.yml","02-detection/sigma/it-dmz-ot-crosszone/24_zone-enforcement-firewall-rule-hit-count-anomaly.yml","c4f792cae9687c0ad0baf8aced0aca15038b4478165fd84996cdeba0314842b8"
"OT-detection-program","02-detection/sigma/it-dmz-ot-crosszone/25_removable-media-event-on-dmz-or-l3-asset.yml","included","02-detection/sigma/it-dmz-ot-crosszone/25_removable-media-event-on-dmz-or-l3-asset.yml","02-detection/sigma/it-dmz-ot-crosszone/25_removable-media-event-on-dmz-or-l3-asset.yml","d8591b1fffe48c1815e5add4b492de2c6de4fe4d4abd7190d416644050f085b5"
"OT-detection-program","02-detection/sigma/it-dmz-ot-crosszone/26_east-west-traffic-between-l1-controllers-across-process-cell.yml","included","02-detection/sigma/it-dmz-ot-crosszone/26_east-west-traffic-between-l1-controllers-across-process-cell.yml","02-detection/sigma/it-dmz-ot-crosszone/26_east-west-traffic-between-l1-controllers-across-process-cell.yml","4fe4f372a038c674c58082decf60597565bc5f6dc74cdd68dcc66135b1709cfc"
"OT-detection-program","02-detection/sigma/it-dmz-ot-crosszone/27_ntp-or-time-desynchronization-anomaly-across-it-ot-path.yml","included","02-detection/sigma/it-dmz-ot-crosszone/27_ntp-or-time-desynchronization-anomaly-across-it-ot-path.yml","02-detection/sigma/it-dmz-ot-crosszone/27_ntp-or-time-desynchronization-anomaly-across-it-ot-path.yml","239f09b72345f9f938fbabab0fae236efcb254d9ebfe2ef6fb1154e22896cd86"
"OT-detection-program","02-detection/sigma/it-dmz-ot-crosszone/README.md","included","02-detection/sigma/it-dmz-ot-crosszone/README.md","02-detection/sigma/it-dmz-ot-crosszone/README.md","4c8831a81a73c0df046a903a84c988081075731ae809c7676de50ce42132e818"
"OT-detection-program","02-detection/sigma/ot-ics-soc/01_modbus-write-operation-from-unauthorized-source.yml","included","02-detection/sigma/ot-ics-soc/01_modbus-write-operation-from-unauthorized-source.yml","02-detection/sigma/ot-ics-soc/01_modbus-write-operation-from-unauthorized-source.yml","b06122e1c2fc6bfc3e4b1d82d0b7722d73d27d72105aaf47545c51aa178fd1d6"
"OT-detection-program","02-detection/sigma/ot-ics-soc/02_modbus-diagnostic-restart-communications-function-code.yml","included","02-detection/sigma/ot-ics-soc/02_modbus-diagnostic-restart-communications-function-code.yml","02-detection/sigma/ot-ics-soc/02_modbus-diagnostic-restart-communications-function-code.yml","7d1d065f140150fb3a49788f36c463f6665ef362732a751f5f559e04ffe7a5e7"
"OT-detection-program","02-detection/sigma/ot-ics-soc/03_modbus-exception-response-flood-possible-scanning-or-fuzzing.yml","included","02-detection/sigma/ot-ics-soc/03_modbus-exception-response-flood-possible-scanning-or-fuzzing.yml","02-detection/sigma/ot-ics-soc/03_modbus-exception-response-flood-possible-scanning-or-fuzzing.yml","15473b29cded5a55996a92e8bff1fb0e50c278efcbeb0f462a8e1041965bacab"
"OT-detection-program","02-detection/sigma/ot-ics-soc/04_modbus-write-to-coil-register-outside-approved-change-window.yml","included","02-detection/sigma/ot-ics-soc/04_modbus-write-to-coil-register-outside-approved-change-window.yml","02-detection/sigma/ot-ics-soc/04_modbus-write-to-coil-register-outside-approved-change-window.yml","8764a5f3cccf697990548048b7f3d7da32bf8c44d4d4658b551938b5d652622f"
"OT-detection-program","02-detection/sigma/ot-ics-soc/05_dnp3-cold-or-warm-restart-command-issued.yml","included","02-detection/sigma/ot-ics-soc/05_dnp3-cold-or-warm-restart-command-issued.yml","02-detection/sigma/ot-ics-soc/05_dnp3-cold-or-warm-restart-command-issued.yml","4823895b63a25c901f07aabd185facf7ff6984d064954bf19a4d773663e43021"
"OT-detection-program","02-detection/sigma/ot-ics-soc/06_dnp3-disable-unsolicited-responses-command.yml","included","02-detection/sigma/ot-ics-soc/06_dnp3-disable-unsolicited-responses-command.yml","02-detection/sigma/ot-ics-soc/06_dnp3-disable-unsolicited-responses-command.yml","19ab806797c7927437b50a455bf5e48793c81383b62da6f0a697b7a04046e2a2"
"OT-detection-program","02-detection/sigma/ot-ics-soc/07_dnp3-direct-operate-without-preceding-select-bypass-of-selec.yml","included","02-detection/sigma/ot-ics-soc/07_dnp3-direct-operate-without-preceding-select-bypass-of-selec.yml","02-detection/sigma/ot-ics-soc/07_dnp3-direct-operate-without-preceding-select-bypass-of-selec.yml","24aedc1aa79b695414157a81fe58f9904044f26854e392a3d9bc9b95b4303f36"
"OT-detection-program","02-detection/sigma/ot-ics-soc/08_dnp3-crob-control-command-outside-maintenance-window.yml","included","02-detection/sigma/ot-ics-soc/08_dnp3-crob-control-command-outside-maintenance-window.yml","02-detection/sigma/ot-ics-soc/08_dnp3-crob-control-command-outside-maintenance-window.yml","e64b0148ff87ca576408addb1d1d44fc0675a7a363f4ed839bbeecaa7c66f3bc"
"OT-detection-program","02-detection/sigma/ot-ics-soc/09_opc-ua-session-established-with-anonymous-authentication.yml","included","02-detection/sigma/ot-ics-soc/09_opc-ua-session-established-with-anonymous-authentication.yml","02-detection/sigma/ot-ics-soc/09_opc-ua-session-established-with-anonymous-authentication.yml","b159d51464cdde32b297ffc500a7386802aa68e76404f80ffd45d9d8e1e249d7"
"OT-detection-program","02-detection/sigma/ot-ics-soc/10_opc-ua-untrusted-or-self-signed-certificate-accepted.yml","included","02-detection/sigma/ot-ics-soc/10_opc-ua-untrusted-or-self-signed-certificate-accepted.yml","02-detection/sigma/ot-ics-soc/10_opc-ua-untrusted-or-self-signed-certificate-accepted.yml","37da3f6111a8612916808c3a4c4d878442aad079a97c4029b1c6b3aa065b149a"
"OT-detection-program","02-detection/sigma/ot-ics-soc/11_opc-ua-write-request-to-critical-node-from-unauthorized-clie.yml","included","02-detection/sigma/ot-ics-soc/11_opc-ua-write-request-to-critical-node-from-unauthorized-clie.yml","02-detection/sigma/ot-ics-soc/11_opc-ua-write-request-to-critical-node-from-unauthorized-clie.yml","7c50553fe99cece382ea65c1c10732ce36587b34143d89ff63d385e1bc00b477"
"OT-detection-program","02-detection/sigma/ot-ics-soc/12_opc-ua-address-space-browse-flood-reconnaissance.yml","included","02-detection/sigma/ot-ics-soc/12_opc-ua-address-space-browse-flood-reconnaissance.yml","02-detection/sigma/ot-ics-soc/12_opc-ua-address-space-browse-flood-reconnaissance.yml","6be0cb660f90ba6e1607305b0b65206483780fc2a3db1f8bc4da122a8fb6252c"
"OT-detection-program","02-detection/sigma/ot-ics-soc/13_s7comm-plc-stop-command-issued.yml","included","02-detection/sigma/ot-ics-soc/13_s7comm-plc-stop-command-issued.yml","02-detection/sigma/ot-ics-soc/13_s7comm-plc-stop-command-issued.yml","48676b592442b0e924ae80fc09a93c416d4a572beb880b6eecbbeff072c488ea"
"OT-detection-program","02-detection/sigma/ot-ics-soc/14_s7comm-program-block-download-upload-outside-change-window.yml","included","02-detection/sigma/ot-ics-soc/14_s7comm-program-block-download-upload-outside-change-window.yml","02-detection/sigma/ot-ics-soc/14_s7comm-program-block-download-upload-outside-change-window.yml","4e7bdda3de906b08a2277814745c240ded94b055121aa9bca89afb0d5cee1b31"
"OT-detection-program","02-detection/sigma/ot-ics-soc/15_s7comm-system-status-list-szl-enumeration.yml","included","02-detection/sigma/ot-ics-soc/15_s7comm-system-status-list-szl-enumeration.yml","02-detection/sigma/ot-ics-soc/15_s7comm-system-status-list-szl-enumeration.yml","b54ab8f8c674e17923050fb8cbf8c37263af0fe75a79f1bb25c3a83fa656df09"
"OT-detection-program","02-detection/sigma/ot-ics-soc/16_iec-60870-5-104-general-interrogation-from-unauthorized-mast.yml","included","02-detection/sigma/ot-ics-soc/16_iec-60870-5-104-general-interrogation-from-unauthorized-mast.yml","02-detection/sigma/ot-ics-soc/16_iec-60870-5-104-general-interrogation-from-unauthorized-mast.yml","2459b7d9e06dc88baa5046aa122ff29cdd0963aecff142dd987708379d459049"
"OT-detection-program","02-detection/sigma/ot-ics-soc/17_iec-60870-5-104-single-or-double-command-outside-maintenance.yml","included","02-detection/sigma/ot-ics-soc/17_iec-60870-5-104-single-or-double-command-outside-maintenance.yml","02-detection/sigma/ot-ics-soc/17_iec-60870-5-104-single-or-double-command-outside-maintenance.yml","34a1c071384f0c731db43709850520258c1bc6b1c6869779e410c615f8e37c37"
"OT-detection-program","02-detection/sigma/ot-ics-soc/18_iec-60870-5-104-clock-synchronization-command-anomaly.yml","included","02-detection/sigma/ot-ics-soc/18_iec-60870-5-104-clock-synchronization-command-anomaly.yml","02-detection/sigma/ot-ics-soc/18_iec-60870-5-104-clock-synchronization-command-anomaly.yml","148034baf2369ccc5b4a84c74136ea7e5e949dcd627b36dbdc95fb24f9f04534"
"OT-detection-program","02-detection/sigma/ot-ics-soc/19_engineering-workstation-communicating-with-multiple-plcs-acr.yml","included","02-detection/sigma/ot-ics-soc/19_engineering-workstation-communicating-with-multiple-plcs-acr.yml","02-detection/sigma/ot-ics-soc/19_engineering-workstation-communicating-with-multiple-plcs-acr.yml","5661416bf2ddfa796b21ad724547364dd6ebb39548d0aa49758fed5b29250ee3"
"OT-detection-program","02-detection/sigma/ot-ics-soc/20_new-or-unauthorized-asset-communicating-on-ot-engineering-pr.yml","included","02-detection/sigma/ot-ics-soc/20_new-or-unauthorized-asset-communicating-on-ot-engineering-pr.yml","02-detection/sigma/ot-ics-soc/20_new-or-unauthorized-asset-communicating-on-ot-engineering-pr.yml","c93f26028c9a1bbdaf0e97f4adcf5d43f9c6c3c9986506600461a340f0eba81c"
"OT-detection-program","02-detection/sigma/ot-ics-soc/README.md","included","02-detection/sigma/ot-ics-soc/README.md","02-detection/sigma/ot-ics-soc/README.md","4bcef94407c600104a2a0d8ba8cc7e3f99ac56757f3fa048802e737051e13cf7"
"OT-detection-program","02-detection/sigma/threat-actor/01_iec-104-mass-coordinated-breaker-open-command-burst.yml","included","02-detection/sigma/threat-actor/01_iec-104-mass-coordinated-breaker-open-command-burst.yml","02-detection/sigma/threat-actor/01_iec-104-mass-coordinated-breaker-open-command-burst.yml","79a9a674f05a0e3162216b26b329b8e3b6938899831812797a592756c0b2cf51"
"OT-detection-program","02-detection/sigma/threat-actor/02_modbus-holding-register-manipulation-at-abnormal-cadence.yml","included","02-detection/sigma/threat-actor/02_modbus-holding-register-manipulation-at-abnormal-cadence.yml","02-detection/sigma/threat-actor/02_modbus-holding-register-manipulation-at-abnormal-cadence.yml","9619c66c97d31e20509cdadcc4ffa9acd9456f8b6bc7074064319ae5c2b71ea8"
"OT-detection-program","02-detection/sigma/threat-actor/03_mass-disk-wiping-utility-execution-across-multiple-hosts.yml","included","02-detection/sigma/threat-actor/03_mass-disk-wiping-utility-execution-across-multiple-hosts.yml","02-detection/sigma/threat-actor/03_mass-disk-wiping-utility-execution-across-multiple-hosts.yml","eda60eaee4b9a77a40710d349b45fa262bb9bf3689b288a9e7eb1c9a2db4ee82"
"OT-detection-program","02-detection/sigma/threat-actor/04_iec-61850-goose-unauthorized-publisher-or-spoofed-message.yml","included","02-detection/sigma/threat-actor/04_iec-61850-goose-unauthorized-publisher-or-spoofed-message.yml","02-detection/sigma/threat-actor/04_iec-61850-goose-unauthorized-publisher-or-spoofed-message.yml","e6e559a008970106100cf8da0e2686ae8949271f9e1cb668d85b4f75f84b2e44"
"OT-detection-program","02-detection/sigma/threat-actor/05_mass-lateral-deployment-tooling-preceding-suspected-wiper-ac.yml","included","02-detection/sigma/threat-actor/05_mass-lateral-deployment-tooling-preceding-suspected-wiper-ac.yml","02-detection/sigma/threat-actor/05_mass-lateral-deployment-tooling-preceding-suspected-wiper-ac.yml","0724307fa1acdd0b716e54a86737c90179a41f5d302aee9357102ac335b10d75"
"OT-detection-program","02-detection/sigma/threat-actor/06_dns-tunneling-beacon-from-ot-dmz-or-engineering-host.yml","included","02-detection/sigma/threat-actor/06_dns-tunneling-beacon-from-ot-dmz-or-engineering-host.yml","02-detection/sigma/threat-actor/06_dns-tunneling-beacon-from-ot-dmz-or-engineering-host.yml","90e6c20cc3bcc5b910838a03ef55ec69f7a8223935d1e6d00b6d26bb4599f20a"
"OT-detection-program","02-detection/sigma/threat-actor/07_web-shell-activity-on-internet-facing-ot-adjacent-server.yml","included","02-detection/sigma/threat-actor/07_web-shell-activity-on-internet-facing-ot-adjacent-server.yml","02-detection/sigma/threat-actor/07_web-shell-activity-on-internet-facing-ot-adjacent-server.yml","f48a3c5eb03febd1fb5814c28e3ba8dea6b963854c30605ebaec64f204b83cc8"
"OT-detection-program","02-detection/sigma/threat-actor/08_credential-harvesting-tool-execution-on-engineering-or-scada.yml","included","02-detection/sigma/threat-actor/08_credential-harvesting-tool-execution-on-engineering-or-scada.yml","02-detection/sigma/threat-actor/08_credential-harvesting-tool-execution-on-engineering-or-scada.yml","6709d37f59d2e7ea833adfb4911e4c41b67af94d642a6c2262316a4d036a2219"
"OT-detection-program","02-detection/sigma/threat-actor/09_low-and-slow-https-beaconing-indicative-of-oilrig-class-back.yml","included","02-detection/sigma/threat-actor/09_low-and-slow-https-beaconing-indicative-of-oilrig-class-back.yml","02-detection/sigma/threat-actor/09_low-and-slow-https-beaconing-indicative-of-oilrig-class-back.yml","ea9739d96d16ecaf9ddafa8d2aad6a4338457c3b0c05802cc85a7bbefca43f0b"
"OT-detection-program","02-detection/sigma/threat-actor/10_shamoon-style-mbr-wiper-execution.yml","included","02-detection/sigma/threat-actor/10_shamoon-style-mbr-wiper-execution.yml","02-detection/sigma/threat-actor/10_shamoon-style-mbr-wiper-execution.yml","0d32d9a9c81c408e33e32c710727a44e8ee0dd0ba53f002f0f5047629540c426"
"OT-detection-program","02-detection/sigma/threat-actor/11_password-spray-against-ot-remote-access-portal.yml","included","02-detection/sigma/threat-actor/11_password-spray-against-ot-remote-access-portal.yml","02-detection/sigma/threat-actor/11_password-spray-against-ot-remote-access-portal.yml","f65618d00adb0ff68a3fcf2827dd484ada22705bebd1149356fad97bc59a16ce"
"OT-detection-program","02-detection/sigma/threat-actor/12_mass-malware-spreader-tool-execution-across-multiple-hosts.yml","included","02-detection/sigma/threat-actor/12_mass-malware-spreader-tool-execution-across-multiple-hosts.yml","02-detection/sigma/threat-actor/12_mass-malware-spreader-tool-execution-across-multiple-hosts.yml","a85c559eacc1cd107edc92a1a050a1ac419fd20db4e39dd31e08bae5389b282b"
"OT-detection-program","02-detection/sigma/threat-actor/13_opc-ua-server-enumeration-followed-by-node-value-tampering.yml","included","02-detection/sigma/threat-actor/13_opc-ua-server-enumeration-followed-by-node-value-tampering.yml","02-detection/sigma/threat-actor/13_opc-ua-server-enumeration-followed-by-node-value-tampering.yml","cf0d19c43ec3ac74ea310ed50906e2eb1f8d9fd33e2db3096ed597f6a96171ea"
"OT-detection-program","02-detection/sigma/threat-actor/14_codesys-protocol-command-to-schneider-controller-from-non-en.yml","included","02-detection/sigma/threat-actor/14_codesys-protocol-command-to-schneider-controller-from-non-en.yml","02-detection/sigma/threat-actor/14_codesys-protocol-command-to-schneider-controller-from-non-en.yml","646850e4cf2df4a62dec60643d1fad559174d238246083e6c9e2f39484a011bb"
"OT-detection-program","02-detection/sigma/threat-actor/15_omron-fins-http-backdoor-command-execution.yml","included","02-detection/sigma/threat-actor/15_omron-fins-http-backdoor-command-execution.yml","02-detection/sigma/threat-actor/15_omron-fins-http-backdoor-command-execution.yml","721b165cf9ded5d185b580eab1a28821b4c1624db01045c470988878f70ef350"
"OT-detection-program","02-detection/sigma/threat-actor/16_asrock-rgb-driver-exploitation-attempt-cve-2020-15368.yml","included","02-detection/sigma/threat-actor/16_asrock-rgb-driver-exploitation-attempt-cve-2020-15368.yml","02-detection/sigma/threat-actor/16_asrock-rgb-driver-exploitation-attempt-cve-2020-15368.yml","b43b976bcf55172743ec7f8b44867f1bf5f184b797e3aabdce695639d8c3f04b"
"OT-detection-program","02-detection/sigma/threat-actor/17_triconex-safety-controller-engineering-session-from-unauthor.yml","included","02-detection/sigma/threat-actor/17_triconex-safety-controller-engineering-session-from-unauthor.yml","02-detection/sigma/threat-actor/17_triconex-safety-controller-engineering-session-from-unauthor.yml","dd82e31c1ff9c7045f88e40eeee805bc94a88d1c434bd386a0c91b5b7e1ebb6d"
"OT-detection-program","02-detection/sigma/threat-actor/18_safety-controller-key-switch-or-mode-change-outside-proof-te.yml","included","02-detection/sigma/threat-actor/18_safety-controller-key-switch-or-mode-change-outside-proof-te.yml","02-detection/sigma/threat-actor/18_safety-controller-key-switch-or-mode-change-outside-proof-te.yml","e1f4d4a7c9e8dfccb4fc91b6eaff99d2fe38e58ebcd0825c251ff3cceec8d9ea"
"OT-detection-program","02-detection/sigma/threat-actor/19_engineering-workstation-reflective-memory-only-process-injec.yml","included","02-detection/sigma/threat-actor/19_engineering-workstation-reflective-memory-only-process-injec.yml","02-detection/sigma/threat-actor/19_engineering-workstation-reflective-memory-only-process-injec.yml","4e76a0851e7f94294fdf9b78ddeecc6a9b21a84bf8180d62199b7b75dd698ebc"
"OT-detection-program","02-detection/sigma/threat-actor/20_mass-file-encryption-or-rename-activity-on-ot-historian-or-e.yml","included","02-detection/sigma/threat-actor/20_mass-file-encryption-or-rename-activity-on-ot-historian-or-e.yml","02-detection/sigma/threat-actor/20_mass-file-encryption-or-rename-activity-on-ot-historian-or-e.yml","d0d744a2eeb9959a3c0f11b76314e5825c5fad38b1f5bf58d52ef0caefaaa1b5"
"OT-detection-program","02-detection/sigma/threat-actor/README.md","included","02-detection/sigma/threat-actor/README.md","02-detection/sigma/threat-actor/README.md","f5dea4a695e5740f371c5909ace705a6f149bf40cb303be6174239d84706b389"
"OT-detection-program","03-protocols/bacnet.md","included","03-protocols/bacnet.md","03-protocols/bacnet.md","7c533fcc61917c4fc8f4f9d03a3229fef31e26efc44386b2ed4865a35640a040"
"OT-detection-program","03-protocols/dnp3.md","included","03-protocols/dnp3.md","03-protocols/dnp3.md","e1728da4cbe023e2c1b8f7c2eb860e8961e7fb7c3f7277379a14a1472098d300"
"OT-detection-program","03-protocols/ethernet-ip-cip.md","included","03-protocols/ethernet-ip-cip.md","03-protocols/ethernet-ip-cip.md","887802ef21fae246737741b05c0fcf21a3078bd8207f24833abc64c14d1004c9"
"OT-detection-program","03-protocols/ftp.md","included","03-protocols/ftp.md","03-protocols/ftp.md","4e17fb1b0e9cfdd61559655f2d4e5a410139498f17d6712b88f771fe61830c29"
"OT-detection-program","03-protocols/http.md","included","03-protocols/http.md","03-protocols/http.md","57176ee78fe289b5d518160f680bfde89d3f7ac01a05d386eeafc7941df05cc5"
"OT-detection-program","03-protocols/iec104.md","included","03-protocols/iec104.md","03-protocols/iec104.md","72797898f224cedc950a31b3d9e7abd92891f0ea877bd5d1aa3e68f2e7a2e3ff"
"OT-detection-program","03-protocols/iec61850.md","included","03-protocols/iec61850.md","03-protocols/iec61850.md","7e19c24c6c1f4b716a50f79c2eb7f9abd087f5bb4e8f2dd18c8b4ccc004b6296"
"OT-detection-program","03-protocols/modbus.md","included","03-protocols/modbus.md","03-protocols/modbus.md","d5127ae3244eea6ff00df829c8395f83581735bc648a53cf9dcb7a9eb8c354bc"
"OT-detection-program","03-protocols/mqtt.md","included","03-protocols/mqtt.md","03-protocols/mqtt.md","1cfe517e30be10e30fcc162ff3bd5746f0ed4141d9e100ff57098f68e62b004d"
"OT-detection-program","03-protocols/nmap-scanning.md","included","03-protocols/nmap-scanning.md","03-protocols/nmap-scanning.md","71386be15989051600f130ad2ffe89951411dde9544c4a84045edf6e715fcf50"
"OT-detection-program","03-protocols/opcua.md","included","03-protocols/opcua.md","03-protocols/opcua.md","05ff70c9523d5bfb03ae8fe6f8e326f3e07ed0d0426dbbc73721698fe74a7d31"
"OT-detection-program","03-protocols/README.md","included","03-protocols/README.md","03-protocols/README.md","a0d6dddc5c140bfc70a9373e73c00f9c91d592e0bc23438e75350aaffca1ab80"
"OT-detection-program","03-protocols/s7comm.md","included","03-protocols/s7comm.md","03-protocols/s7comm.md","fc433844caee9b97496bfea3ccb57c12fcc5286ce6687deadbb2cca5853be7de"
"OT-detection-program","03-protocols/vnc.md","included","03-protocols/vnc.md","03-protocols/vnc.md","640e6dd384d78916a9577630697c1e30734156d6523987bb3bb0a42a42d92752"
"OT-detection-program","04-response/evidence/evidence-source-matrix.md","included","04-response/evidence/evidence-source-matrix.md","04-response/evidence/evidence-source-matrix.md","691b834bab597d619af36fe1caed83ac40bf30e19ed2f8f04639b649220884ac"
"OT-detection-program","04-response/evidence/historian-and-process.md","included","04-response/evidence/historian-and-process.md","04-response/evidence/historian-and-process.md","642c5523e9d3db364f8a7999c9319df98b6797f87bbb64978730cfeb5b1fc236"
"OT-detection-program","04-response/evidence/identity-and-remote-access.md","included","04-response/evidence/identity-and-remote-access.md","04-response/evidence/identity-and-remote-access.md","3b169507b1ea59dea8be35d134d5cd5a52e01155d574fb2f7abc48205d21a112"
"OT-detection-program","04-response/evidence/network-and-ot-protocols.md","included","04-response/evidence/network-and-ot-protocols.md","04-response/evidence/network-and-ot-protocols.md","f50fce88a8ecb7dbbbf1fe3f8a66a9fa605ef0f7e87a98b4a01a814e2d6e18b2"
"OT-detection-program","04-response/evidence/plc-controller-safe-acquisition.md","included","04-response/evidence/plc-controller-safe-acquisition.md","04-response/evidence/plc-controller-safe-acquisition.md","300c0a912d3d4dd2bd1e32975eacf5b2ce356ff2ae2db69d1768c128020aa91e"
"OT-detection-program","04-response/evidence/windows-ews-hmi-historian-host.md","included","04-response/evidence/windows-ews-hmi-historian-host.md","04-response/evidence/windows-ews-hmi-historian-host.md","42ce8a21bc2213e41d524dada6efe09682cdd6681e1dd2274ad1faed879731ef"
"OT-detection-program","04-response/playbooks/playbook-index.csv","included","04-response/playbooks/playbook-index.csv","04-response/playbooks/playbook-index.csv","ad7d4e001e9ede6c434f814838f3b7bcb2073193e633bae6ff50f03cc54b8673"
"OT-detection-program","04-response/playbooks/PLAYBOOK-OT-01-engineering-software-outside-change-window.md","included","04-response/playbooks/PLAYBOOK-OT-01-engineering-software-outside-change-window.md","04-response/playbooks/PLAYBOOK-OT-01-engineering-software-outside-change-window.md","28caa33f517bbf779d278774865ece7b4b84c2daeb202e5d9ba09be201630e96"
"OT-detection-program","04-response/playbooks/PLAYBOOK-OT-02-unauthorized-setpoint-change.md","included","04-response/playbooks/PLAYBOOK-OT-02-unauthorized-setpoint-change.md","04-response/playbooks/PLAYBOOK-OT-02-unauthorized-setpoint-change.md","d4e97140950180c5d8ab3e7074dd70a42f1b98966828761daf93d64584417e5c"
"OT-detection-program","04-response/playbooks/PLAYBOOK-OT-03-unauthorized-plc-logic-change.md","included","04-response/playbooks/PLAYBOOK-OT-03-unauthorized-plc-logic-change.md","04-response/playbooks/PLAYBOOK-OT-03-unauthorized-plc-logic-change.md","0369705587950622d12c8e1857d89a54bce73640ccfd172d6bf6df3189e31e8a"
"OT-detection-program","04-response/playbooks/PLAYBOOK-OT-04-malware-ransomware-on-ot-host.md","included","04-response/playbooks/PLAYBOOK-OT-04-malware-ransomware-on-ot-host.md","04-response/playbooks/PLAYBOOK-OT-04-malware-ransomware-on-ot-host.md","33c8328e468cd4ec9958c055adde3fd198d9fe1d9b1855184b191b32e35f5e35"
"OT-detection-program","04-response/playbooks/PLAYBOOK-OT-05-safety-system-manipulation.md","included","04-response/playbooks/PLAYBOOK-OT-05-safety-system-manipulation.md","04-response/playbooks/PLAYBOOK-OT-05-safety-system-manipulation.md","da75bc1c210bc92a60ac8903f77a6665b650e40e911d3e2e6a7d9b8ec39218fb"
"OT-detection-program","04-response/playbooks/PLAYBOOK-OT-06-suspicious-remote-access.md","included","04-response/playbooks/PLAYBOOK-OT-06-suspicious-remote-access.md","04-response/playbooks/PLAYBOOK-OT-06-suspicious-remote-access.md","0bab7994582049a28481e60805c19afe79a880b568e14101180745e954fe546d"
"OT-detection-program","04-response/playbooks/PLAYBOOK-OT-07-unauthorized-control-command.md","included","04-response/playbooks/PLAYBOOK-OT-07-unauthorized-control-command.md","04-response/playbooks/PLAYBOOK-OT-07-unauthorized-control-command.md","1dcb03365becb164e4bb3f91f78eead47f8bb9018c9c2f86f6e1b49de4e4c725"
"OT-detection-program","04-response/playbooks/PLAYBOOK-OT-08-rogue-asset-in-ot-zone.md","included","04-response/playbooks/PLAYBOOK-OT-08-rogue-asset-in-ot-zone.md","04-response/playbooks/PLAYBOOK-OT-08-rogue-asset-in-ot-zone.md","dbfdb012ab94d023b9688f9c0a1ed933dd30bbe17a2903d6ce7a1ea93d977b23"
"OT-detection-program","04-response/playbooks/PLAYBOOK-OT-09-process-data-anomaly.md","included","04-response/playbooks/PLAYBOOK-OT-09-process-data-anomaly.md","04-response/playbooks/PLAYBOOK-OT-09-process-data-anomaly.md","a696456e17116a7dda8b5181cf423af5165909baf294298ce33d31077e77958a"
"OT-detection-program","04-response/playbooks/PLAYBOOK-TEMPLATE.md","included","04-response/playbooks/PLAYBOOK-TEMPLATE.md","04-response/playbooks/PLAYBOOK-TEMPLATE.md","783f1b7f02b62d72250d67632f70c648062ee4aa8f4ac39a1e8e00bbf503fa02"
"OT-detection-program","04-response/README.md","included","04-response/README.md","04-response/README.md","d8c60bbd0131a6d975fef23d1342c82a3c0b45ab7c60a1aab9d32bca3582bd91"
"OT-detection-program","04-response/sop/ot-investigation-sop.md","included","04-response/sop/ot-investigation-sop.md","04-response/sop/ot-investigation-sop.md","267ca50f9df35140e17eef5297f7839aa8b332e41ec2d6c63cd1dab64cb3dbe8"
"OT-detection-program","04-response/sop/triage-first-30-minutes.md","included","04-response/sop/triage-first-30-minutes.md","04-response/sop/triage-first-30-minutes.md","f5957cde33f85bf26ab0787927d2fcd7eb2bdd6ae13039c882a8e74bceea42c0"
"OT-detection-program","04-response/sop/universal-investigation-sop.md","included","04-response/sop/universal-investigation-sop.md","04-response/sop/universal-investigation-sop.md","aa622b5ab52424eb3acc41132c65f2857d16273c8009af2e9ed5bc3274f36799"
"OT-detection-program","04-response/templates/chain-of-custody-form.md","included","04-response/templates/chain-of-custody-form.md","04-response/templates/chain-of-custody-form.md","51179a8edeba18b135be02b26b7715b43667a725e1c1e5d573ee43e74abed5c9"
"OT-detection-program","04-response/templates/evidence-collection-log.md","included","04-response/templates/evidence-collection-log.md","04-response/templates/evidence-collection-log.md","b94cfad200ed471e59b4c775dc9f47e8eadb630161fce72af2dd6190eb26863e"
"OT-detection-program","04-response/templates/incident-report.md","included","04-response/templates/incident-report.md","04-response/templates/incident-report.md","bf60204c2d4bceafa39083f7f904b4b42b1acd4f4eb5048a8cf7fc938686e53e"
"OT-detection-program","05-crosswalk/attack-coverage.csv","included","05-crosswalk/attack-coverage.csv","05-crosswalk/attack-coverage.csv","2674952944481894167974ff8c528139593a05f95217e87a5e50574b023c113d"
"OT-detection-program","05-crosswalk/coverage-rollup.csv","included","05-crosswalk/coverage-rollup.csv","05-crosswalk/coverage-rollup.csv","b548f7e9c6a8b13cd7fff8d3ab85b6275fdde453118d16928c2ae9f5e8896cd4"
"OT-detection-program","05-crosswalk/detection-to-logsource.csv","included","05-crosswalk/detection-to-logsource.csv","05-crosswalk/detection-to-logsource.csv","69e621354acb57d1db828373075a91277670c1b26050a12b1e209fe69df9c144"
"OT-detection-program","05-crosswalk/detection-to-playbook.csv","included","05-crosswalk/detection-to-playbook.csv","05-crosswalk/detection-to-playbook.csv","ae6a3b1edaf5ef8cdfab9e9d29d69ca40d9cee2087e2f54059916e564432fe39"
"OT-detection-program","05-crosswalk/master-crosswalk.csv","included","05-crosswalk/master-crosswalk.csv","05-crosswalk/master-crosswalk.csv","6017b22af835e3d165cd6a8566d635c6d137cd1924559f9c6cf547a7c337dfef"
"OT-detection-program","05-crosswalk/README.md","included","05-crosswalk/README.md","05-crosswalk/README.md","7816d650dc770b5df2183d4a176537bc8b02e41c2c53d0dbc01f4b0490ecb552"
"OT-detection-program","05-crosswalk/telemetry-to-logsource.csv","included","05-crosswalk/telemetry-to-logsource.csv","05-crosswalk/telemetry-to-logsource.csv","a36277fe8d38ffd6cad2c701520c24e2b8220db92727b8420c1bea6f43989742"
"OT-detection-program","CONTRIBUTING.md","included","CONTRIBUTING.md","CONTRIBUTING.md","882970514e6197c824270d367755db11e5352cb2202ca5c08c6c5b4ff9c72d6a"
"OT-detection-program","docs/01-ir-plan-and-lifecycle.md","included","docs/01-ir-plan-and-lifecycle.md","docs/01-ir-plan-and-lifecycle.md","835121752b2bcec1541baa5baa1bf3706980d1af129daf7ff1998cd140e4498b"
"OT-detection-program","docs/02-roles-and-raci.md","included","docs/02-roles-and-raci.md","docs/02-roles-and-raci.md","26cf90798eb30546035268eac8909a5c89a73cc7aba4ea8f6f6c18a933e0e558"
"OT-detection-program","docs/03-severity-classification.md","included","docs/03-severity-classification.md","docs/03-severity-classification.md","f099aa9d7a6c7dc04567cf6f7b10b09677754d8debdb6645ac67d332a149c632"
"OT-detection-program","docs/04-evidence-handling-chain-of-custody.md","included","docs/04-evidence-handling-chain-of-custody.md","docs/04-evidence-handling-chain-of-custody.md","1c97fc3d808cddbf8fe684b1c82e7dd990c4443937410d3c73cf894a54ed23ad"
"OT-detection-program","docs/05-communications-and-regulatory.md","included","docs/05-communications-and-regulatory.md","docs/05-communications-and-regulatory.md","a21f9609a7ea724f098ef0c22e3bcd82757fb38cd0462f5a61fd616149646340"
"OT-detection-program","docs/architecture.md","included","docs/architecture.md","docs/architecture.md","ddfb0b3189573249a929ef9ab0ee0337c8e5d01e9ac8c00fb70f63cdd5247725"
"OT-detection-program","docs/baseline-methodology.md","included","docs/baseline-methodology.md","docs/baseline-methodology.md","970373292004af8badce3afc94ee8dac165c9b7e8e2a58b5b1b5edcf9f180fbe"
"OT-detection-program","docs/collection-architecture.md","included","docs/collection-architecture.md","docs/collection-architecture.md","c38a2458b4e9ae263114558334725804029556ce58b62391797b9e594c75e98e"
"OT-detection-program","docs/consolidation-report.md","included","docs/consolidation-report.md","docs/consolidation-report.md","69b3b3d58b17703bbf82bf1bfbea123561e1e80e6530d67423f9ce95e1230d38"
"OT-detection-program","docs/functional-safety-primer.md","included","docs/functional-safety-primer.md","docs/functional-safety-primer.md","65e31803e359bd92331ae87bdab7b29fa4a256a65380e112f70dc9f4aeea3f75"
"OT-detection-program","docs/historian-data-model.md","included","docs/historian-data-model.md","docs/historian-data-model.md","b608a948510fe11ac0cd8adf8c38122061150786ef36271fe1adc7a2c06fc0da"
"OT-detection-program","docs/log-source-methodology.md","included","docs/log-source-methodology.md","docs/log-source-methodology.md","f3655f9ac7c67f96dd4c5dd28b985adf32f545612d425282760437c619b0b545"
"OT-detection-program","docs/mitre-ics-data-sources.md","included","docs/mitre-ics-data-sources.md","docs/mitre-ics-data-sources.md","aa357d92e00919a065f1ea5b4962d41597d3b70e973f613c5cc9ff8719c9a4bc"
"OT-detection-program","docs/nozomi-alert-taxonomy.md","included","docs/nozomi-alert-taxonomy.md","docs/nozomi-alert-taxonomy.md","2fe144cf1e2468da6e3d0c8ca6a9e7cd2b415129888677ee1dd741ea0e54da7c"
"OT-detection-program","docs/protocol-attack-surface-model.md","included","docs/protocol-attack-surface-model.md","docs/protocol-attack-surface-model.md","95f43dd0a025d72267eb075ab4d0b52ab9a0432c5639ab0f963d86accc89318c"
"OT-detection-program","docs/protocol-ndr-log-sources.md","included","docs/protocol-ndr-log-sources.md","docs/protocol-ndr-log-sources.md","b6f87ae33a29a590337c6314f91ae347a1d346a16703b2ed1c516eb2d8297608"
"OT-detection-program","docs/query-generation.md","included","docs/query-generation.md","docs/query-generation.md","447c2109be3d43ebaa8a74b16f1a79f0291c3cc6d6606fccb3e2f9b2183dedb9"
"OT-detection-program","docs/safety-doctrine.md","included","docs/safety-doctrine.md","docs/safety-doctrine.md","6d687597e2d8d9846dd2147d338308e4653b7160e768bfbdc61bf94c28db1b81"
"OT-detection-program","docs/sis-monitoring-architecture.md","included","docs/sis-monitoring-architecture.md","docs/sis-monitoring-architecture.md","fedbab67c41175a2fdc034c383b1399d984a13ca68c3a13e4a13d76df730dfea"
"OT-detection-program","docs/taxonomy.md","included","docs/taxonomy.md","docs/taxonomy.md","675842c5210d652cd5a08a7024686b75db70fecef88278ee983195f8abb55c6e"
"OT-detection-program","docs/telemetry-strategy.md","included","docs/telemetry-strategy.md","docs/telemetry-strategy.md","087a779bb839a59ee472248bb567676ebb5b2794659fa3583a5834f7896d6f81"
"OT-detection-program","docs/testing-and-validation-guide.md","included","docs/testing-and-validation-guide.md","docs/testing-and-validation-guide.md","24e2be7a9882bc2b3feac06564d56909a36af54d9bc308953d607e2b0e2e2b02"
"OT-detection-program","LICENSE","included","LICENSE","LICENSE","3fe570fd6697e8ef5db51a77fe2378d7e7825a4aeee3f77f190f0813584e0e6c"
"OT-detection-program","README.md","included","README.md","README.md","c5213daa0743e308cb929605e9c9a918d1388f4fe671605a7e9332a255eef408"
"OT-detection-program","source-libraries/perimeter-catalog.csv","included","source-libraries/perimeter-catalog.csv","source-libraries/perimeter-catalog.csv","fb5edc3a5b194662f5f2a2f4c52aee6ff20d0f267b9e82d01ab5a2a453ddc96e"
"OT-detection-program","source-libraries/protocol-ndr-catalog.csv","included","source-libraries/protocol-ndr-catalog.csv","source-libraries/protocol-ndr-catalog.csv","d21063b6b0cdcdfa0a58663109bda357dd2aba67d98be447eb4fa3e43fb55fa6"
"OT-detection-program","source-libraries/sis-catalog.csv","included","source-libraries/sis-catalog.csv","source-libraries/sis-catalog.csv","67ec88524c5d410e713d45d892c487fef24f4f85934b35a40af8b2fc47413a89"
"OT-detection-program","tools/build_catalog.py","included","tools/build_catalog.py","tools/build_catalog.py","c3f82292f231923686d91042b07945cd960811b938c3c120dd9fb6f76c9d45f8"
"OT-detection-program","tools/build_crosswalk.py","included","tools/build_crosswalk.py","tools/build_crosswalk.py","0d272ea58c4122f08f68ca27d339524e6a8817b116df0d7bcff56af06a997bbb"
"OT-detection-program","tools/generate_queries.py","included","tools/generate_queries.py","tools/generate_queries.py","d7df18b070a00a69c4f6d786671438462538e9fee7e5ef783bbd3b560b82932e"
"OT-detection-program","tools/validate.py","included","tools/validate.py","tools/validate.py","dbff6f5531bf28545e1d44e969c906821dab8170177d21f1f39b3b6d6b07278e"
"ot-detection-engineering",".gitignore","repository-metadata-skipped","",".gitignore",""
"ot-detection-engineering","CONTRIBUTING.md","included","02-detection/extensions/detection-engineering/CONTRIBUTING.md","02-detection/extensions/detection-engineering/CONTRIBUTING.md","057574e5752c275abe41efc0fe1431feaf92ec2b91027772d4925a448d676986"
"ot-detection-engineering","docs/mitre-ics-data-sources.md","exact-duplicate-pointer","02-detection/extensions/detection-engineering/docs/mitre-ics-data-sources.md","docs/mitre-ics-data-sources.md","aa357d92e00919a065f1ea5b4962d41597d3b70e973f613c5cc9ff8719c9a4bc"
"ot-detection-engineering","LICENSE","repository-metadata-skipped","02-detection/extensions/detection-engineering/LICENSE","LICENSE",""
"ot-detection-engineering","ot-historian-detection/.gitignore","included","02-detection/extensions/detection-engineering/ot-historian-detection/.gitignore","02-detection/extensions/detection-engineering/ot-historian-detection/.gitignore","9c3cabf2aece21d946e9ea013a06310f3e171df3d0fb114aaaa421895d6d1d0c"
"ot-detection-engineering","ot-historian-detection/catalog.md","included","02-detection/extensions/detection-engineering/ot-historian-detection/catalog.md","02-detection/extensions/detection-engineering/ot-historian-detection/catalog.md","b844d7309b1e67cc2704711ac2ca690946b216a788b342c65b6428e8786c69ea"
"ot-detection-engineering","ot-historian-detection/CHANGELOG.md","included","02-detection/extensions/detection-engineering/ot-historian-detection/CHANGELOG.md","02-detection/extensions/detection-engineering/ot-historian-detection/CHANGELOG.md","7139409a71b691c753a68614f37e49d5b2f6ccbc8061664c5339eb9218bdbcbb"
"ot-detection-engineering","ot-historian-detection/CONTRIBUTING.md","included","02-detection/extensions/detection-engineering/ot-historian-detection/CONTRIBUTING.md","02-detection/extensions/detection-engineering/ot-historian-detection/CONTRIBUTING.md","e30071e8cae33b09a9e5534bc39157dfff672cdbe0244a7934b7f27d0036c125"
"ot-detection-engineering","ot-historian-detection/detections/A-statistical-envelope/A01-tag-out-of-envelope/detection.yml","exact-duplicate-pointer","02-detection/extensions/detection-engineering/ot-historian-detection/detections/A-statistical-envelope/A01-tag-out-of-envelope/detection.yml","02-detection/historian/A-statistical-envelope/A01-tag-out-of-envelope/detection.yml","99ed5a34d77e3f336af9c3edb31023dc349d1cbad97f7541a49cf5ca728379a7"
"ot-detection-engineering","ot-historian-detection/detections/A-statistical-envelope/A01-tag-out-of-envelope/README.md","included","02-detection/extensions/detection-engineering/ot-historian-detection/detections/A-statistical-envelope/A01-tag-out-of-envelope/README.md","02-detection/extensions/detection-engineering/ot-historian-detection/detections/A-statistical-envelope/A01-tag-out-of-envelope/README.md","110724832ed8627d786acef1cd0b457bb80e64c9aab3981e1d4aac88851e7a4f"
"ot-detection-engineering","ot-historian-detection/detections/A-statistical-envelope/A01-tag-out-of-envelope/sentinel.kql","exact-duplicate-pointer","02-detection/extensions/detection-engineering/ot-historian-detection/detections/A-statistical-envelope/A01-tag-out-of-envelope/sentinel.kql","02-detection/historian/A-statistical-envelope/A01-tag-out-of-envelope/sentinel.kql","bd9b6dac409942bf73e8cad47d6883ab0719806b29e64dc311b583fadd8ef93e"
"ot-detection-engineering","ot-historian-detection/detections/A-statistical-envelope/A01-tag-out-of-envelope/splunk.spl","exact-duplicate-pointer","02-detection/extensions/detection-engineering/ot-historian-detection/detections/A-statistical-envelope/A01-tag-out-of-envelope/splunk.spl","02-detection/historian/A-statistical-envelope/A01-tag-out-of-envelope/splunk.spl","263b56a61b2c5169f7663bc1fc5ec9c16fc1864dabf4b1b6ca8259fd75f7b062"
"ot-detection-engineering","ot-historian-detection/detections/A-statistical-envelope/A01-tag-out-of-envelope/validation.md","exact-duplicate-pointer","02-detection/extensions/detection-engineering/ot-historian-detection/detections/A-statistical-envelope/A01-tag-out-of-envelope/validation.md","02-detection/historian/A-statistical-envelope/A01-tag-out-of-envelope/validation.md","da84c1affa07df772eb5b9ffb556218eb83473c205a0466e5e4477d9e5f7f069"
"ot-detection-engineering","ot-historian-detection/detections/B-setpoint-control/B01-setpoint-outside-range/detection.yml","exact-duplicate-pointer","02-detection/extensions/detection-engineering/ot-historian-detection/detections/B-setpoint-control/B01-setpoint-outside-range/detection.yml","02-detection/historian/B-setpoint-control/B01-setpoint-outside-range/detection.yml","97761f8fc5482a9d9f6d95e8dc1775ae727514dd8a07c5eafb2e425f5beddfc6"
"ot-detection-engineering","ot-historian-detection/detections/B-setpoint-control/B01-setpoint-outside-range/README.md","included","02-detection/extensions/detection-engineering/ot-historian-detection/detections/B-setpoint-control/B01-setpoint-outside-range/README.md","02-detection/extensions/detection-engineering/ot-historian-detection/detections/B-setpoint-control/B01-setpoint-outside-range/README.md","3c7398cf33fd02aa67372c15512805bad58f2ed6049d1140a5fbb3eceaa0d67f"
"ot-detection-engineering","ot-historian-detection/detections/B-setpoint-control/B01-setpoint-outside-range/sentinel.kql","exact-duplicate-pointer","02-detection/extensions/detection-engineering/ot-historian-detection/detections/B-setpoint-control/B01-setpoint-outside-range/sentinel.kql","02-detection/historian/B-setpoint-control/B01-setpoint-outside-range/sentinel.kql","1aa878118defc8cccd3825323b7c67ed6ceff2da3dd57cdbf3b02f9968372771"
"ot-detection-engineering","ot-historian-detection/detections/B-setpoint-control/B01-setpoint-outside-range/splunk.spl","exact-duplicate-pointer","02-detection/extensions/detection-engineering/ot-historian-detection/detections/B-setpoint-control/B01-setpoint-outside-range/splunk.spl","02-detection/historian/B-setpoint-control/B01-setpoint-outside-range/splunk.spl","d575c3f1d604af535dc7252fa92ed939bad86ec8a11f085999c84a6c34e571d9"
"ot-detection-engineering","ot-historian-detection/detections/B-setpoint-control/B01-setpoint-outside-range/validation.md","exact-duplicate-pointer","02-detection/extensions/detection-engineering/ot-historian-detection/detections/B-setpoint-control/B01-setpoint-outside-range/validation.md","02-detection/historian/B-setpoint-control/B01-setpoint-outside-range/validation.md","3933a82605c9996e4d6bef4ad8914a398d864f15eb8833258db344a123f35612"
"ot-detection-engineering","ot-historian-detection/detections/C-replay-stale/C01-frozen-value-replay/detection.yml","exact-duplicate-pointer","02-detection/extensions/detection-engineering/ot-historian-detection/detections/C-replay-stale/C01-frozen-value-replay/detection.yml","02-detection/historian/C-replay-stale/C01-frozen-value-replay/detection.yml","ed6346e92b27a8cec7ab1353a9214f7a422476a8d64e1d48ad532edb92efd0c7"
"ot-detection-engineering","ot-historian-detection/detections/C-replay-stale/C01-frozen-value-replay/README.md","included","02-detection/extensions/detection-engineering/ot-historian-detection/detections/C-replay-stale/C01-frozen-value-replay/README.md","02-detection/extensions/detection-engineering/ot-historian-detection/detections/C-replay-stale/C01-frozen-value-replay/README.md","4845df50d4e056a0c340d367f3946f3f01cb8de7a13b93f6802504198eb058d1"
"ot-detection-engineering","ot-historian-detection/detections/C-replay-stale/C01-frozen-value-replay/sentinel.kql","exact-duplicate-pointer","02-detection/extensions/detection-engineering/ot-historian-detection/detections/C-replay-stale/C01-frozen-value-replay/sentinel.kql","02-detection/historian/C-replay-stale/C01-frozen-value-replay/sentinel.kql","d10ef83751907ac120736ddbe8465b0fc0bf8f1928b7f5d726f6cf43fac0ceba"
"ot-detection-engineering","ot-historian-detection/detections/C-replay-stale/C01-frozen-value-replay/splunk.spl","exact-duplicate-pointer","02-detection/extensions/detection-engineering/ot-historian-detection/detections/C-replay-stale/C01-frozen-value-replay/splunk.spl","02-detection/historian/C-replay-stale/C01-frozen-value-replay/splunk.spl","daaf512edc4fb78946f96a2ff3a6836ec3ccce93f42e4de972602773334ab04f"
"ot-detection-engineering","ot-historian-detection/detections/C-replay-stale/C01-frozen-value-replay/validation.md","exact-duplicate-pointer","02-detection/extensions/detection-engineering/ot-historian-detection/detections/C-replay-stale/C01-frozen-value-replay/validation.md","02-detection/historian/C-replay-stale/C01-frozen-value-replay/validation.md","96ef90d86d4376458b2c9705e9981b9bc70c5db452c08faa394add12e6db17be"
"ot-detection-engineering","ot-historian-detection/detections/D-physical-plausibility/D02-impossible-state-combination/detection.yml","exact-duplicate-pointer","02-detection/extensions/detection-engineering/ot-historian-detection/detections/D-physical-plausibility/D02-impossible-state-combination/detection.yml","02-detection/historian/D-physical-plausibility/D02-impossible-state-combination/detection.yml","ff8bd842e3fffa750c195455ab93bf346540f78da77fb20406236afdc0220fe6"
"ot-detection-engineering","ot-historian-detection/detections/D-physical-plausibility/D02-impossible-state-combination/README.md","included","02-detection/extensions/detection-engineering/ot-historian-detection/detections/D-physical-plausibility/D02-impossible-state-combination/README.md","02-detection/extensions/detection-engineering/ot-historian-detection/detections/D-physical-plausibility/D02-impossible-state-combination/README.md","3cb9670217f9d7412a8eb7c635af69e946e444c751ac9556dd0b4e44d1347762"
"ot-detection-engineering","ot-historian-detection/detections/D-physical-plausibility/D02-impossible-state-combination/sentinel.kql","exact-duplicate-pointer","02-detection/extensions/detection-engineering/ot-historian-detection/detections/D-physical-plausibility/D02-impossible-state-combination/sentinel.kql","02-detection/historian/D-physical-plausibility/D02-impossible-state-combination/sentinel.kql","b091ae785322f0f2f29bdf82aa9f876cd02f2a48216e111bdcdd83b42ed9dd96"
"ot-detection-engineering","ot-historian-detection/detections/D-physical-plausibility/D02-impossible-state-combination/splunk.spl","exact-duplicate-pointer","02-detection/extensions/detection-engineering/ot-historian-detection/detections/D-physical-plausibility/D02-impossible-state-combination/splunk.spl","02-detection/historian/D-physical-plausibility/D02-impossible-state-combination/splunk.spl","7c7e64257825dcaf3e011216f9ad7845264a0b390566c7f8822409d9d3673e6f"
"ot-detection-engineering","ot-historian-detection/detections/D-physical-plausibility/D02-impossible-state-combination/validation.md","exact-duplicate-pointer","02-detection/extensions/detection-engineering/ot-historian-detection/detections/D-physical-plausibility/D02-impossible-state-combination/validation.md","02-detection/historian/D-physical-plausibility/D02-impossible-state-combination/validation.md","6d646823ba0e25e083c8bdb17189fe406a9d3afece6a9370e958d55c59c4de77"
"ot-detection-engineering","ot-historian-detection/detections/E-data-integrity/E01-historian-plc-divergence/detection.yml","exact-duplicate-pointer","02-detection/extensions/detection-engineering/ot-historian-detection/detections/E-data-integrity/E01-historian-plc-divergence/detection.yml","02-detection/historian/E-data-integrity/E01-historian-plc-divergence/detection.yml","ad2107715a0f29f99190388e9cb9727c698427ea62b292be88fb8d293483b3f8"
"ot-detection-engineering","ot-historian-detection/detections/E-data-integrity/E01-historian-plc-divergence/README.md","included","02-detection/extensions/detection-engineering/ot-historian-detection/detections/E-data-integrity/E01-historian-plc-divergence/README.md","02-detection/extensions/detection-engineering/ot-historian-detection/detections/E-data-integrity/E01-historian-plc-divergence/README.md","d762b4be7bfdecfe8b91b0778663879102e85aa22eed75b94207639ed5cb420f"
"ot-detection-engineering","ot-historian-detection/detections/E-data-integrity/E01-historian-plc-divergence/sentinel.kql","exact-duplicate-pointer","02-detection/extensions/detection-engineering/ot-historian-detection/detections/E-data-integrity/E01-historian-plc-divergence/sentinel.kql","02-detection/historian/E-data-integrity/E01-historian-plc-divergence/sentinel.kql","3af17bd2ba27aa7a35a99fee5f740800bb19d68fa5a70c0e17f5ec44d8cee26f"
"ot-detection-engineering","ot-historian-detection/detections/E-data-integrity/E01-historian-plc-divergence/splunk.spl","exact-duplicate-pointer","02-detection/extensions/detection-engineering/ot-historian-detection/detections/E-data-integrity/E01-historian-plc-divergence/splunk.spl","02-detection/historian/E-data-integrity/E01-historian-plc-divergence/splunk.spl","8a6f64fb1f3903c2e0d089fb5648ee4089bbfc8fd3d4512f8f0930f505599879"
"ot-detection-engineering","ot-historian-detection/detections/E-data-integrity/E01-historian-plc-divergence/validation.md","exact-duplicate-pointer","02-detection/extensions/detection-engineering/ot-historian-detection/detections/E-data-integrity/E01-historian-plc-divergence/validation.md","02-detection/historian/E-data-integrity/E01-historian-plc-divergence/validation.md","98f770f69ed311e704cdc584c29b3637e73ff5bc3077723773bd10fa66af9031"
"ot-detection-engineering","ot-historian-detection/detections/G-safety-alarm/G01-sif-trip-point-approach/detection.yml","exact-duplicate-pointer","02-detection/extensions/detection-engineering/ot-historian-detection/detections/G-safety-alarm/G01-sif-trip-point-approach/detection.yml","02-detection/historian/G-safety-alarm/G01-sif-trip-point-approach/detection.yml","785fe1c3f7fe53774b4fb3574fcc4c84a4e642e188037ef3af67c6914f1a67e5"
"ot-detection-engineering","ot-historian-detection/detections/G-safety-alarm/G01-sif-trip-point-approach/README.md","included","02-detection/extensions/detection-engineering/ot-historian-detection/detections/G-safety-alarm/G01-sif-trip-point-approach/README.md","02-detection/extensions/detection-engineering/ot-historian-detection/detections/G-safety-alarm/G01-sif-trip-point-approach/README.md","a64d895a20ab3fb4f1cb6f009cae0e8869514f3c876a8a68cc64aee1b35dae4f"
"ot-detection-engineering","ot-historian-detection/detections/G-safety-alarm/G01-sif-trip-point-approach/sentinel.kql","exact-duplicate-pointer","02-detection/extensions/detection-engineering/ot-historian-detection/detections/G-safety-alarm/G01-sif-trip-point-approach/sentinel.kql","02-detection/historian/G-safety-alarm/G01-sif-trip-point-approach/sentinel.kql","a69d199b5a91a3fe4c6c284e387eabad2fd4ed17e473b19da2aa6ed3669ff97b"
"ot-detection-engineering","ot-historian-detection/detections/G-safety-alarm/G01-sif-trip-point-approach/splunk.spl","exact-duplicate-pointer","02-detection/extensions/detection-engineering/ot-historian-detection/detections/G-safety-alarm/G01-sif-trip-point-approach/splunk.spl","02-detection/historian/G-safety-alarm/G01-sif-trip-point-approach/splunk.spl","0982155b17332993e3eaeceb61988c2624122eeb4b186a04efc283ebfa5863dc"
"ot-detection-engineering","ot-historian-detection/detections/G-safety-alarm/G01-sif-trip-point-approach/validation.md","exact-duplicate-pointer","02-detection/extensions/detection-engineering/ot-historian-detection/detections/G-safety-alarm/G01-sif-trip-point-approach/validation.md","02-detection/historian/G-safety-alarm/G01-sif-trip-point-approach/validation.md","c928c72410f44a2b2622bfb3bad5b92413c9e3bb305a0007c3290051d3b1092f"
"ot-detection-engineering","ot-historian-detection/docs/architecture.md","included","02-detection/extensions/detection-engineering/ot-historian-detection/docs/architecture.md","02-detection/extensions/detection-engineering/ot-historian-detection/docs/architecture.md","e4542b0c9dcd4fb6d7caf7ec0cdcee790f2d69a09c4a47796cb1e5b8c63c3a6d"
"ot-detection-engineering","ot-historian-detection/docs/baseline-methodology.md","included","02-detection/extensions/detection-engineering/ot-historian-detection/docs/baseline-methodology.md","02-detection/extensions/detection-engineering/ot-historian-detection/docs/baseline-methodology.md","7f43620b3fba64401f243deaa2ece23d440c6120904cb71d8bd6730a07f60df7"
"ot-detection-engineering","ot-historian-detection/docs/data-model.md","included","02-detection/extensions/detection-engineering/ot-historian-detection/docs/data-model.md","02-detection/extensions/detection-engineering/ot-historian-detection/docs/data-model.md","ca1efba7755046517b52aced055095f4cffc25e8d2c1e81a247cd82ebca6148e"
"ot-detection-engineering","ot-historian-detection/docs/detection-lifecycle.md","included","02-detection/extensions/detection-engineering/ot-historian-detection/docs/detection-lifecycle.md","02-detection/extensions/detection-engineering/ot-historian-detection/docs/detection-lifecycle.md","9ef066a8d498b2065433228981b4f55eecd86b4dfce1a874a84c8de06bed05fe"
"ot-detection-engineering","ot-historian-detection/LICENSE","exact-duplicate-pointer","02-detection/extensions/detection-engineering/ot-historian-detection/LICENSE","LICENSE","3fe570fd6697e8ef5db51a77fe2378d7e7825a4aeee3f77f190f0813584e0e6c"
"ot-detection-engineering","ot-historian-detection/lookups/ot_baseline.csv","exact-duplicate-pointer","02-detection/extensions/detection-engineering/ot-historian-detection/lookups/ot_baseline.csv","02-detection/historian/ot_baseline.csv","4475d1689a800d2c1f280db714afb40b708e67fd40452a48ea0d82c73ab9adcf"
"ot-detection-engineering","ot-historian-detection/lookups/sif_trip_limits.csv","exact-duplicate-pointer","02-detection/extensions/detection-engineering/ot-historian-detection/lookups/sif_trip_limits.csv","02-detection/historian/sif_trip_limits.csv","ec26e0bbf78f03facd1e6f3ac7505c7051682553cac0ae7eae35e312133757c3"
"ot-detection-engineering","ot-historian-detection/README.md","included","02-detection/extensions/detection-engineering/ot-historian-detection/README.md","02-detection/extensions/detection-engineering/ot-historian-detection/README.md","79ff2aeb8323c5f911ad07474166cad8a39bc0bc33f05cba0d1917eb72de442b"
"ot-detection-engineering","ot-historian-detection/templates/detection-template/detection.yml","included","02-detection/extensions/detection-engineering/ot-historian-detection/templates/detection-template/detection.yml","02-detection/extensions/detection-engineering/ot-historian-detection/templates/detection-template/detection.yml","607844823bd486b99fd0ff72d3be3970cec5c1ceef7adffa6b483e55665fa6fa"
"ot-detection-engineering","ot-historian-detection/templates/detection-template/README.md","included","02-detection/extensions/detection-engineering/ot-historian-detection/templates/detection-template/README.md","02-detection/extensions/detection-engineering/ot-historian-detection/templates/detection-template/README.md","51443ddfe483e338166446508a4393b12870b88ad1dd9bafe673238e51da94ee"
"ot-detection-engineering","ot-historian-detection/templates/detection-template/sentinel.kql","included","02-detection/extensions/detection-engineering/ot-historian-detection/templates/detection-template/sentinel.kql","02-detection/extensions/detection-engineering/ot-historian-detection/templates/detection-template/sentinel.kql","799a098fe51c8450bb14eb1b34e4efed9af7a31a7e907d136f21177e52afae7a"
"ot-detection-engineering","ot-historian-detection/templates/detection-template/splunk.spl","included","02-detection/extensions/detection-engineering/ot-historian-detection/templates/detection-template/splunk.spl","02-detection/extensions/detection-engineering/ot-historian-detection/templates/detection-template/splunk.spl","f94c2c3999b87c0a34b5906a46627a4790eedcf831022a3431848373dacde22f"
"ot-detection-engineering","ot-historian-detection/templates/detection-template/validation.md","included","02-detection/extensions/detection-engineering/ot-historian-detection/templates/detection-template/validation.md","02-detection/extensions/detection-engineering/ot-historian-detection/templates/detection-template/validation.md","9728fb016d403d76114f83f89a22246bb299c893f3431ac8f2c4233bde8a7d88"
"ot-detection-engineering","README.md","included","02-detection/extensions/detection-engineering/README.md","02-detection/extensions/detection-engineering/README.md","1e03129a9e8e99ffaf01c17c08623c6f264feeae1520f79c2631ea2a815a8854"
"ot-detection-engineering","sigma-libraries/advisory/README.md","included","02-detection/extensions/detection-engineering/sigma-libraries/advisory/README.md","02-detection/extensions/detection-engineering/sigma-libraries/advisory/README.md","c20961f7cf7180b79f6df429c130079744695ecaa426774059a3e6bbcddff65c"
"ot-detection-engineering","sigma-libraries/advisory/rules/01_unitronics-vision-plc-default-port-access-bauxite-pattern.yml","exact-duplicate-pointer","02-detection/extensions/detection-engineering/sigma-libraries/advisory/rules/01_unitronics-vision-plc-default-port-access-bauxite-pattern.yml","02-detection/sigma/advisory/01_unitronics-vision-plc-default-port-access-bauxite-pattern.yml","cce678d6b0ace180d9fadcd9bacc809bc072dfd9cf3b0c2ef30e3b9e40eff87e"
"ot-detection-engineering","sigma-libraries/advisory/rules/02_hmi-display-screen-defacement-or-unauthorized-image-text-ove.yml","exact-duplicate-pointer","02-detection/extensions/detection-engineering/sigma-libraries/advisory/rules/02_hmi-display-screen-defacement-or-unauthorized-image-text-ove.yml","02-detection/sigma/advisory/02_hmi-display-screen-defacement-or-unauthorized-image-text-ove.yml","e58adebc13fd01d46f15be912e17e3f70529399a70dbf24435c9de6b28f97820"
"ot-detection-engineering","sigma-libraries/advisory/rules/03_post-unitronics-compromise-lateral-movement-via-smb-rdp-from.yml","exact-duplicate-pointer","02-detection/extensions/detection-engineering/sigma-libraries/advisory/rules/03_post-unitronics-compromise-lateral-movement-via-smb-rdp-from.yml","02-detection/sigma/advisory/03_post-unitronics-compromise-lateral-movement-via-smb-rdp-from.yml","6fb0682685ad90876c7c96cf3d8592a5dfde4411faa84bab6ef7ab55f1fa339c"
"ot-detection-engineering","sigma-libraries/advisory/rules/04_remote-management-tool-installation-on-ot-adjacent-host-mudd.yml","exact-duplicate-pointer","02-detection/extensions/detection-engineering/sigma-libraries/advisory/rules/04_remote-management-tool-installation-on-ot-adjacent-host-mudd.yml","02-detection/sigma/advisory/04_remote-management-tool-installation-on-ot-adjacent-host-mudd.yml","401b888e11144060597ed4db9caaeded0278db7bdc6bd5bf876c91ac9cfe5da7"
"ot-detection-engineering","sigma-libraries/advisory/rules/05_bulk-exfiltration-of-ot-documentation-and-network-diagrams-m.yml","exact-duplicate-pointer","02-detection/extensions/detection-engineering/sigma-libraries/advisory/rules/05_bulk-exfiltration-of-ot-documentation-and-network-diagrams-m.yml","02-detection/sigma/advisory/05_bulk-exfiltration-of-ot-documentation-and-network-diagrams-m.yml","a23598f532890f1a31be27e4c9f3dc3effa82417d57ace53c25546320015416f"
"ot-detection-engineering","sigma-libraries/advisory/rules/06_ransomware-precursor-lateral-movement-targeting-historian-or.yml","exact-duplicate-pointer","02-detection/extensions/detection-engineering/sigma-libraries/advisory/rules/06_ransomware-precursor-lateral-movement-targeting-historian-or.yml","02-detection/sigma/advisory/06_ransomware-precursor-lateral-movement-targeting-historian-or.yml","4a03fd615465f52068219c6c7d56411067710c3dfa36baf563cf7a697397f5e1"
"ot-detection-engineering","sigma-libraries/advisory/rules/07_mass-file-transfer-appliance-exploitation-preceding-ot-docum.yml","exact-duplicate-pointer","02-detection/extensions/detection-engineering/sigma-libraries/advisory/rules/07_mass-file-transfer-appliance-exploitation-preceding-ot-docum.yml","02-detection/sigma/advisory/07_mass-file-transfer-appliance-exploitation-preceding-ot-docum.yml","8f1bd2044f9915f0243d2dd3163311e4816688eccfb5d321ec2bb074944ce04f"
"ot-detection-engineering","sigma-libraries/advisory/rules/08_sensor-gateway-mass-filesystem-wipe-or-rs485-mbus-disruption.yml","exact-duplicate-pointer","02-detection/extensions/detection-engineering/sigma-libraries/advisory/rules/08_sensor-gateway-mass-filesystem-wipe-or-rs485-mbus-disruption.yml","02-detection/sigma/advisory/08_sensor-gateway-mass-filesystem-wipe-or-rs485-mbus-disruption.yml","65ff783198df60d42065c4b568be57f2b843fabcafdd8859786e14255f6cbfe8"
"ot-detection-engineering","sigma-libraries/advisory/rules/09_coordinated-multi-site-scada-command-triggering-mass-manual.yml","exact-duplicate-pointer","02-detection/extensions/detection-engineering/sigma-libraries/advisory/rules/09_coordinated-multi-site-scada-command-triggering-mass-manual.yml","02-detection/sigma/advisory/09_coordinated-multi-site-scada-command-triggering-mass-manual.yml","951c1e80a495bee8daf19bb368c123d85c94f6eaee2d97e2e063a6ca8b4c7138"
"ot-detection-engineering","sigma-libraries/advisory/rules/10_password-spray-against-cloud-identity-tenant-serving-ot-adja.yml","exact-duplicate-pointer","02-detection/extensions/detection-engineering/sigma-libraries/advisory/rules/10_password-spray-against-cloud-identity-tenant-serving-ot-adja.yml","02-detection/sigma/advisory/10_password-spray-against-cloud-identity-tenant-serving-ot-adja.yml","4159c76eccc6583ab34490180b92ba4830b27efc9a9c10b70e8776dffc2569d2"
"ot-detection-engineering","sigma-libraries/advisory/rules/11_security-event-log-cleared-on-ot-network-system.yml","exact-duplicate-pointer","02-detection/extensions/detection-engineering/sigma-libraries/advisory/rules/11_security-event-log-cleared-on-ot-network-system.yml","02-detection/sigma/advisory/11_security-event-log-cleared-on-ot-network-system.yml","8920609fe99a98ba6d86ed4d1f86f5807edb145797bb5b86d03721c9692ff043"
"ot-detection-engineering","sigma-libraries/advisory/rules/12_plc-configuration-drift-from-verified-offline-backup.yml","exact-duplicate-pointer","02-detection/extensions/detection-engineering/sigma-libraries/advisory/rules/12_plc-configuration-drift-from-verified-offline-backup.yml","02-detection/sigma/advisory/12_plc-configuration-drift-from-verified-offline-backup.yml","3c830fd1b17374b3a7d10bc217d39eaaa31a7a305e059da18de8d055a8cf79bd"
"ot-detection-engineering","sigma-libraries/advisory/rules/13_historian-query-pattern-anomaly-from-it-network-host.yml","exact-duplicate-pointer","02-detection/extensions/detection-engineering/sigma-libraries/advisory/rules/13_historian-query-pattern-anomaly-from-it-network-host.yml","02-detection/sigma/advisory/13_historian-query-pattern-anomaly-from-it-network-host.yml","28686cea039425cbdb4ea14f839819059f665f0d1e3ac71610aa9b5806403e1d"
"ot-detection-engineering","sigma-libraries/advisory/rules/14_engineering-workstation-outbound-connection-to-infrastructur.yml","exact-duplicate-pointer","02-detection/extensions/detection-engineering/sigma-libraries/advisory/rules/14_engineering-workstation-outbound-connection-to-infrastructur.yml","02-detection/sigma/advisory/14_engineering-workstation-outbound-connection-to-infrastructur.yml","4b8d07e06d08141cfa074bdefaefc3d2537a5f04ecb040c5bc8d39a523795bb8"
"ot-detection-engineering","sigma-libraries/advisory/rules/15_vendor-vpn-authentication-outside-approved-window-or-geograp.yml","exact-duplicate-pointer","02-detection/extensions/detection-engineering/sigma-libraries/advisory/rules/15_vendor-vpn-authentication-outside-approved-window-or-geograp.yml","02-detection/sigma/advisory/15_vendor-vpn-authentication-outside-approved-window-or-geograp.yml","8be514ad095c4efe4635286adee81c7ed145993e6bb562285997ebbc1fc8b153"
"ot-detection-engineering","sigma-libraries/advisory/rules/16_dormant-vendor-account-first-use-after-extended-inactivity.yml","exact-duplicate-pointer","02-detection/extensions/detection-engineering/sigma-libraries/advisory/rules/16_dormant-vendor-account-first-use-after-extended-inactivity.yml","02-detection/sigma/advisory/16_dormant-vendor-account-first-use-after-extended-inactivity.yml","9e225db60b779436fadf2b784872b493779ebcfda451c34546c45d9d8461e2af"
"ot-detection-engineering","sigma-libraries/advisory/rules/17_unauthenticated-modbus-dnp3-traffic-through-legacy-serial-to.yml","exact-duplicate-pointer","02-detection/extensions/detection-engineering/sigma-libraries/advisory/rules/17_unauthenticated-modbus-dnp3-traffic-through-legacy-serial-to.yml","02-detection/sigma/advisory/17_unauthenticated-modbus-dnp3-traffic-through-legacy-serial-to.yml","b9fc3487fe8981b90b10da28f4aa20c1757f8dae08698f3c0b3a5219763c7dd3"
"ot-detection-engineering","sigma-libraries/advisory/rules/18_unauthorized-association-to-industrial-wireless-network-wire.yml","exact-duplicate-pointer","02-detection/extensions/detection-engineering/sigma-libraries/advisory/rules/18_unauthorized-association-to-industrial-wireless-network-wire.yml","02-detection/sigma/advisory/18_unauthorized-association-to-industrial-wireless-network-wire.yml","0936e652889df8ed4046b9b8f0f9a6896f4fa91f79578329ac46c177b65ebbcb"
"ot-detection-engineering","sigma-libraries/advisory/rules/19_ot-cloud-agent-unexpected-outbound-data-pathway.yml","exact-duplicate-pointer","02-detection/extensions/detection-engineering/sigma-libraries/advisory/rules/19_ot-cloud-agent-unexpected-outbound-data-pathway.yml","02-detection/sigma/advisory/19_ot-cloud-agent-unexpected-outbound-data-pathway.yml","56965165f00869c3b13dedd49c9f2d44f014e39b7973b5bfc1becbd9554a3672"
"ot-detection-engineering","sigma-libraries/advisory/rules/20_spearphishing-lure-execution-by-ot-engineering-personnel.yml","exact-duplicate-pointer","02-detection/extensions/detection-engineering/sigma-libraries/advisory/rules/20_spearphishing-lure-execution-by-ot-engineering-personnel.yml","02-detection/sigma/advisory/20_spearphishing-lure-execution-by-ot-engineering-personnel.yml","b5255f3ca66b120b4c5a82b96f67ad5787d2fe45766396daf5830ab15ce065bf"
"ot-detection-engineering","sigma-libraries/advisory/source/Shieldworkz_Advisory_Sigma_Use_Case_Library.docx","included","02-detection/extensions/detection-engineering/sigma-libraries/advisory/source/Shieldworkz_Advisory_Sigma_Use_Case_Library.docx","02-detection/extensions/detection-engineering/sigma-libraries/advisory/source/Shieldworkz_Advisory_Sigma_Use_Case_Library.docx","dca3bcdc926ceaa506737509beb68f8f3251f1309917fe9125cdf746d45a49bd"
"ot-detection-engineering","sigma-libraries/it-dmz-ot-crosszone/README.md","included","02-detection/extensions/detection-engineering/sigma-libraries/it-dmz-ot-crosszone/README.md","02-detection/extensions/detection-engineering/sigma-libraries/it-dmz-ot-crosszone/README.md","346d095b2df987a54017e2aae4bdf9198c3c19669731eb335527080b7ca7f24d"
"ot-detection-engineering","sigma-libraries/it-dmz-ot-crosszone/rules/01_direct-it-to-ot-dmz-connection-bypassing-jump-host.yml","exact-duplicate-pointer","02-detection/extensions/detection-engineering/sigma-libraries/it-dmz-ot-crosszone/rules/01_direct-it-to-ot-dmz-connection-bypassing-jump-host.yml","02-detection/sigma/it-dmz-ot-crosszone/01_direct-it-to-ot-dmz-connection-bypassing-jump-host.yml","0199d56d706b919666e291f59e7150641a75377423fd9a94b3d02f364c0519f7"
"ot-detection-engineering","sigma-libraries/it-dmz-ot-crosszone/rules/02_unauthorized-lateral-movement-protocol-entering-ot-dmz.yml","exact-duplicate-pointer","02-detection/extensions/detection-engineering/sigma-libraries/it-dmz-ot-crosszone/rules/02_unauthorized-lateral-movement-protocol-entering-ot-dmz.yml","02-detection/sigma/it-dmz-ot-crosszone/02_unauthorized-lateral-movement-protocol-entering-ot-dmz.yml","dd5604b3b3fc48e17f0b2c3077e7fff35698f9f86709192262146990bebee861"
"ot-detection-engineering","sigma-libraries/it-dmz-ot-crosszone/rules/03_ot-dmz-historian-replication-direction-anomaly.yml","exact-duplicate-pointer","02-detection/extensions/detection-engineering/sigma-libraries/it-dmz-ot-crosszone/rules/03_ot-dmz-historian-replication-direction-anomaly.yml","02-detection/sigma/it-dmz-ot-crosszone/03_ot-dmz-historian-replication-direction-anomaly.yml","b543538dd968f19f550656cbb7e6403703b342847dd96b3523cdef92a1abbae6"
"ot-detection-engineering","sigma-libraries/it-dmz-ot-crosszone/rules/04_av-patch-management-push-to-dmz-outside-maintenance-window-o.yml","exact-duplicate-pointer","02-detection/extensions/detection-engineering/sigma-libraries/it-dmz-ot-crosszone/rules/04_av-patch-management-push-to-dmz-outside-maintenance-window-o.yml","02-detection/sigma/it-dmz-ot-crosszone/04_av-patch-management-push-to-dmz-outside-maintenance-window-o.yml","2e5f7aa450ebfe474e29f853c357eabcb8b65b7d927005f3078dccef1dee6b19"
"ot-detection-engineering","sigma-libraries/it-dmz-ot-crosszone/rules/05_ot-dmz-asset-external-dns-or-ntp-resolution-attempt.yml","exact-duplicate-pointer","02-detection/extensions/detection-engineering/sigma-libraries/it-dmz-ot-crosszone/rules/05_ot-dmz-asset-external-dns-or-ntp-resolution-attempt.yml","02-detection/sigma/it-dmz-ot-crosszone/05_ot-dmz-asset-external-dns-or-ntp-resolution-attempt.yml","c51d594ba0efacf5fcb949bb1f51dbd67651569aafcda4e215a0cda37ad7447e"
"ot-detection-engineering","sigma-libraries/it-dmz-ot-crosszone/rules/06_web-or-email-content-landing-on-ot-dmz-jump-host.yml","exact-duplicate-pointer","02-detection/extensions/detection-engineering/sigma-libraries/it-dmz-ot-crosszone/rules/06_web-or-email-content-landing-on-ot-dmz-jump-host.yml","02-detection/sigma/it-dmz-ot-crosszone/06_web-or-email-content-landing-on-ot-dmz-jump-host.yml","958ff13b17cad7dd3b8093dc78eff8ff1516bd82c94b5dc387c81afa5fe0da40"
"ot-detection-engineering","sigma-libraries/it-dmz-ot-crosszone/rules/07_jump-host-issuing-ot-control-protocol-traffic-directly.yml","exact-duplicate-pointer","02-detection/extensions/detection-engineering/sigma-libraries/it-dmz-ot-crosszone/rules/07_jump-host-issuing-ot-control-protocol-traffic-directly.yml","02-detection/sigma/it-dmz-ot-crosszone/07_jump-host-issuing-ot-control-protocol-traffic-directly.yml","da649d037e6015f0556f2ae24b0a7be6358301d65fc8129dca82a68b2e9c3d60"
"ot-detection-engineering","sigma-libraries/it-dmz-ot-crosszone/rules/08_remote-access-session-into-l3-without-approved-change-window.yml","exact-duplicate-pointer","02-detection/extensions/detection-engineering/sigma-libraries/it-dmz-ot-crosszone/rules/08_remote-access-session-into-l3-without-approved-change-window.yml","02-detection/sigma/it-dmz-ot-crosszone/08_remote-access-session-into-l3-without-approved-change-window.yml","14c190ab49328706c89bcfa6ab6b9244fd56115c16ab1b55d9c578d3bf2f7a35"
"ot-detection-engineering","sigma-libraries/it-dmz-ot-crosszone/rules/09_shared-or-service-account-used-from-unusual-dmz-source.yml","exact-duplicate-pointer","02-detection/extensions/detection-engineering/sigma-libraries/it-dmz-ot-crosszone/rules/09_shared-or-service-account-used-from-unusual-dmz-source.yml","02-detection/sigma/it-dmz-ot-crosszone/09_shared-or-service-account-used-from-unusual-dmz-source.yml","9e3ba3d4c2f110b7567ae65bb0a2a8d6d3f7137da34dcbd92cde7239262824c4"
"ot-detection-engineering","sigma-libraries/it-dmz-ot-crosszone/rules/10_file-transfer-from-dmz-to-l3-with-executable-or-engineering.yml","exact-duplicate-pointer","02-detection/extensions/detection-engineering/sigma-libraries/it-dmz-ot-crosszone/rules/10_file-transfer-from-dmz-to-l3-with-executable-or-engineering.yml","02-detection/sigma/it-dmz-ot-crosszone/10_file-transfer-from-dmz-to-l3-with-executable-or-engineering.yml","089b7c29f39e8b76f0a6e3fe5ccec48229c51964a40bafa26e3fb714b0c89780"
"ot-detection-engineering","sigma-libraries/it-dmz-ot-crosszone/rules/11_vendor-remote-access-session-duration-or-scope-anomaly.yml","exact-duplicate-pointer","02-detection/extensions/detection-engineering/sigma-libraries/it-dmz-ot-crosszone/rules/11_vendor-remote-access-session-duration-or-scope-anomaly.yml","02-detection/sigma/it-dmz-ot-crosszone/11_vendor-remote-access-session-duration-or-scope-anomaly.yml","0f4ea227ca499b3ecbbffb8e0680c6c8717fbe35742b301c2ff28b46dcccdfde"
"ot-detection-engineering","sigma-libraries/it-dmz-ot-crosszone/rules/12_unscheduled-hmi-project-or-configuration-deployment.yml","exact-duplicate-pointer","02-detection/extensions/detection-engineering/sigma-libraries/it-dmz-ot-crosszone/rules/12_unscheduled-hmi-project-or-configuration-deployment.yml","02-detection/sigma/it-dmz-ot-crosszone/12_unscheduled-hmi-project-or-configuration-deployment.yml","6643ebaae6b37c140b959b9b44d812f5477e0c26dfdf5e64023a21c5dbdb3185"
"ot-detection-engineering","sigma-libraries/it-dmz-ot-crosszone/rules/13_new-or-modified-scheduled-task-on-hmi-or-scada-server.yml","exact-duplicate-pointer","02-detection/extensions/detection-engineering/sigma-libraries/it-dmz-ot-crosszone/rules/13_new-or-modified-scheduled-task-on-hmi-or-scada-server.yml","02-detection/sigma/it-dmz-ot-crosszone/13_new-or-modified-scheduled-task-on-hmi-or-scada-server.yml","d66cb0e56ef62e29fcb28c0a739d1637856e21d7a6f63f24cba1bc13445cd42a"
"ot-detection-engineering","sigma-libraries/it-dmz-ot-crosszone/rules/14_engineering-software-launched-by-non-engineering-account.yml","exact-duplicate-pointer","02-detection/extensions/detection-engineering/sigma-libraries/it-dmz-ot-crosszone/rules/14_engineering-software-launched-by-non-engineering-account.yml","02-detection/sigma/it-dmz-ot-crosszone/14_engineering-software-launched-by-non-engineering-account.yml","c8bc332e1a1ba8c198a6e6040dfb6b93897e75da86568493b61d95b59a0dca65"
"ot-detection-engineering","sigma-libraries/it-dmz-ot-crosszone/rules/15_abnormal-authentication-pattern-on-scada-or-hmi-server.yml","exact-duplicate-pointer","02-detection/extensions/detection-engineering/sigma-libraries/it-dmz-ot-crosszone/rules/15_abnormal-authentication-pattern-on-scada-or-hmi-server.yml","02-detection/sigma/it-dmz-ot-crosszone/15_abnormal-authentication-pattern-on-scada-or-hmi-server.yml","b7a095422c2a8a7ec25aad43c3d4ad3206971fb4c1737eb2d04eab71986e7010"
"ot-detection-engineering","sigma-libraries/it-dmz-ot-crosszone/rules/16_unexpected-outbound-connection-from-l2-hmi-toward-dmz-or-it.yml","exact-duplicate-pointer","02-detection/extensions/detection-engineering/sigma-libraries/it-dmz-ot-crosszone/rules/16_unexpected-outbound-connection-from-l2-hmi-toward-dmz-or-it.yml","02-detection/sigma/it-dmz-ot-crosszone/16_unexpected-outbound-connection-from-l2-hmi-toward-dmz-or-it.yml","e40f97761310757c91c937f9f6206d2a47405f28cfe3fb049b851b66c2000905"
"ot-detection-engineering","sigma-libraries/it-dmz-ot-crosszone/rules/17_control-command-from-hmi-outside-documented-hmi-to-plc-pairi.yml","exact-duplicate-pointer","02-detection/extensions/detection-engineering/sigma-libraries/it-dmz-ot-crosszone/rules/17_control-command-from-hmi-outside-documented-hmi-to-plc-pairi.yml","02-detection/sigma/it-dmz-ot-crosszone/17_control-command-from-hmi-outside-documented-hmi-to-plc-pairi.yml","2691136cd02ddf1da5c557fa514d0c91bf0e54f44ecbe3ac86a114201876158a"
"ot-detection-engineering","sigma-libraries/it-dmz-ot-crosszone/rules/18_plc-logic-or-firmware-upload-from-non-engineering-host.yml","exact-duplicate-pointer","02-detection/extensions/detection-engineering/sigma-libraries/it-dmz-ot-crosszone/rules/18_plc-logic-or-firmware-upload-from-non-engineering-host.yml","02-detection/sigma/it-dmz-ot-crosszone/18_plc-logic-or-firmware-upload-from-non-engineering-host.yml","4dc73eba14099703284dd2fdc6e2ca19c94ee5ad799678ff5c4e7ad992623d0b"
"ot-detection-engineering","sigma-libraries/it-dmz-ot-crosszone/rules/19_engineering-protocol-session-opened-by-hmi-account.yml","exact-duplicate-pointer","02-detection/extensions/detection-engineering/sigma-libraries/it-dmz-ot-crosszone/rules/19_engineering-protocol-session-opened-by-hmi-account.yml","02-detection/sigma/it-dmz-ot-crosszone/19_engineering-protocol-session-opened-by-hmi-account.yml","604732f9578fdb33db20995e7851145099489ad86cbb2e9adbce4906da102fba"
"ot-detection-engineering","sigma-libraries/it-dmz-ot-crosszone/rules/20_safety-instrumented-system-point-forced-or-overridden.yml","exact-duplicate-pointer","02-detection/extensions/detection-engineering/sigma-libraries/it-dmz-ot-crosszone/rules/20_safety-instrumented-system-point-forced-or-overridden.yml","02-detection/sigma/it-dmz-ot-crosszone/20_safety-instrumented-system-point-forced-or-overridden.yml","78f357da669ab09303edada72a5ba53f1882f2b6b9b03fc39dcd4642ed23325f"
"ot-detection-engineering","sigma-libraries/it-dmz-ot-crosszone/rules/21_setpoint-change-exceeding-safe-delta-threshold.yml","exact-duplicate-pointer","02-detection/extensions/detection-engineering/sigma-libraries/it-dmz-ot-crosszone/rules/21_setpoint-change-exceeding-safe-delta-threshold.yml","02-detection/sigma/it-dmz-ot-crosszone/21_setpoint-change-exceeding-safe-delta-threshold.yml","a7f900ab6af887a660e8bae342a01badb909522fdadfb93ed54c1728afc65388"
"ot-detection-engineering","sigma-libraries/it-dmz-ot-crosszone/rules/22_redundant-sensor-correlation-divergence.yml","exact-duplicate-pointer","02-detection/extensions/detection-engineering/sigma-libraries/it-dmz-ot-crosszone/rules/22_redundant-sensor-correlation-divergence.yml","02-detection/sigma/it-dmz-ot-crosszone/22_redundant-sensor-correlation-divergence.yml","271f9ff3f91373e8498e75b6f39d700e182fc3b7ab01b90fd3336ac8ff4d556b"
"ot-detection-engineering","sigma-libraries/it-dmz-ot-crosszone/rules/23_first-time-asset-communication-across-a-zone-boundary.yml","exact-duplicate-pointer","02-detection/extensions/detection-engineering/sigma-libraries/it-dmz-ot-crosszone/rules/23_first-time-asset-communication-across-a-zone-boundary.yml","02-detection/sigma/it-dmz-ot-crosszone/23_first-time-asset-communication-across-a-zone-boundary.yml","3ac2827518b9c49170ca306767c93cec31feb7079f7bce105ca5339e32363449"
"ot-detection-engineering","sigma-libraries/it-dmz-ot-crosszone/rules/24_zone-enforcement-firewall-rule-hit-count-anomaly.yml","exact-duplicate-pointer","02-detection/extensions/detection-engineering/sigma-libraries/it-dmz-ot-crosszone/rules/24_zone-enforcement-firewall-rule-hit-count-anomaly.yml","02-detection/sigma/it-dmz-ot-crosszone/24_zone-enforcement-firewall-rule-hit-count-anomaly.yml","c4f792cae9687c0ad0baf8aced0aca15038b4478165fd84996cdeba0314842b8"
"ot-detection-engineering","sigma-libraries/it-dmz-ot-crosszone/rules/25_removable-media-event-on-dmz-or-l3-asset.yml","exact-duplicate-pointer","02-detection/extensions/detection-engineering/sigma-libraries/it-dmz-ot-crosszone/rules/25_removable-media-event-on-dmz-or-l3-asset.yml","02-detection/sigma/it-dmz-ot-crosszone/25_removable-media-event-on-dmz-or-l3-asset.yml","d8591b1fffe48c1815e5add4b492de2c6de4fe4d4abd7190d416644050f085b5"
"ot-detection-engineering","sigma-libraries/it-dmz-ot-crosszone/rules/26_east-west-traffic-between-l1-controllers-across-process-cell.yml","exact-duplicate-pointer","02-detection/extensions/detection-engineering/sigma-libraries/it-dmz-ot-crosszone/rules/26_east-west-traffic-between-l1-controllers-across-process-cell.yml","02-detection/sigma/it-dmz-ot-crosszone/26_east-west-traffic-between-l1-controllers-across-process-cell.yml","4fe4f372a038c674c58082decf60597565bc5f6dc74cdd68dcc66135b1709cfc"
"ot-detection-engineering","sigma-libraries/it-dmz-ot-crosszone/rules/27_ntp-or-time-desynchronization-anomaly-across-it-ot-path.yml","exact-duplicate-pointer","02-detection/extensions/detection-engineering/sigma-libraries/it-dmz-ot-crosszone/rules/27_ntp-or-time-desynchronization-anomaly-across-it-ot-path.yml","02-detection/sigma/it-dmz-ot-crosszone/27_ntp-or-time-desynchronization-anomaly-across-it-ot-path.yml","239f09b72345f9f938fbabab0fae236efcb254d9ebfe2ef6fb1154e22896cd86"
"ot-detection-engineering","sigma-libraries/it-dmz-ot-crosszone/source/IT_DMZ_OT_CrossZone_Sigma_Use_Case_Library.docx","included","02-detection/extensions/detection-engineering/sigma-libraries/it-dmz-ot-crosszone/source/IT_DMZ_OT_CrossZone_Sigma_Use_Case_Library.docx","02-detection/extensions/detection-engineering/sigma-libraries/it-dmz-ot-crosszone/source/IT_DMZ_OT_CrossZone_Sigma_Use_Case_Library.docx","d256214342c8d18a056a863d90eed8908ccb79cd3786dafa7248a58c796b0e1a"
"ot-detection-engineering","sigma-libraries/ot-ics-soc/README.md","included","02-detection/extensions/detection-engineering/sigma-libraries/ot-ics-soc/README.md","02-detection/extensions/detection-engineering/sigma-libraries/ot-ics-soc/README.md","0c8c22fc2fd2f88f5c68fbbd066e6abccc08a9aa7e13171cd955ebe24fd1d306"
"ot-detection-engineering","sigma-libraries/ot-ics-soc/rules/01_modbus-write-operation-from-unauthorized-source.yml","exact-duplicate-pointer","02-detection/extensions/detection-engineering/sigma-libraries/ot-ics-soc/rules/01_modbus-write-operation-from-unauthorized-source.yml","02-detection/sigma/ot-ics-soc/01_modbus-write-operation-from-unauthorized-source.yml","b06122e1c2fc6bfc3e4b1d82d0b7722d73d27d72105aaf47545c51aa178fd1d6"
"ot-detection-engineering","sigma-libraries/ot-ics-soc/rules/02_modbus-diagnostic-restart-communications-function-code.yml","exact-duplicate-pointer","02-detection/extensions/detection-engineering/sigma-libraries/ot-ics-soc/rules/02_modbus-diagnostic-restart-communications-function-code.yml","02-detection/sigma/ot-ics-soc/02_modbus-diagnostic-restart-communications-function-code.yml","7d1d065f140150fb3a49788f36c463f6665ef362732a751f5f559e04ffe7a5e7"
"ot-detection-engineering","sigma-libraries/ot-ics-soc/rules/03_modbus-exception-response-flood-possible-scanning-or-fuzzing.yml","exact-duplicate-pointer","02-detection/extensions/detection-engineering/sigma-libraries/ot-ics-soc/rules/03_modbus-exception-response-flood-possible-scanning-or-fuzzing.yml","02-detection/sigma/ot-ics-soc/03_modbus-exception-response-flood-possible-scanning-or-fuzzing.yml","15473b29cded5a55996a92e8bff1fb0e50c278efcbeb0f462a8e1041965bacab"
"ot-detection-engineering","sigma-libraries/ot-ics-soc/rules/04_modbus-write-to-coil-register-outside-approved-change-window.yml","exact-duplicate-pointer","02-detection/extensions/detection-engineering/sigma-libraries/ot-ics-soc/rules/04_modbus-write-to-coil-register-outside-approved-change-window.yml","02-detection/sigma/ot-ics-soc/04_modbus-write-to-coil-register-outside-approved-change-window.yml","8764a5f3cccf697990548048b7f3d7da32bf8c44d4d4658b551938b5d652622f"
"ot-detection-engineering","sigma-libraries/ot-ics-soc/rules/05_dnp3-cold-or-warm-restart-command-issued.yml","exact-duplicate-pointer","02-detection/extensions/detection-engineering/sigma-libraries/ot-ics-soc/rules/05_dnp3-cold-or-warm-restart-command-issued.yml","02-detection/sigma/ot-ics-soc/05_dnp3-cold-or-warm-restart-command-issued.yml","4823895b63a25c901f07aabd185facf7ff6984d064954bf19a4d773663e43021"
"ot-detection-engineering","sigma-libraries/ot-ics-soc/rules/06_dnp3-disable-unsolicited-responses-command.yml","exact-duplicate-pointer","02-detection/extensions/detection-engineering/sigma-libraries/ot-ics-soc/rules/06_dnp3-disable-unsolicited-responses-command.yml","02-detection/sigma/ot-ics-soc/06_dnp3-disable-unsolicited-responses-command.yml","19ab806797c7927437b50a455bf5e48793c81383b62da6f0a697b7a04046e2a2"
"ot-detection-engineering","sigma-libraries/ot-ics-soc/rules/07_dnp3-direct-operate-without-preceding-select-bypass-of-selec.yml","exact-duplicate-pointer","02-detection/extensions/detection-engineering/sigma-libraries/ot-ics-soc/rules/07_dnp3-direct-operate-without-preceding-select-bypass-of-selec.yml","02-detection/sigma/ot-ics-soc/07_dnp3-direct-operate-without-preceding-select-bypass-of-selec.yml","24aedc1aa79b695414157a81fe58f9904044f26854e392a3d9bc9b95b4303f36"
"ot-detection-engineering","sigma-libraries/ot-ics-soc/rules/08_dnp3-crob-control-command-outside-maintenance-window.yml","exact-duplicate-pointer","02-detection/extensions/detection-engineering/sigma-libraries/ot-ics-soc/rules/08_dnp3-crob-control-command-outside-maintenance-window.yml","02-detection/sigma/ot-ics-soc/08_dnp3-crob-control-command-outside-maintenance-window.yml","e64b0148ff87ca576408addb1d1d44fc0675a7a363f4ed839bbeecaa7c66f3bc"
"ot-detection-engineering","sigma-libraries/ot-ics-soc/rules/09_opc-ua-session-established-with-anonymous-authentication.yml","exact-duplicate-pointer","02-detection/extensions/detection-engineering/sigma-libraries/ot-ics-soc/rules/09_opc-ua-session-established-with-anonymous-authentication.yml","02-detection/sigma/ot-ics-soc/09_opc-ua-session-established-with-anonymous-authentication.yml","b159d51464cdde32b297ffc500a7386802aa68e76404f80ffd45d9d8e1e249d7"
"ot-detection-engineering","sigma-libraries/ot-ics-soc/rules/10_opc-ua-untrusted-or-self-signed-certificate-accepted.yml","exact-duplicate-pointer","02-detection/extensions/detection-engineering/sigma-libraries/ot-ics-soc/rules/10_opc-ua-untrusted-or-self-signed-certificate-accepted.yml","02-detection/sigma/ot-ics-soc/10_opc-ua-untrusted-or-self-signed-certificate-accepted.yml","37da3f6111a8612916808c3a4c4d878442aad079a97c4029b1c6b3aa065b149a"
"ot-detection-engineering","sigma-libraries/ot-ics-soc/rules/11_opc-ua-write-request-to-critical-node-from-unauthorized-clie.yml","exact-duplicate-pointer","02-detection/extensions/detection-engineering/sigma-libraries/ot-ics-soc/rules/11_opc-ua-write-request-to-critical-node-from-unauthorized-clie.yml","02-detection/sigma/ot-ics-soc/11_opc-ua-write-request-to-critical-node-from-unauthorized-clie.yml","7c50553fe99cece382ea65c1c10732ce36587b34143d89ff63d385e1bc00b477"
"ot-detection-engineering","sigma-libraries/ot-ics-soc/rules/12_opc-ua-address-space-browse-flood-reconnaissance.yml","exact-duplicate-pointer","02-detection/extensions/detection-engineering/sigma-libraries/ot-ics-soc/rules/12_opc-ua-address-space-browse-flood-reconnaissance.yml","02-detection/sigma/ot-ics-soc/12_opc-ua-address-space-browse-flood-reconnaissance.yml","6be0cb660f90ba6e1607305b0b65206483780fc2a3db1f8bc4da122a8fb6252c"
"ot-detection-engineering","sigma-libraries/ot-ics-soc/rules/13_s7comm-plc-stop-command-issued.yml","exact-duplicate-pointer","02-detection/extensions/detection-engineering/sigma-libraries/ot-ics-soc/rules/13_s7comm-plc-stop-command-issued.yml","02-detection/sigma/ot-ics-soc/13_s7comm-plc-stop-command-issued.yml","48676b592442b0e924ae80fc09a93c416d4a572beb880b6eecbbeff072c488ea"
"ot-detection-engineering","sigma-libraries/ot-ics-soc/rules/14_s7comm-program-block-download-upload-outside-change-window.yml","exact-duplicate-pointer","02-detection/extensions/detection-engineering/sigma-libraries/ot-ics-soc/rules/14_s7comm-program-block-download-upload-outside-change-window.yml","02-detection/sigma/ot-ics-soc/14_s7comm-program-block-download-upload-outside-change-window.yml","4e7bdda3de906b08a2277814745c240ded94b055121aa9bca89afb0d5cee1b31"
"ot-detection-engineering","sigma-libraries/ot-ics-soc/rules/15_s7comm-system-status-list-szl-enumeration.yml","exact-duplicate-pointer","02-detection/extensions/detection-engineering/sigma-libraries/ot-ics-soc/rules/15_s7comm-system-status-list-szl-enumeration.yml","02-detection/sigma/ot-ics-soc/15_s7comm-system-status-list-szl-enumeration.yml","b54ab8f8c674e17923050fb8cbf8c37263af0fe75a79f1bb25c3a83fa656df09"
"ot-detection-engineering","sigma-libraries/ot-ics-soc/rules/16_iec-60870-5-104-general-interrogation-from-unauthorized-mast.yml","exact-duplicate-pointer","02-detection/extensions/detection-engineering/sigma-libraries/ot-ics-soc/rules/16_iec-60870-5-104-general-interrogation-from-unauthorized-mast.yml","02-detection/sigma/ot-ics-soc/16_iec-60870-5-104-general-interrogation-from-unauthorized-mast.yml","2459b7d9e06dc88baa5046aa122ff29cdd0963aecff142dd987708379d459049"
"ot-detection-engineering","sigma-libraries/ot-ics-soc/rules/17_iec-60870-5-104-single-or-double-command-outside-maintenance.yml","exact-duplicate-pointer","02-detection/extensions/detection-engineering/sigma-libraries/ot-ics-soc/rules/17_iec-60870-5-104-single-or-double-command-outside-maintenance.yml","02-detection/sigma/ot-ics-soc/17_iec-60870-5-104-single-or-double-command-outside-maintenance.yml","34a1c071384f0c731db43709850520258c1bc6b1c6869779e410c615f8e37c37"
"ot-detection-engineering","sigma-libraries/ot-ics-soc/rules/18_iec-60870-5-104-clock-synchronization-command-anomaly.yml","exact-duplicate-pointer","02-detection/extensions/detection-engineering/sigma-libraries/ot-ics-soc/rules/18_iec-60870-5-104-clock-synchronization-command-anomaly.yml","02-detection/sigma/ot-ics-soc/18_iec-60870-5-104-clock-synchronization-command-anomaly.yml","148034baf2369ccc5b4a84c74136ea7e5e949dcd627b36dbdc95fb24f9f04534"
"ot-detection-engineering","sigma-libraries/ot-ics-soc/rules/19_engineering-workstation-communicating-with-multiple-plcs-acr.yml","exact-duplicate-pointer","02-detection/extensions/detection-engineering/sigma-libraries/ot-ics-soc/rules/19_engineering-workstation-communicating-with-multiple-plcs-acr.yml","02-detection/sigma/ot-ics-soc/19_engineering-workstation-communicating-with-multiple-plcs-acr.yml","5661416bf2ddfa796b21ad724547364dd6ebb39548d0aa49758fed5b29250ee3"
"ot-detection-engineering","sigma-libraries/ot-ics-soc/rules/20_new-or-unauthorized-asset-communicating-on-ot-engineering-pr.yml","exact-duplicate-pointer","02-detection/extensions/detection-engineering/sigma-libraries/ot-ics-soc/rules/20_new-or-unauthorized-asset-communicating-on-ot-engineering-pr.yml","02-detection/sigma/ot-ics-soc/20_new-or-unauthorized-asset-communicating-on-ot-engineering-pr.yml","c93f26028c9a1bbdaf0e97f4adcf5d43f9c6c3c9986506600461a340f0eba81c"
"ot-detection-engineering","sigma-libraries/ot-ics-soc/source/OT_ICS_SOC_Sigma_Use_Case_Library.docx","included","02-detection/extensions/detection-engineering/sigma-libraries/ot-ics-soc/source/OT_ICS_SOC_Sigma_Use_Case_Library.docx","02-detection/extensions/detection-engineering/sigma-libraries/ot-ics-soc/source/OT_ICS_SOC_Sigma_Use_Case_Library.docx","4c45497279f139461bcfbfd4fd7846cd9cb00df8062b352f19e330b287d2c19e"
"ot-detection-engineering","sigma-libraries/README.md","included","02-detection/extensions/detection-engineering/sigma-libraries/README.md","02-detection/extensions/detection-engineering/sigma-libraries/README.md","3c9908c44bc3efde13cb3d9d2d425c4af74f3c51a526f41e31017904b65e01a9"
"ot-detection-engineering","sigma-libraries/threat-actor/README.md","included","02-detection/extensions/detection-engineering/sigma-libraries/threat-actor/README.md","02-detection/extensions/detection-engineering/sigma-libraries/threat-actor/README.md","5f3b2af1f6d7b6bcc59cddb9cfc4b7215b7e25f6a43fc0336f681f45e82924e1"
"ot-detection-engineering","sigma-libraries/threat-actor/rules/01_iec-104-mass-coordinated-breaker-open-command-burst.yml","exact-duplicate-pointer","02-detection/extensions/detection-engineering/sigma-libraries/threat-actor/rules/01_iec-104-mass-coordinated-breaker-open-command-burst.yml","02-detection/sigma/threat-actor/01_iec-104-mass-coordinated-breaker-open-command-burst.yml","79a9a674f05a0e3162216b26b329b8e3b6938899831812797a592756c0b2cf51"
"ot-detection-engineering","sigma-libraries/threat-actor/rules/02_modbus-holding-register-manipulation-at-abnormal-cadence.yml","exact-duplicate-pointer","02-detection/extensions/detection-engineering/sigma-libraries/threat-actor/rules/02_modbus-holding-register-manipulation-at-abnormal-cadence.yml","02-detection/sigma/threat-actor/02_modbus-holding-register-manipulation-at-abnormal-cadence.yml","9619c66c97d31e20509cdadcc4ffa9acd9456f8b6bc7074064319ae5c2b71ea8"
"ot-detection-engineering","sigma-libraries/threat-actor/rules/03_mass-disk-wiping-utility-execution-across-multiple-hosts.yml","exact-duplicate-pointer","02-detection/extensions/detection-engineering/sigma-libraries/threat-actor/rules/03_mass-disk-wiping-utility-execution-across-multiple-hosts.yml","02-detection/sigma/threat-actor/03_mass-disk-wiping-utility-execution-across-multiple-hosts.yml","eda60eaee4b9a77a40710d349b45fa262bb9bf3689b288a9e7eb1c9a2db4ee82"
"ot-detection-engineering","sigma-libraries/threat-actor/rules/04_iec-61850-goose-unauthorized-publisher-or-spoofed-message.yml","exact-duplicate-pointer","02-detection/extensions/detection-engineering/sigma-libraries/threat-actor/rules/04_iec-61850-goose-unauthorized-publisher-or-spoofed-message.yml","02-detection/sigma/threat-actor/04_iec-61850-goose-unauthorized-publisher-or-spoofed-message.yml","e6e559a008970106100cf8da0e2686ae8949271f9e1cb668d85b4f75f84b2e44"
"ot-detection-engineering","sigma-libraries/threat-actor/rules/05_mass-lateral-deployment-tooling-preceding-suspected-wiper-ac.yml","exact-duplicate-pointer","02-detection/extensions/detection-engineering/sigma-libraries/threat-actor/rules/05_mass-lateral-deployment-tooling-preceding-suspected-wiper-ac.yml","02-detection/sigma/threat-actor/05_mass-lateral-deployment-tooling-preceding-suspected-wiper-ac.yml","0724307fa1acdd0b716e54a86737c90179a41f5d302aee9357102ac335b10d75"
"ot-detection-engineering","sigma-libraries/threat-actor/rules/06_dns-tunneling-beacon-from-ot-dmz-or-engineering-host.yml","exact-duplicate-pointer","02-detection/extensions/detection-engineering/sigma-libraries/threat-actor/rules/06_dns-tunneling-beacon-from-ot-dmz-or-engineering-host.yml","02-detection/sigma/threat-actor/06_dns-tunneling-beacon-from-ot-dmz-or-engineering-host.yml","90e6c20cc3bcc5b910838a03ef55ec69f7a8223935d1e6d00b6d26bb4599f20a"
"ot-detection-engineering","sigma-libraries/threat-actor/rules/07_web-shell-activity-on-internet-facing-ot-adjacent-server.yml","exact-duplicate-pointer","02-detection/extensions/detection-engineering/sigma-libraries/threat-actor/rules/07_web-shell-activity-on-internet-facing-ot-adjacent-server.yml","02-detection/sigma/threat-actor/07_web-shell-activity-on-internet-facing-ot-adjacent-server.yml","f48a3c5eb03febd1fb5814c28e3ba8dea6b963854c30605ebaec64f204b83cc8"
"ot-detection-engineering","sigma-libraries/threat-actor/rules/08_credential-harvesting-tool-execution-on-engineering-or-scada.yml","exact-duplicate-pointer","02-detection/extensions/detection-engineering/sigma-libraries/threat-actor/rules/08_credential-harvesting-tool-execution-on-engineering-or-scada.yml","02-detection/sigma/threat-actor/08_credential-harvesting-tool-execution-on-engineering-or-scada.yml","6709d37f59d2e7ea833adfb4911e4c41b67af94d642a6c2262316a4d036a2219"
"ot-detection-engineering","sigma-libraries/threat-actor/rules/09_low-and-slow-https-beaconing-indicative-of-oilrig-class-back.yml","exact-duplicate-pointer","02-detection/extensions/detection-engineering/sigma-libraries/threat-actor/rules/09_low-and-slow-https-beaconing-indicative-of-oilrig-class-back.yml","02-detection/sigma/threat-actor/09_low-and-slow-https-beaconing-indicative-of-oilrig-class-back.yml","ea9739d96d16ecaf9ddafa8d2aad6a4338457c3b0c05802cc85a7bbefca43f0b"
"ot-detection-engineering","sigma-libraries/threat-actor/rules/10_shamoon-style-mbr-wiper-execution.yml","exact-duplicate-pointer","02-detection/extensions/detection-engineering/sigma-libraries/threat-actor/rules/10_shamoon-style-mbr-wiper-execution.yml","02-detection/sigma/threat-actor/10_shamoon-style-mbr-wiper-execution.yml","0d32d9a9c81c408e33e32c710727a44e8ee0dd0ba53f002f0f5047629540c426"
"ot-detection-engineering","sigma-libraries/threat-actor/rules/11_password-spray-against-ot-remote-access-portal.yml","exact-duplicate-pointer","02-detection/extensions/detection-engineering/sigma-libraries/threat-actor/rules/11_password-spray-against-ot-remote-access-portal.yml","02-detection/sigma/threat-actor/11_password-spray-against-ot-remote-access-portal.yml","f65618d00adb0ff68a3fcf2827dd484ada22705bebd1149356fad97bc59a16ce"
"ot-detection-engineering","sigma-libraries/threat-actor/rules/12_mass-malware-spreader-tool-execution-across-multiple-hosts.yml","exact-duplicate-pointer","02-detection/extensions/detection-engineering/sigma-libraries/threat-actor/rules/12_mass-malware-spreader-tool-execution-across-multiple-hosts.yml","02-detection/sigma/threat-actor/12_mass-malware-spreader-tool-execution-across-multiple-hosts.yml","a85c559eacc1cd107edc92a1a050a1ac419fd20db4e39dd31e08bae5389b282b"
"ot-detection-engineering","sigma-libraries/threat-actor/rules/13_opc-ua-server-enumeration-followed-by-node-value-tampering.yml","exact-duplicate-pointer","02-detection/extensions/detection-engineering/sigma-libraries/threat-actor/rules/13_opc-ua-server-enumeration-followed-by-node-value-tampering.yml","02-detection/sigma/threat-actor/13_opc-ua-server-enumeration-followed-by-node-value-tampering.yml","cf0d19c43ec3ac74ea310ed50906e2eb1f8d9fd33e2db3096ed597f6a96171ea"
"ot-detection-engineering","sigma-libraries/threat-actor/rules/14_codesys-protocol-command-to-schneider-controller-from-non-en.yml","exact-duplicate-pointer","02-detection/extensions/detection-engineering/sigma-libraries/threat-actor/rules/14_codesys-protocol-command-to-schneider-controller-from-non-en.yml","02-detection/sigma/threat-actor/14_codesys-protocol-command-to-schneider-controller-from-non-en.yml","646850e4cf2df4a62dec60643d1fad559174d238246083e6c9e2f39484a011bb"
"ot-detection-engineering","sigma-libraries/threat-actor/rules/15_omron-fins-http-backdoor-command-execution.yml","exact-duplicate-pointer","02-detection/extensions/detection-engineering/sigma-libraries/threat-actor/rules/15_omron-fins-http-backdoor-command-execution.yml","02-detection/sigma/threat-actor/15_omron-fins-http-backdoor-command-execution.yml","721b165cf9ded5d185b580eab1a28821b4c1624db01045c470988878f70ef350"
"ot-detection-engineering","sigma-libraries/threat-actor/rules/16_asrock-rgb-driver-exploitation-attempt-cve-2020-15368.yml","exact-duplicate-pointer","02-detection/extensions/detection-engineering/sigma-libraries/threat-actor/rules/16_asrock-rgb-driver-exploitation-attempt-cve-2020-15368.yml","02-detection/sigma/threat-actor/16_asrock-rgb-driver-exploitation-attempt-cve-2020-15368.yml","b43b976bcf55172743ec7f8b44867f1bf5f184b797e3aabdce695639d8c3f04b"
"ot-detection-engineering","sigma-libraries/threat-actor/rules/17_triconex-safety-controller-engineering-session-from-unauthor.yml","exact-duplicate-pointer","02-detection/extensions/detection-engineering/sigma-libraries/threat-actor/rules/17_triconex-safety-controller-engineering-session-from-unauthor.yml","02-detection/sigma/threat-actor/17_triconex-safety-controller-engineering-session-from-unauthor.yml","dd82e31c1ff9c7045f88e40eeee805bc94a88d1c434bd386a0c91b5b7e1ebb6d"
"ot-detection-engineering","sigma-libraries/threat-actor/rules/18_safety-controller-key-switch-or-mode-change-outside-proof-te.yml","exact-duplicate-pointer","02-detection/extensions/detection-engineering/sigma-libraries/threat-actor/rules/18_safety-controller-key-switch-or-mode-change-outside-proof-te.yml","02-detection/sigma/threat-actor/18_safety-controller-key-switch-or-mode-change-outside-proof-te.yml","e1f4d4a7c9e8dfccb4fc91b6eaff99d2fe38e58ebcd0825c251ff3cceec8d9ea"
"ot-detection-engineering","sigma-libraries/threat-actor/rules/19_engineering-workstation-reflective-memory-only-process-injec.yml","exact-duplicate-pointer","02-detection/extensions/detection-engineering/sigma-libraries/threat-actor/rules/19_engineering-workstation-reflective-memory-only-process-injec.yml","02-detection/sigma/threat-actor/19_engineering-workstation-reflective-memory-only-process-injec.yml","4e76a0851e7f94294fdf9b78ddeecc6a9b21a84bf8180d62199b7b75dd698ebc"
"ot-detection-engineering","sigma-libraries/threat-actor/rules/20_mass-file-encryption-or-rename-activity-on-ot-historian-or-e.yml","exact-duplicate-pointer","02-detection/extensions/detection-engineering/sigma-libraries/threat-actor/rules/20_mass-file-encryption-or-rename-activity-on-ot-historian-or-e.yml","02-detection/sigma/threat-actor/20_mass-file-encryption-or-rename-activity-on-ot-historian-or-e.yml","d0d744a2eeb9959a3c0f11b76314e5825c5fad38b1f5bf58d52ef0caefaaa1b5"
"ot-detection-engineering","sigma-libraries/threat-actor/source/OT_Threat_Actor_Sigma_Use_Case_Library.docx","included","02-detection/extensions/detection-engineering/sigma-libraries/threat-actor/source/OT_Threat_Actor_Sigma_Use_Case_Library.docx","02-detection/extensions/detection-engineering/sigma-libraries/threat-actor/source/OT_Threat_Actor_Sigma_Use_Case_Library.docx","2ea892dfc012a44fa3bd580c10edbf4e9a35cc7700f24f0be83f0252affe5bbf"
"ot-protocol-defense",".gitignore","repository-metadata-skipped","",".gitignore",""
"ot-protocol-defense","detections/detection-catalog.csv","exact-duplicate-pointer","03-protocols/extensions/protocol-defense/detections/detection-catalog.csv","source-libraries/protocol-ndr-catalog.csv","d21063b6b0cdcdfa0a58663109bda357dd2aba67d98be447eb4fa3e43fb55fa6"
"ot-protocol-defense","detections/README.md","included","03-protocols/extensions/protocol-defense/detections/README.md","03-protocols/extensions/protocol-defense/detections/README.md","13b51afd57c28fe2e22ef4cd5c5bb1dd9b70f03543ba97c576937fc2cf8d4ef0"
"ot-protocol-defense","docs/attack-surface-model.md","exact-duplicate-pointer","03-protocols/extensions/protocol-defense/docs/attack-surface-model.md","docs/protocol-attack-surface-model.md","95f43dd0a025d72267eb075ab4d0b52ab9a0432c5639ab0f963d86accc89318c"
"ot-protocol-defense","docs/how-to-use.md","included","03-protocols/extensions/protocol-defense/docs/how-to-use.md","03-protocols/extensions/protocol-defense/docs/how-to-use.md","e4610dab10cd09c8324c80672c5b5f2cb5441f87f8d889b99d49f72f8e4a0800"
"ot-protocol-defense","docs/log-sources.md","included","03-protocols/extensions/protocol-defense/docs/log-sources.md","03-protocols/extensions/protocol-defense/docs/log-sources.md","338d718b451197bfbd44ac7459a118ddf842e3f6c5d3b4d6abc855f6cfb3a91e"
"ot-protocol-defense","LICENSE","repository-metadata-skipped","03-protocols/extensions/protocol-defense/LICENSE","LICENSE",""
"ot-protocol-defense","protocols/bacnet.md","exact-duplicate-pointer","03-protocols/extensions/protocol-defense/protocols/bacnet.md","03-protocols/bacnet.md","7c533fcc61917c4fc8f4f9d03a3229fef31e26efc44386b2ed4865a35640a040"
"ot-protocol-defense","protocols/dnp3.md","exact-duplicate-pointer","03-protocols/extensions/protocol-defense/protocols/dnp3.md","03-protocols/dnp3.md","e1728da4cbe023e2c1b8f7c2eb860e8961e7fb7c3f7277379a14a1472098d300"
"ot-protocol-defense","protocols/ethernet-ip-cip.md","exact-duplicate-pointer","03-protocols/extensions/protocol-defense/protocols/ethernet-ip-cip.md","03-protocols/ethernet-ip-cip.md","887802ef21fae246737741b05c0fcf21a3078bd8207f24833abc64c14d1004c9"
"ot-protocol-defense","protocols/ftp.md","exact-duplicate-pointer","03-protocols/extensions/protocol-defense/protocols/ftp.md","03-protocols/ftp.md","4e17fb1b0e9cfdd61559655f2d4e5a410139498f17d6712b88f771fe61830c29"
"ot-protocol-defense","protocols/http.md","exact-duplicate-pointer","03-protocols/extensions/protocol-defense/protocols/http.md","03-protocols/http.md","57176ee78fe289b5d518160f680bfde89d3f7ac01a05d386eeafc7941df05cc5"
"ot-protocol-defense","protocols/iec104.md","exact-duplicate-pointer","03-protocols/extensions/protocol-defense/protocols/iec104.md","03-protocols/iec104.md","72797898f224cedc950a31b3d9e7abd92891f0ea877bd5d1aa3e68f2e7a2e3ff"
"ot-protocol-defense","protocols/iec61850.md","exact-duplicate-pointer","03-protocols/extensions/protocol-defense/protocols/iec61850.md","03-protocols/iec61850.md","7e19c24c6c1f4b716a50f79c2eb7f9abd087f5bb4e8f2dd18c8b4ccc004b6296"
"ot-protocol-defense","protocols/modbus.md","exact-duplicate-pointer","03-protocols/extensions/protocol-defense/protocols/modbus.md","03-protocols/modbus.md","d5127ae3244eea6ff00df829c8395f83581735bc648a53cf9dcb7a9eb8c354bc"
"ot-protocol-defense","protocols/mqtt.md","exact-duplicate-pointer","03-protocols/extensions/protocol-defense/protocols/mqtt.md","03-protocols/mqtt.md","1cfe517e30be10e30fcc162ff3bd5746f0ed4141d9e100ff57098f68e62b004d"
"ot-protocol-defense","protocols/nmap-scanning.md","exact-duplicate-pointer","03-protocols/extensions/protocol-defense/protocols/nmap-scanning.md","03-protocols/nmap-scanning.md","71386be15989051600f130ad2ffe89951411dde9544c4a84045edf6e715fcf50"
"ot-protocol-defense","protocols/opcua.md","exact-duplicate-pointer","03-protocols/extensions/protocol-defense/protocols/opcua.md","03-protocols/opcua.md","05ff70c9523d5bfb03ae8fe6f8e326f3e07ed0d0426dbbc73721698fe74a7d31"
"ot-protocol-defense","protocols/README.md","included","03-protocols/extensions/protocol-defense/protocols/README.md","03-protocols/extensions/protocol-defense/protocols/README.md","e2266ef335eda42d7aa5b27d5b68083fa4afd3024def2669fdbdf7adcf4bf599"
"ot-protocol-defense","protocols/s7comm.md","exact-duplicate-pointer","03-protocols/extensions/protocol-defense/protocols/s7comm.md","03-protocols/s7comm.md","fc433844caee9b97496bfea3ccb57c12fcc5286ce6687deadbb2cca5853be7de"
"ot-protocol-defense","protocols/vnc.md","exact-duplicate-pointer","03-protocols/extensions/protocol-defense/protocols/vnc.md","03-protocols/vnc.md","640e6dd384d78916a9577630697c1e30734156d6523987bb3bb0a42a42d92752"
"ot-protocol-defense","README.md","included","03-protocols/extensions/protocol-defense/README.md","03-protocols/extensions/protocol-defense/README.md","82c450f11ec0b6cb25503fb8473ad3ffe39724f291f92ff1d2d15864dfae8c1a"
"ot-protocol-defense_NDR",".gitignore","repository-metadata-skipped","",".gitignore",""
"ot-protocol-defense_NDR","detections/detection-catalog.csv","exact-duplicate-pointer","02-detection/extensions/protocol-ndr/detections/detection-catalog.csv","source-libraries/protocol-ndr-catalog.csv","d21063b6b0cdcdfa0a58663109bda357dd2aba67d98be447eb4fa3e43fb55fa6"
"ot-protocol-defense_NDR","detections/README.md","exact-duplicate-pointer","02-detection/extensions/protocol-ndr/detections/README.md","03-protocols/extensions/protocol-defense/detections/README.md","13b51afd57c28fe2e22ef4cd5c5bb1dd9b70f03543ba97c576937fc2cf8d4ef0"
"ot-protocol-defense_NDR","docs/attack-surface-model.md","exact-duplicate-pointer","02-detection/extensions/protocol-ndr/docs/attack-surface-model.md","docs/protocol-attack-surface-model.md","95f43dd0a025d72267eb075ab4d0b52ab9a0432c5639ab0f963d86accc89318c"
"ot-protocol-defense_NDR","docs/how-to-use.md","exact-duplicate-pointer","02-detection/extensions/protocol-ndr/docs/how-to-use.md","03-protocols/extensions/protocol-defense/docs/how-to-use.md","e4610dab10cd09c8324c80672c5b5f2cb5441f87f8d889b99d49f72f8e4a0800"
"ot-protocol-defense_NDR","docs/log-sources.md","exact-duplicate-pointer","02-detection/extensions/protocol-ndr/docs/log-sources.md","03-protocols/extensions/protocol-defense/docs/log-sources.md","338d718b451197bfbd44ac7459a118ddf842e3f6c5d3b4d6abc855f6cfb3a91e"
"ot-protocol-defense_NDR","LICENSE","repository-metadata-skipped","02-detection/extensions/protocol-ndr/LICENSE","LICENSE",""
"ot-protocol-defense_NDR","nozomi-queries/assertion-queries.md","included","02-detection/extensions/protocol-ndr/nozomi-queries/assertion-queries.md","02-detection/extensions/protocol-ndr/nozomi-queries/assertion-queries.md","15b91da679b8e0a5591174584931aa61a971eb5b84a6626a392b48dda2d03924"
"ot-protocol-defense_NDR","nozomi-queries/n2ql-reference.md","exact-duplicate-pointer","02-detection/extensions/protocol-ndr/nozomi-queries/n2ql-reference.md","02-detection/nozomi/n2ql-reference.md","ad9ed051e451eeae79415746edbb21e390a24f1c60d5b75fcda72db7c0cf2764"
"ot-protocol-defense_NDR","nozomi-queries/queries-catalog.csv","exact-duplicate-pointer","02-detection/extensions/protocol-ndr/nozomi-queries/queries-catalog.csv","02-detection/nozomi/queries-catalog.csv","f91030a2383a6d389943949873c1a871d8d7aee6a48a5edb59f0eb6f4914a9be"
"ot-protocol-defense_NDR","nozomi-queries/README.md","included","02-detection/extensions/protocol-ndr/nozomi-queries/README.md","02-detection/extensions/protocol-ndr/nozomi-queries/README.md","e66d31bd39861e69b71ab68d0ca452e906e394e5ca5354accb8e21429a9f2b0a"
"ot-protocol-defense_NDR","protocols/bacnet.md","exact-duplicate-pointer","02-detection/extensions/protocol-ndr/protocols/bacnet.md","03-protocols/bacnet.md","7c533fcc61917c4fc8f4f9d03a3229fef31e26efc44386b2ed4865a35640a040"
"ot-protocol-defense_NDR","protocols/dnp3.md","exact-duplicate-pointer","02-detection/extensions/protocol-ndr/protocols/dnp3.md","03-protocols/dnp3.md","e1728da4cbe023e2c1b8f7c2eb860e8961e7fb7c3f7277379a14a1472098d300"
"ot-protocol-defense_NDR","protocols/ethernet-ip-cip.md","exact-duplicate-pointer","02-detection/extensions/protocol-ndr/protocols/ethernet-ip-cip.md","03-protocols/ethernet-ip-cip.md","887802ef21fae246737741b05c0fcf21a3078bd8207f24833abc64c14d1004c9"
"ot-protocol-defense_NDR","protocols/ftp.md","exact-duplicate-pointer","02-detection/extensions/protocol-ndr/protocols/ftp.md","03-protocols/ftp.md","4e17fb1b0e9cfdd61559655f2d4e5a410139498f17d6712b88f771fe61830c29"
"ot-protocol-defense_NDR","protocols/http.md","exact-duplicate-pointer","02-detection/extensions/protocol-ndr/protocols/http.md","03-protocols/http.md","57176ee78fe289b5d518160f680bfde89d3f7ac01a05d386eeafc7941df05cc5"
"ot-protocol-defense_NDR","protocols/iec104.md","exact-duplicate-pointer","02-detection/extensions/protocol-ndr/protocols/iec104.md","03-protocols/iec104.md","72797898f224cedc950a31b3d9e7abd92891f0ea877bd5d1aa3e68f2e7a2e3ff"
"ot-protocol-defense_NDR","protocols/iec61850.md","exact-duplicate-pointer","02-detection/extensions/protocol-ndr/protocols/iec61850.md","03-protocols/iec61850.md","7e19c24c6c1f4b716a50f79c2eb7f9abd087f5bb4e8f2dd18c8b4ccc004b6296"
"ot-protocol-defense_NDR","protocols/modbus.md","exact-duplicate-pointer","02-detection/extensions/protocol-ndr/protocols/modbus.md","03-protocols/modbus.md","d5127ae3244eea6ff00df829c8395f83581735bc648a53cf9dcb7a9eb8c354bc"
"ot-protocol-defense_NDR","protocols/mqtt.md","exact-duplicate-pointer","02-detection/extensions/protocol-ndr/protocols/mqtt.md","03-protocols/mqtt.md","1cfe517e30be10e30fcc162ff3bd5746f0ed4141d9e100ff57098f68e62b004d"
"ot-protocol-defense_NDR","protocols/nmap-scanning.md","exact-duplicate-pointer","02-detection/extensions/protocol-ndr/protocols/nmap-scanning.md","03-protocols/nmap-scanning.md","71386be15989051600f130ad2ffe89951411dde9544c4a84045edf6e715fcf50"
"ot-protocol-defense_NDR","protocols/opcua.md","exact-duplicate-pointer","02-detection/extensions/protocol-ndr/protocols/opcua.md","03-protocols/opcua.md","05ff70c9523d5bfb03ae8fe6f8e326f3e07ed0d0426dbbc73721698fe74a7d31"
"ot-protocol-defense_NDR","protocols/README.md","exact-duplicate-pointer","02-detection/extensions/protocol-ndr/protocols/README.md","03-protocols/extensions/protocol-defense/protocols/README.md","e2266ef335eda42d7aa5b27d5b68083fa4afd3024def2669fdbdf7adcf4bf599"
"ot-protocol-defense_NDR","protocols/s7comm.md","exact-duplicate-pointer","02-detection/extensions/protocol-ndr/protocols/s7comm.md","03-protocols/s7comm.md","fc433844caee9b97496bfea3ccb57c12fcc5286ce6687deadbb2cca5853be7de"
"ot-protocol-defense_NDR","protocols/vnc.md","exact-duplicate-pointer","02-detection/extensions/protocol-ndr/protocols/vnc.md","03-protocols/vnc.md","640e6dd384d78916a9577630697c1e30734156d6523987bb3bb0a42a42d92752"
"ot-protocol-defense_NDR","README.md","included","02-detection/extensions/protocol-ndr/README.md","02-detection/extensions/protocol-ndr/README.md","a991d5ac25907c761074622f057a0d078da38792717063e09bc3f43c647d3d5f"
"perimeter-to-endpoint-detections",".gitignore","repository-metadata-skipped","",".gitignore",""
"perimeter-to-endpoint-detections","catalog/detection-catalog.csv","exact-duplicate-pointer","02-detection/extensions/perimeter-to-endpoint/catalog/detection-catalog.csv","source-libraries/perimeter-catalog.csv","fb5edc3a5b194662f5f2a2f4c52aee6ff20d0f267b9e82d01ab5a2a453ddc96e"
"perimeter-to-endpoint-detections","detections/01-network-perimeter-dos.md","exact-duplicate-pointer","02-detection/extensions/perimeter-to-endpoint/detections/01-network-perimeter-dos.md","02-detection/domains/perimeter-01-network-perimeter-dos.md","2e044944e91d5ddc7516f6da8ce549258a04838c425692e9342661251b040d25"
"perimeter-to-endpoint-detections","detections/02-identity-account.md","exact-duplicate-pointer","02-detection/extensions/perimeter-to-endpoint/detections/02-identity-account.md","02-detection/domains/perimeter-02-identity-account.md","00bb4764f7f4e25841524af49fa77c1305b0c470e789ad60024f4ace52ff9708"
"perimeter-to-endpoint-detections","detections/03-endpoint-windows-edr.md","exact-duplicate-pointer","02-detection/extensions/perimeter-to-endpoint/detections/03-endpoint-windows-edr.md","02-detection/domains/perimeter-03-endpoint-windows-edr.md","41f3b3db690551265094c1ab5b02af781cb2ffcf6098901a720218dd06a5cb40"
"perimeter-to-endpoint-detections","detections/04-east-west-lateral.md","exact-duplicate-pointer","02-detection/extensions/perimeter-to-endpoint/detections/04-east-west-lateral.md","02-detection/domains/perimeter-04-east-west-lateral.md","fd3793ad7ba4713488b8d6f308947dae395b978fe514d9198e739cae12bc2b48"
"perimeter-to-endpoint-detections","detections/05-traffic-outliers-dns.md","exact-duplicate-pointer","02-detection/extensions/perimeter-to-endpoint/detections/05-traffic-outliers-dns.md","02-detection/domains/perimeter-05-traffic-outliers-dns.md","7324397983f2e760fa657cbfb52c8dc81709f3d5eaa5cf12417cdb1ea89b2124"
"perimeter-to-endpoint-detections","detections/06-scanning-webapp.md","exact-duplicate-pointer","02-detection/extensions/perimeter-to-endpoint/detections/06-scanning-webapp.md","02-detection/domains/perimeter-06-scanning-webapp.md","cfae9330c36b5c43b87e012671e64be5e63dffab2c153aa7153a093597588a93"
"perimeter-to-endpoint-detections","detections/07-prohibited-traffic.md","exact-duplicate-pointer","02-detection/extensions/perimeter-to-endpoint/detections/07-prohibited-traffic.md","02-detection/domains/perimeter-07-prohibited-traffic.md","4d3fb70df3d61d70d2b1377ed06a34558fc26848eb8a99ce1c98157c30a37536"
"perimeter-to-endpoint-detections","docs/baseline-methodology.md","exact-duplicate-pointer","02-detection/extensions/perimeter-to-endpoint/docs/baseline-methodology.md","docs/baseline-methodology.md","970373292004af8badce3afc94ee8dac165c9b7e8e2a58b5b1b5edcf9f180fbe"
"perimeter-to-endpoint-detections","docs/data-sources.md","included","02-detection/extensions/perimeter-to-endpoint/docs/data-sources.md","02-detection/extensions/perimeter-to-endpoint/docs/data-sources.md","c7b9068ad6ec907479a76ec780a6ebe6df3adcf4b3218220486eceeadd7cf316"
"perimeter-to-endpoint-detections","LICENSE","repository-metadata-skipped","02-detection/extensions/perimeter-to-endpoint/LICENSE","LICENSE",""
"perimeter-to-endpoint-detections","README.md","included","02-detection/extensions/perimeter-to-endpoint/README.md","02-detection/extensions/perimeter-to-endpoint/README.md","506542d9f1aa31c4d26c279d8c1d6dbab76b47f866c8700e4d3261f45ba14cca"
"sis-safety-detection",".gitignore","repository-metadata-skipped","",".gitignore",""
"sis-safety-detection","catalog/detection-catalog.csv","exact-duplicate-pointer","02-detection/extensions/sis-safety/catalog/detection-catalog.csv","source-libraries/sis-catalog.csv","67ec88524c5d410e713d45d892c487fef24f4f85934b35a40af8b2fc47413a89"
"sis-safety-detection","detections/A-bpcs-sis-boundary.md","exact-duplicate-pointer","02-detection/extensions/sis-safety/detections/A-bpcs-sis-boundary.md","02-detection/domains/A-bpcs-sis-boundary.md","ffc0c1a49d369a2ede36e76cbcda7b6c690a98573cc94cfeebcfb5b7d28fb683"
"sis-safety-detection","detections/B-sis-engineering-program.md","exact-duplicate-pointer","02-detection/extensions/sis-safety/detections/B-sis-engineering-program.md","02-detection/domains/B-sis-engineering-program.md","0aa1d9fed1f83ab8aaa25c5b42974e9a7d13214c8ce69fed8ed2cee5b7e659c8"
"sis-safety-detection","detections/C-safety-function-trip.md","exact-duplicate-pointer","02-detection/extensions/sis-safety/detections/C-safety-function-trip.md","02-detection/domains/C-safety-function-trip.md","47096efeaaee08c5e49672ae55743c94667ecc0d64b3f7edaf926be2486d53c0"
"sis-safety-detection","detections/D-sensor-voting-integrity.md","exact-duplicate-pointer","02-detection/extensions/sis-safety/detections/D-sensor-voting-integrity.md","02-detection/domains/D-sensor-voting-integrity.md","67470de46b8c8c7191719cb4eb5610c123436838ac6995ee09aab255da97cb85"
"sis-safety-detection","detections/E-bypass-override.md","exact-duplicate-pointer","02-detection/extensions/sis-safety/detections/E-bypass-override.md","02-detection/domains/E-bypass-override.md","992cba9cd05c1c81a2dedb688110ca0deb33c0ba213d5b153918767d044e7678"
"sis-safety-detection","detections/F-availability-diagnostics.md","exact-duplicate-pointer","02-detection/extensions/sis-safety/detections/F-availability-diagnostics.md","02-detection/domains/F-availability-diagnostics.md","14dc60a82ee77a9341b154996c92e950de25efc2eccaed77cd7c60a913cba68e"
"sis-safety-detection","docs/data-sources.md","included","02-detection/extensions/sis-safety/docs/data-sources.md","02-detection/extensions/sis-safety/docs/data-sources.md","a28c262a0432e856eb7b34181cf268fb46131558cf22dc8630e96ba16c651191"
"sis-safety-detection","docs/functional-safety-primer.md","exact-duplicate-pointer","02-detection/extensions/sis-safety/docs/functional-safety-primer.md","docs/functional-safety-primer.md","65e31803e359bd92331ae87bdab7b29fa4a256a65380e112f70dc9f4aeea3f75"
"sis-safety-detection","docs/monitoring-architecture.md","exact-duplicate-pointer","02-detection/extensions/sis-safety/docs/monitoring-architecture.md","docs/sis-monitoring-architecture.md","fedbab67c41175a2fdc034c383b1399d984a13ca68c3a13e4a13d76df730dfea"
"sis-safety-detection","LICENSE","repository-metadata-skipped","02-detection/extensions/sis-safety/LICENSE","LICENSE",""
"sis-safety-detection","README.md","included","02-detection/extensions/sis-safety/README.md","02-detection/extensions/sis-safety/README.md","9d23f357d7c205220ecc4c3556b145d251ec3773b72c16eba6c371b34fe71692"
"ot-threat-content-repo",".gitignore","repository-metadata-skipped","",".gitignore",""
"ot-threat-content-repo","catalog/attack-ics-coverage.csv","exact-duplicate-pointer","02-detection/extensions/threat-content/catalog/attack-ics-coverage.csv","02-detection/catalog/attack-ics-coverage.csv","9b5b8570b9cce85684a6f7fc10b0fde9cfdbcf353aa0cad0745d314c1aa0c4b7"
"ot-threat-content-repo","catalog/nozomi-alert-mapping.csv","exact-duplicate-pointer","02-detection/extensions/threat-content/catalog/nozomi-alert-mapping.csv","02-detection/catalog/nozomi-alert-mapping.csv","b5e9557579404873a197d8f79c388d8e8992e46e562cef1249519278ce2d551e"
"ot-threat-content-repo","catalog/sector-applicability.csv","exact-duplicate-pointer","02-detection/extensions/threat-content/catalog/sector-applicability.csv","02-detection/catalog/sector-applicability.csv","6fc802bcb71250d56ec67dac1d7228ede6bd114d85d966d1de01606f76b621c4"
"ot-threat-content-repo","catalog/threat-actor-coverage.csv","exact-duplicate-pointer","02-detection/extensions/threat-content/catalog/threat-actor-coverage.csv","02-detection/catalog/threat-actor-coverage.csv","0aa9d91ca1a1754587b33d8f290381c55c5f6d985a06045bdd98a6aaf73c561c"
"ot-threat-content-repo","catalog/use-case-catalog.csv","exact-duplicate-pointer","02-detection/extensions/threat-content/catalog/use-case-catalog.csv","02-detection/catalog/use-case-catalog.csv","a9ad9270bb6a9ed330b26bc5faeb49dd9993e7fe9778afe706660e676448acd1"
"ot-threat-content-repo","detections/nozomi-n2ql/internet-exposed-device.n2ql","exact-duplicate-pointer","02-detection/extensions/threat-content/detections/nozomi-n2ql/internet-exposed-device.n2ql","02-detection/nozomi/internet-exposed-device.n2ql","343e4d871f89a7e01dd6a38b36eb318cc3884f108a9a867a577f27a0408539ce"
"ot-threat-content-repo","detections/nozomi-n2ql/malware-smb-transfer.n2ql","exact-duplicate-pointer","02-detection/extensions/threat-content/detections/nozomi-n2ql/malware-smb-transfer.n2ql","02-detection/nozomi/malware-smb-transfer.n2ql","74cfc5121ef15d026b5b5d9cb5f1d2d96810d133ba2622b851535bcbd92f7b64"
"ot-threat-content-repo","detections/nozomi-n2ql/new-node-critical-zone.n2ql","exact-duplicate-pointer","02-detection/extensions/threat-content/detections/nozomi-n2ql/new-node-critical-zone.n2ql","02-detection/nozomi/new-node-critical-zone.n2ql","bd07c1ea255c133c9c7c700635ee3a3699e7eae3ca4129f94f92c8445401379e"
"ot-threat-content-repo","detections/README.md","included","02-detection/extensions/threat-content/detections/README.md","02-detection/extensions/threat-content/detections/README.md","839cd0878f8c9513ffc35c8a6dc55f43004ab7ec4d4880a9a329abb3fe4957f3"
"ot-threat-content-repo","detections/sigma/dnp3-restart.yml","exact-duplicate-pointer","02-detection/extensions/threat-content/detections/sigma/dnp3-restart.yml","02-detection/sigma/core-protocol/dnp3-restart.yml","31e1a815f9e9448501b940f6cc279b3e635c632e1fb9df433ea35b4b1d2ffadd"
"ot-threat-content-repo","detections/sigma/iec104-unauthorized-control.yml","exact-duplicate-pointer","02-detection/extensions/threat-content/detections/sigma/iec104-unauthorized-control.yml","02-detection/sigma/core-protocol/iec104-unauthorized-control.yml","dfa2a026f6e3a78ed0f8c5f8ed278008f4bb47f634a9ec284318c2bfe13fe161"
"ot-threat-content-repo","detections/sigma/modbus-fc08-restart.yml","exact-duplicate-pointer","02-detection/extensions/threat-content/detections/sigma/modbus-fc08-restart.yml","02-detection/sigma/core-protocol/modbus-fc08-restart.yml","2d631558cd4d192b8034dc8a3a436125142632935f2e4aa6f2b5129f154e9bcb"
"ot-threat-content-repo","detections/sigma/modbus-unauthorized-write.yml","exact-duplicate-pointer","02-detection/extensions/threat-content/detections/sigma/modbus-unauthorized-write.yml","02-detection/sigma/core-protocol/modbus-unauthorized-write.yml","5ad1a3be5c97245745ed34a4c4f25c6a2bae046a7c0a069aa73588ad5a7135d1"
"ot-threat-content-repo","detections/sigma/ot-subnet-scan.yml","exact-duplicate-pointer","02-detection/extensions/threat-content/detections/sigma/ot-subnet-scan.yml","02-detection/sigma/core-protocol/ot-subnet-scan.yml","19ed67a6eb260312dd2f0dbaf18906e52689c5a6a7b1c58ac9deeb7bf10e53ff"
"ot-threat-content-repo","detections/sigma/s7comm-stop-cpu.yml","exact-duplicate-pointer","02-detection/extensions/threat-content/detections/sigma/s7comm-stop-cpu.yml","02-detection/sigma/core-protocol/s7comm-stop-cpu.yml","caa098b9a3ab823d8fe64d239715b620dbd67331c84f85af3cb86e3d969751bf"
"ot-threat-content-repo","docs/architecture.md","included","02-detection/extensions/threat-content/docs/architecture.md","02-detection/extensions/threat-content/docs/architecture.md","2fb4d3cdeadc6fbfc828f5233ca2fde1422b4c973a8992ebbacfb686dff05f10"
"ot-threat-content-repo","docs/nozomi-alert-taxonomy.md","exact-duplicate-pointer","02-detection/extensions/threat-content/docs/nozomi-alert-taxonomy.md","docs/nozomi-alert-taxonomy.md","2fe144cf1e2468da6e3d0c8ca6a9e7cd2b415129888677ee1dd741ea0e54da7c"
"ot-threat-content-repo","docs/taxonomy.md","exact-duplicate-pointer","02-detection/extensions/threat-content/docs/taxonomy.md","docs/taxonomy.md","675842c5210d652cd5a08a7024686b75db70fecef88278ee983195f8abb55c6e"
"ot-threat-content-repo","LICENSE","repository-metadata-skipped","02-detection/extensions/threat-content/LICENSE","LICENSE",""
"ot-threat-content-repo","lifecycle/raci-matrix.md","exact-duplicate-pointer","02-detection/extensions/threat-content/lifecycle/raci-matrix.md","00-program/raci-matrix.md","a8a83f0c15c0bf7c13faf464ce74c4cca68204bc04be5c33e45811be2ad865f4"
"ot-threat-content-repo","lifecycle/use-case-lifecycle.md","exact-duplicate-pointer","02-detection/extensions/threat-content/lifecycle/use-case-lifecycle.md","00-program/use-case-lifecycle.md","c588a3e002cd15137ee86eae4ecc814bfede08b5d342ddb085842cb88eb93f4f"
"ot-threat-content-repo","lifecycle/use-case-template.md","exact-duplicate-pointer","02-detection/extensions/threat-content/lifecycle/use-case-template.md","00-program/use-case-template.md","a0c7eacaf222bc2afa22684d8ef92d1e1f46e9f9d7cad27733cae687dcf2ae46"
"ot-threat-content-repo","lifecycle/validation-test-plan-template.md","exact-duplicate-pointer","02-detection/extensions/threat-content/lifecycle/validation-test-plan-template.md","00-program/validation-test-plan-template.md","1ac4cb0a51bcfd6df153d14988b1b33cba07292f532c7abc7389976bcf1588fe"
"ot-threat-content-repo","README.md","included","02-detection/extensions/threat-content/README.md","02-detection/extensions/threat-content/README.md","1807ac6bd92dc6b07de36ad993162673e99e6d63a9d45e10e488e4eb6291ad42"
"ot-scada-server-detection",".gitignore","repository-metadata-skipped","",".gitignore",""
"ot-scada-server-detection","CHANGELOG.md","included","02-detection/extensions/scada-server/CHANGELOG.md","02-detection/extensions/scada-server/CHANGELOG.md","75171423df28d9cd493ab1274b5c76d5a997beb2b8284998d7fd905d8fd17fc3"
"ot-scada-server-detection","correlation/UC-S01-001_operator_intent.md","included","02-detection/extensions/scada-server/correlation/UC-S01-001_operator_intent.md","02-detection/extensions/scada-server/correlation/UC-S01-001_operator_intent.md","baa36cac0068f3d280bf946a2849f7970d6f9e1c6452d45284b38c1c7992f7c2"
"ot-scada-server-detection","correlation/UC-S01-002_program_download_provenance.md","included","02-detection/extensions/scada-server/correlation/UC-S01-002_program_download_provenance.md","02-detection/extensions/scada-server/correlation/UC-S01-002_program_download_provenance.md","b071bf0fd58b62c54f788fd6064b3732108909999452c85ffde15c528c483cd3"
"ot-scada-server-detection","correlation/UC-S01-003_change_operating_mode.md","included","02-detection/extensions/scada-server/correlation/UC-S01-003_change_operating_mode.md","02-detection/extensions/scada-server/correlation/UC-S01-003_change_operating_mode.md","b95837b2c3a390b354a35a85ebf1234682acb64e8ab16a35cea92788606f1795"
"ot-scada-server-detection","coverage/S-01_row.md","included","02-detection/extensions/scada-server/coverage/S-01_row.md","02-detection/extensions/scada-server/coverage/S-01_row.md","32ee68f2569683b29d1c4b8ada5ef99def9c06ad9c594859c0e719a0f663e49c"
"ot-scada-server-detection","host/compiled/s01_host_sentinel.kql","included","02-detection/extensions/scada-server/host/compiled/s01_host_sentinel.kql","02-detection/extensions/scada-server/host/compiled/s01_host_sentinel.kql","d0570fbad22bc15f0d4d44595e6129275815bf6a7a9180c175485b7569d56af4"
"ot-scada-server-detection","host/compiled/s01_host_splunk.spl","included","02-detection/extensions/scada-server/host/compiled/s01_host_splunk.spl","02-detection/extensions/scada-server/host/compiled/s01_host_splunk.spl","9214c9befce4db276659babca69de48ebfe53ff80beaf8912478028787e4e31a"
"ot-scada-server-detection","host/sigma/s01_anomalous_outbound_c2.yml","included","02-detection/extensions/scada-server/host/sigma/s01_anomalous_outbound_c2.yml","02-detection/extensions/scada-server/host/sigma/s01_anomalous_outbound_c2.yml","e2cdc11c584ac0c8bc8bc83e0536c86a3bc177abcba1312362416a6552e6aeb9"
"ot-scada-server-detection","host/sigma/s01_defense_evasion_logging_disabled.yml","included","02-detection/extensions/scada-server/host/sigma/s01_defense_evasion_logging_disabled.yml","02-detection/extensions/scada-server/host/sigma/s01_defense_evasion_logging_disabled.yml","c8b731d71a74031a9a5f23684de47bcccf0aa097790be3a29619dc5323ff5a0c"
"ot-scada-server-detection","host/sigma/s01_encoded_powershell_cradle.yml","included","02-detection/extensions/scada-server/host/sigma/s01_encoded_powershell_cradle.yml","02-detection/extensions/scada-server/host/sigma/s01_encoded_powershell_cradle.yml","ed2f655adc12e5bef7b2ba63929ddab86859edddbcd70f08f0970641b5318e07"
"ot-scada-server-detection","host/sigma/s01_lsass_credential_access.yml","included","02-detection/extensions/scada-server/host/sigma/s01_lsass_credential_access.yml","02-detection/extensions/scada-server/host/sigma/s01_lsass_credential_access.yml","868b7dce3f9c62f27fb6318bbb89a06655b18ce389fcabad25deba1b4193d0a2"
"ot-scada-server-detection","host/sigma/s01_new_local_account_privgroup.yml","included","02-detection/extensions/scada-server/host/sigma/s01_new_local_account_privgroup.yml","02-detection/extensions/scada-server/host/sigma/s01_new_local_account_privgroup.yml","a856e1eacf5208cefb43a7f60c5e910cfd2fab4e0982dc94dedcf00bc82b4955"
"ot-scada-server-detection","host/sigma/s01_rdp_logon_non_jumphost.yml","included","02-detection/extensions/scada-server/host/sigma/s01_rdp_logon_non_jumphost.yml","02-detection/extensions/scada-server/host/sigma/s01_rdp_logon_non_jumphost.yml","2ef4fb3429d076ea73e7f06fcce360da412675c2db8c003f53092e2ac8112619"
"ot-scada-server-detection","host/sigma/s01_removable_media_attach.yml","included","02-detection/extensions/scada-server/host/sigma/s01_removable_media_attach.yml","02-detection/extensions/scada-server/host/sigma/s01_removable_media_attach.yml","96ace62050a4f6640daa8c75cd4f4d91d43f9fe321434193fb9f99d4bb355456"
"ot-scada-server-detection","host/sigma/s01_service_scheduledtask_install.yml","included","02-detection/extensions/scada-server/host/sigma/s01_service_scheduledtask_install.yml","02-detection/extensions/scada-server/host/sigma/s01_service_scheduledtask_install.yml","a8ff5e75b1b412e1c9dee1536389605964dd3aa72413a3a0d50c17a3626d036b"
"ot-scada-server-detection","host/sigma/s01_unsigned_dll_hmi_runtime.yml","included","02-detection/extensions/scada-server/host/sigma/s01_unsigned_dll_hmi_runtime.yml","02-detection/extensions/scada-server/host/sigma/s01_unsigned_dll_hmi_runtime.yml","8514db258089408e09a4d8b4d2c555985e9e77181f444c72dd476ba8b5c32796"
"ot-scada-server-detection","LICENSE","repository-metadata-skipped","02-detection/extensions/scada-server/LICENSE","LICENSE",""
"ot-scada-server-detection","README.md","included","02-detection/extensions/scada-server/README.md","02-detection/extensions/scada-server/README.md","4b93c3f5d99a72045649c8c2e3bfdab8fffa69539b5ed1bf53631ba3743c817e"
"it-ot-incident-response",".gitignore","repository-metadata-skipped","",".gitignore",""
"it-ot-incident-response","CONTRIBUTING.md","included","04-response/extensions/it-ot-incident-response/CONTRIBUTING.md","04-response/extensions/it-ot-incident-response/CONTRIBUTING.md","faebf5d0dbf2215afae5b5232eceb3ebb1bc4414d11045b28327ae6192b44842"
"it-ot-incident-response","docs/01-ir-plan-and-lifecycle.md","included","04-response/extensions/it-ot-incident-response/docs/01-ir-plan-and-lifecycle.md","04-response/extensions/it-ot-incident-response/docs/01-ir-plan-and-lifecycle.md","6f5281c60959118a692057f3c5f22658e9c505734106aaa3f0665a3a325c4cf9"
"it-ot-incident-response","docs/02-roles-and-raci.md","exact-duplicate-pointer","04-response/extensions/it-ot-incident-response/docs/02-roles-and-raci.md","docs/02-roles-and-raci.md","26cf90798eb30546035268eac8909a5c89a73cc7aba4ea8f6f6c18a933e0e558"
"it-ot-incident-response","docs/03-severity-classification.md","exact-duplicate-pointer","04-response/extensions/it-ot-incident-response/docs/03-severity-classification.md","docs/03-severity-classification.md","f099aa9d7a6c7dc04567cf6f7b10b09677754d8debdb6645ac67d332a149c632"
"it-ot-incident-response","docs/04-evidence-handling-chain-of-custody.md","included","04-response/extensions/it-ot-incident-response/docs/04-evidence-handling-chain-of-custody.md","04-response/extensions/it-ot-incident-response/docs/04-evidence-handling-chain-of-custody.md","d045e41c73c792b0025cce12728c263b4f2a2d8a4e0880cb449e5a90b4fe2a58"
"it-ot-incident-response","docs/05-communications-and-regulatory.md","exact-duplicate-pointer","04-response/extensions/it-ot-incident-response/docs/05-communications-and-regulatory.md","docs/05-communications-and-regulatory.md","a21f9609a7ea724f098ef0c22e3bcd82757fb38cd0462f5a61fd616149646340"
"it-ot-incident-response","evidence/evidence-source-matrix.md","included","04-response/extensions/it-ot-incident-response/evidence/evidence-source-matrix.md","04-response/extensions/it-ot-incident-response/evidence/evidence-source-matrix.md","766976c3a27394f9740bd870bd5f220bebe08402a6022018a9bea828bb659067"
"it-ot-incident-response","evidence/historian-and-process.md","exact-duplicate-pointer","04-response/extensions/it-ot-incident-response/evidence/historian-and-process.md","04-response/evidence/historian-and-process.md","642c5523e9d3db364f8a7999c9319df98b6797f87bbb64978730cfeb5b1fc236"
"it-ot-incident-response","evidence/identity-and-remote-access.md","exact-duplicate-pointer","04-response/extensions/it-ot-incident-response/evidence/identity-and-remote-access.md","04-response/evidence/identity-and-remote-access.md","3b169507b1ea59dea8be35d134d5cd5a52e01155d574fb2f7abc48205d21a112"
"it-ot-incident-response","evidence/network-and-ot-protocols.md","exact-duplicate-pointer","04-response/extensions/it-ot-incident-response/evidence/network-and-ot-protocols.md","04-response/evidence/network-and-ot-protocols.md","f50fce88a8ecb7dbbbf1fe3f8a66a9fa605ef0f7e87a98b4a01a814e2d6e18b2"
"it-ot-incident-response","evidence/plc-controller-safe-acquisition.md","exact-duplicate-pointer","04-response/extensions/it-ot-incident-response/evidence/plc-controller-safe-acquisition.md","04-response/evidence/plc-controller-safe-acquisition.md","300c0a912d3d4dd2bd1e32975eacf5b2ce356ff2ae2db69d1768c128020aa91e"
"it-ot-incident-response","evidence/windows-ews-hmi-historian-host.md","exact-duplicate-pointer","04-response/extensions/it-ot-incident-response/evidence/windows-ews-hmi-historian-host.md","04-response/evidence/windows-ews-hmi-historian-host.md","42ce8a21bc2213e41d524dada6efe09682cdd6681e1dd2274ad1faed879731ef"
"it-ot-incident-response","LICENSE","repository-metadata-skipped","04-response/extensions/it-ot-incident-response/LICENSE","LICENSE",""
"it-ot-incident-response","playbooks/pb-01-unauthorized-plc-logic-change.md","included","04-response/extensions/it-ot-incident-response/playbooks/pb-01-unauthorized-plc-logic-change.md","04-response/extensions/it-ot-incident-response/playbooks/pb-01-unauthorized-plc-logic-change.md","2b47cfcc51d590bd31794304cb59128c25ad57c35d773391b61ac367bcdc6a37"
"it-ot-incident-response","playbooks/pb-02-unauthorized-setpoint-change.md","included","04-response/extensions/it-ot-incident-response/playbooks/pb-02-unauthorized-setpoint-change.md","04-response/extensions/it-ot-incident-response/playbooks/pb-02-unauthorized-setpoint-change.md","39b4b3ce1675c751440bb4fdac70f008301cab4160ea06a53522e5a2e2117766"
"it-ot-incident-response","playbooks/pb-03-safety-system-manipulation.md","included","04-response/extensions/it-ot-incident-response/playbooks/pb-03-safety-system-manipulation.md","04-response/extensions/it-ot-incident-response/playbooks/pb-03-safety-system-manipulation.md","c5d396179526ab151ca8a6ed23fb974ad39f79d8be9a41d945c403f3d6faed53"
"it-ot-incident-response","playbooks/pb-04-malware-ransomware-on-ot-host.md","included","04-response/extensions/it-ot-incident-response/playbooks/pb-04-malware-ransomware-on-ot-host.md","04-response/extensions/it-ot-incident-response/playbooks/pb-04-malware-ransomware-on-ot-host.md","dd42d6f3f33656f211e4c9ce28abf3d38c5ae0d7170d8cea4af914315b5b8c66"
"it-ot-incident-response","playbooks/pb-05-suspicious-remote-access.md","included","04-response/extensions/it-ot-incident-response/playbooks/pb-05-suspicious-remote-access.md","04-response/extensions/it-ot-incident-response/playbooks/pb-05-suspicious-remote-access.md","3929c4042a6e02bbac9b5ecf6ca736b95e37fe3f951a07c13c22742512853391"
"it-ot-incident-response","playbooks/README.md","included","04-response/extensions/it-ot-incident-response/playbooks/README.md","04-response/extensions/it-ot-incident-response/playbooks/README.md","2efeb7f7717643941c69cb606d3ff320b5f7035da1e36700d143d7ac6a94c229"
"it-ot-incident-response","README.md","included","04-response/extensions/it-ot-incident-response/README.md","04-response/extensions/it-ot-incident-response/README.md","6f1ae530e7035eedb75cf7b532b85563371944dce6b8805b428b3bc7aadca340"
"it-ot-incident-response","sop/ot-investigation-sop.md","exact-duplicate-pointer","04-response/extensions/it-ot-incident-response/sop/ot-investigation-sop.md","04-response/sop/ot-investigation-sop.md","267ca50f9df35140e17eef5297f7839aa8b332e41ec2d6c63cd1dab64cb3dbe8"
"it-ot-incident-response","sop/triage-first-30-minutes.md","exact-duplicate-pointer","04-response/extensions/it-ot-incident-response/sop/triage-first-30-minutes.md","04-response/sop/triage-first-30-minutes.md","f5957cde33f85bf26ab0787927d2fcd7eb2bdd6ae13039c882a8e74bceea42c0"
"it-ot-incident-response","sop/universal-investigation-sop.md","included","04-response/extensions/it-ot-incident-response/sop/universal-investigation-sop.md","04-response/extensions/it-ot-incident-response/sop/universal-investigation-sop.md","9aadb77dc49982875fb0c416caa868a4706e42446a6a1c01359e5ef064cb9715"
"it-ot-incident-response","templates/chain-of-custody-form.md","exact-duplicate-pointer","04-response/extensions/it-ot-incident-response/templates/chain-of-custody-form.md","04-response/templates/chain-of-custody-form.md","51179a8edeba18b135be02b26b7715b43667a725e1c1e5d573ee43e74abed5c9"
"it-ot-incident-response","templates/evidence-collection-log.md","exact-duplicate-pointer","04-response/extensions/it-ot-incident-response/templates/evidence-collection-log.md","04-response/templates/evidence-collection-log.md","b94cfad200ed471e59b4c775dc9f47e8eadb630161fce72af2dd6190eb26863e"
"it-ot-incident-response","templates/incident-report.md","exact-duplicate-pointer","04-response/extensions/it-ot-incident-response/templates/incident-report.md","04-response/templates/incident-report.md","bf60204c2d4bceafa39083f7f904b4b42b1acd4f4eb5048a8cf7fc938686e53e"
"threat-detection-assurance--TDA",".gitignore","repository-metadata-skipped","",".gitignore",""
"threat-detection-assurance--TDA","docs/01-what-is-tda.md","included","06-assurance/threat-detection-assurance/docs/01-what-is-tda.md","06-assurance/threat-detection-assurance/docs/01-what-is-tda.md","12741b640b3f56136d05857dcdf42334818c30436f9492230a6c5978414fe9e7"
"threat-detection-assurance--TDA","docs/02-methodology.md","included","06-assurance/threat-detection-assurance/docs/02-methodology.md","06-assurance/threat-detection-assurance/docs/02-methodology.md","3fcce419fdfe841ee11669c42fb962255a34c3e46d910d3d058a58b587bf8b55"
"threat-detection-assurance--TDA","docs/03-attack-simulation.md","included","06-assurance/threat-detection-assurance/docs/03-attack-simulation.md","06-assurance/threat-detection-assurance/docs/03-attack-simulation.md","aad198670a1c0a93dbdc84477212f3bc7a2d262a71276333ce9bb660f97aa4fc"
"threat-detection-assurance--TDA","docs/04-metrics-and-reporting.md","included","06-assurance/threat-detection-assurance/docs/04-metrics-and-reporting.md","06-assurance/threat-detection-assurance/docs/04-metrics-and-reporting.md","afabcecf29213be17f821ecd2df580b6993da23d0eda5617e33258001415c312"
"threat-detection-assurance--TDA","docs/05-tda-in-ot.md","included","06-assurance/threat-detection-assurance/docs/05-tda-in-ot.md","06-assurance/threat-detection-assurance/docs/05-tda-in-ot.md","00ca47553df38ea1b4c21481a850e31b7826e13cdd85c1fae6cf50202bc27eab"
"threat-detection-assurance--TDA","LICENSE","repository-metadata-skipped","06-assurance/threat-detection-assurance/LICENSE","LICENSE",""
"threat-detection-assurance--TDA","README.md","included","06-assurance/threat-detection-assurance/README.md","06-assurance/threat-detection-assurance/README.md","4c5e8384f2d4cf52b164d36ec7171c3b4a306940f4b2f88fe5b7222c52b577dc"
"threat-detection-assurance--TDA","templates/remediation-tracker.md","included","06-assurance/threat-detection-assurance/templates/remediation-tracker.md","06-assurance/threat-detection-assurance/templates/remediation-tracker.md","dbd705b8fb98248c75bfc8d3732e68a0ca1c48d842f031e9ed5fa3b5210509fd"
"threat-detection-assurance--TDA","templates/tda-report-template.md","included","06-assurance/threat-detection-assurance/templates/tda-report-template.md","06-assurance/threat-detection-assurance/templates/tda-report-template.md","927d54d8c8a95e223e5d422a4a81febbe1741f9f304d84a560d25fb24272e35a"
"threat-detection-assurance--TDA","templates/test-case-template.md","included","06-assurance/threat-detection-assurance/templates/test-case-template.md","06-assurance/threat-detection-assurance/templates/test-case-template.md","a0a8e3a92b12e3beabc48dcf3d94bb7f842b5ea632bdbb59f74b126f46140203"
"threat-detection-assurance--TDA","test-cases/examples/TDA-IT-001-brute-force-success.md","included","06-assurance/threat-detection-assurance/test-cases/examples/TDA-IT-001-brute-force-success.md","06-assurance/threat-detection-assurance/test-cases/examples/TDA-IT-001-brute-force-success.md","ddee33568d90861fdfe9bcb837766b1d626aca42692283c7eccef1babf549788"
"threat-detection-assurance--TDA","test-cases/examples/TDA-IT-002-encoded-powershell.md","included","06-assurance/threat-detection-assurance/test-cases/examples/TDA-IT-002-encoded-powershell.md","06-assurance/threat-detection-assurance/test-cases/examples/TDA-IT-002-encoded-powershell.md","793a6e0f1fb2f48ebd4cbba25720b51dec036e8e08af2d8536f164d4cc6264d7"
"threat-detection-assurance--TDA","test-cases/examples/TDA-IT-003-dns-tunnelling.md","included","06-assurance/threat-detection-assurance/test-cases/examples/TDA-IT-003-dns-tunnelling.md","06-assurance/threat-detection-assurance/test-cases/examples/TDA-IT-003-dns-tunnelling.md","56f5a5d4537a00ca884b1435fbf045cfb829006070020721c7899cd629f0364e"
"threat-detection-assurance--TDA","test-cases/examples/TDA-OT-001-modbus-unauthorized-write.md","included","06-assurance/threat-detection-assurance/test-cases/examples/TDA-OT-001-modbus-unauthorized-write.md","06-assurance/threat-detection-assurance/test-cases/examples/TDA-OT-001-modbus-unauthorized-write.md","016a893920f9f739005db35812574fa37a30a0226fbc9d9cc3d2dac7116fe06f"
"threat-detection-assurance--TDA","test-cases/examples/TDA-OT-002-plc-program-download.md","included","06-assurance/threat-detection-assurance/test-cases/examples/TDA-OT-002-plc-program-download.md","06-assurance/threat-detection-assurance/test-cases/examples/TDA-OT-002-plc-program-download.md","3fa843952f7063916e697818216a2eb2d078075ab2624bdb2f2413dff5520b08"
"threat-detection-assurance--TDA","test-cases/examples/TDA-OT-003-sis-keyswitch.md","included","06-assurance/threat-detection-assurance/test-cases/examples/TDA-OT-003-sis-keyswitch.md","06-assurance/threat-detection-assurance/test-cases/examples/TDA-OT-003-sis-keyswitch.md","f04f71f3bd3f21a719a1e28c872124340e808fbfd6ee41c65fdaa17def5e1fdc"
"threat-detection-assurance--TDA","test-cases/README.md","included","06-assurance/threat-detection-assurance/test-cases/README.md","06-assurance/threat-detection-assurance/test-cases/README.md","824ed64a8846074ed1dd6f58b3b64571bb3836edb162634277374996f71484ea"
"threat-detection-assurance--TDA","test-cases/test-case-catalog.csv","included","06-assurance/threat-detection-assurance/test-cases/test-case-catalog.csv","06-assurance/threat-detection-assurance/test-cases/test-case-catalog.csv","c245a11bc30b7b0c34362077ae6f9432ff0e4fb213c75cf47cee47de8b400ed0"
"ot-monitoring-deployment",".gitignore","repository-metadata-skipped","",".gitignore",""
"ot-monitoring-deployment","LICENSE","repository-metadata-skipped","07-operations/monitoring-deployment/LICENSE","LICENSE",""
"ot-monitoring-deployment","log-onboarding/log-source-matrix.csv","included","07-operations/monitoring-deployment/log-onboarding/log-source-matrix.csv","07-operations/monitoring-deployment/log-onboarding/log-source-matrix.csv","81056d485c75b79e1698fc0e05a05a6dac91f8991edee4575d51e89e04e12955"
"ot-monitoring-deployment","log-onboarding/onboarding-guide.md","included","07-operations/monitoring-deployment/log-onboarding/onboarding-guide.md","07-operations/monitoring-deployment/log-onboarding/onboarding-guide.md","c8480f23fd12b22feede46b1881fb9072275411536bd6389ac250e6be073e0aa"
"ot-monitoring-deployment","pre-deployment/document-package.md","included","07-operations/monitoring-deployment/pre-deployment/document-package.md","07-operations/monitoring-deployment/pre-deployment/document-package.md","3f769ab45251483c78ede5633e575c39b9d8ed375ae2bf389354f253c99ec723"
"ot-monitoring-deployment","pre-deployment/document-request-checklist.md","included","07-operations/monitoring-deployment/pre-deployment/document-request-checklist.md","07-operations/monitoring-deployment/pre-deployment/document-request-checklist.md","2033609d332d46068da480c0622461514ea76f9abb87854e49a7baafac5c0174"
"ot-monitoring-deployment","pre-deployment/priority-request-list.md","included","07-operations/monitoring-deployment/pre-deployment/priority-request-list.md","07-operations/monitoring-deployment/pre-deployment/priority-request-list.md","ab4ee2df1c0cab281b1991354800958b5268a5046d993c40b6700dec63d162a2"
"ot-monitoring-deployment","README.md","included","07-operations/monitoring-deployment/README.md","07-operations/monitoring-deployment/README.md","e31f047f233b00413bb6378d3c1f9d3ad85338486664d2af5565fdb35f7a0bc0"
"ot-siem-log-source-onboarding",".gitignore","repository-metadata-skipped","",".gitignore",""
"ot-siem-log-source-onboarding","catalog/detection-linkage.csv","included","07-operations/siem-log-source-onboarding/catalog/detection-linkage.csv","07-operations/siem-log-source-onboarding/catalog/detection-linkage.csv","5c62bcf7f3a2c577aa540c9654c15794525689cb07e1d455a61b72488300de7b"
"ot-siem-log-source-onboarding","catalog/log-source-inventory.csv","exact-duplicate-pointer","07-operations/siem-log-source-onboarding/catalog/log-source-inventory.csv","01-telemetry/log-source-inventory.csv","0b962e7aa6160c4f0deae2592715f317251f2b85d9bcff7fa5c2fa233021fd7e"
"ot-siem-log-source-onboarding","catalog/onboarding-tiers.csv","exact-duplicate-pointer","07-operations/siem-log-source-onboarding/catalog/onboarding-tiers.csv","01-telemetry/onboarding-tiers.csv","161fe83865bf81aa5962cb5b5219c3bed631b4dab85a806ca9b26f47f7105eef"
"ot-siem-log-source-onboarding","catalog/parser-mapping.csv","exact-duplicate-pointer","07-operations/siem-log-source-onboarding/catalog/parser-mapping.csv","01-telemetry/parser-mapping.csv","e0894da9a374c97408ad7a3c72641082d1d53c1795bef82f71b4812efa989dee"
"ot-siem-log-source-onboarding","docs/collection-architecture.md","exact-duplicate-pointer","07-operations/siem-log-source-onboarding/docs/collection-architecture.md","docs/collection-architecture.md","c38a2458b4e9ae263114558334725804029556ce58b62391797b9e594c75e98e"
"ot-siem-log-source-onboarding","docs/methodology.md","exact-duplicate-pointer","07-operations/siem-log-source-onboarding/docs/methodology.md","docs/log-source-methodology.md","f3655f9ac7c67f96dd4c5dd28b985adf32f545612d425282760437c619b0b545"
"ot-siem-log-source-onboarding","guide/log-source-onboarding-guide.md","included","07-operations/siem-log-source-onboarding/guide/log-source-onboarding-guide.md","07-operations/siem-log-source-onboarding/guide/log-source-onboarding-guide.md","6258d7fb21522f0be913103adcdf786ba0d33024fd3bb32ee0b8ce044989579b"
"ot-siem-log-source-onboarding","LICENSE","repository-metadata-skipped","07-operations/siem-log-source-onboarding/LICENSE","LICENSE",""
"ot-siem-log-source-onboarding","onboarding/onboarding-checklist.md","exact-duplicate-pointer","07-operations/siem-log-source-onboarding/onboarding/onboarding-checklist.md","00-program/onboarding-checklist.md","5c9ea7c0945d8f6e8b9cc2bf8d67cc5ace81769b4332f638fec483ade65b0807"
"ot-siem-log-source-onboarding","onboarding/onboarding-runbook-template.md","exact-duplicate-pointer","07-operations/siem-log-source-onboarding/onboarding/onboarding-runbook-template.md","00-program/onboarding-runbook-template.md","28fc4f388bc514b87aa125c635b18e36b0dc78907df03a4094a17c778767a4b4"
"ot-siem-log-source-onboarding","onboarding/validation-template.md","exact-duplicate-pointer","07-operations/siem-log-source-onboarding/onboarding/validation-template.md","00-program/validation-template.md","f5d894583028976465181855b99315ef7d75da1fc801e59bdd1e78a592a6c641"
"ot-siem-log-source-onboarding","README.md","included","07-operations/siem-log-source-onboarding/README.md","07-operations/siem-log-source-onboarding/README.md","54f6da8e92b9a0532a156721dc764c1507704b62dd0836f5205a801c6814cef8"
"ot-soc-delivery-playbook",".gitignore","repository-metadata-skipped","",".gitignore",""
"ot-soc-delivery-playbook","00-where-to-start.md","included","07-operations/soc-delivery-playbook/00-where-to-start.md","07-operations/soc-delivery-playbook/00-where-to-start.md","c8304b0a44f7e8d709ee0cc63ae4c98e7729f014ca9fae1abdb3150573f72516"
"ot-soc-delivery-playbook","01-business-case.md","included","07-operations/soc-delivery-playbook/01-business-case.md","07-operations/soc-delivery-playbook/01-business-case.md","aedc2ae627ec150e5d28e1b0a7bdf9068fb7d2e0f852a64b163926956fc919ad"
"ot-soc-delivery-playbook","02-prerequisites.md","included","07-operations/soc-delivery-playbook/02-prerequisites.md","07-operations/soc-delivery-playbook/02-prerequisites.md","91c7e787b4bbf4c45d20236ec1f84b4e9e791300f9d026b14ac7c5936bbe991a"
"ot-soc-delivery-playbook","03-delivery-lifecycle.md","included","07-operations/soc-delivery-playbook/03-delivery-lifecycle.md","07-operations/soc-delivery-playbook/03-delivery-lifecycle.md","2ffd590eb55534964d865043e3a3bb8665b40d63741fc4d23fb4624a9f24d459"
"ot-soc-delivery-playbook","04-proposal-guide.md","included","07-operations/soc-delivery-playbook/04-proposal-guide.md","07-operations/soc-delivery-playbook/04-proposal-guide.md","b59309a8d1e97ac712bce6bf1895ac14c7353f7982fe6bda50950d6df9472e13"
"ot-soc-delivery-playbook","05-proposal-template.md","included","07-operations/soc-delivery-playbook/05-proposal-template.md","07-operations/soc-delivery-playbook/05-proposal-template.md","3ee06f684c86ad25361e997c363c91cc91311c314a925d488c9f73812ab0696f"
"ot-soc-delivery-playbook","06-portfolio-map.md","included","07-operations/soc-delivery-playbook/06-portfolio-map.md","07-operations/soc-delivery-playbook/06-portfolio-map.md","d971601faedc91636e41ae636a3b33e5616e4e89c2b14cbea1dcf1d8485c937d"
"ot-soc-delivery-playbook","LICENSE","repository-metadata-skipped","07-operations/soc-delivery-playbook/LICENSE","LICENSE",""
"ot-soc-delivery-playbook","README.md","included","07-operations/soc-delivery-playbook/README.md","07-operations/soc-delivery-playbook/README.md","46d9987d54e5c502f446f8aeef3fbf26bce6f06f05ca1a26b322d5c14e02f449"
"ot-soc-delivery-playbook","templates/discovery-questionnaire.md","included","07-operations/soc-delivery-playbook/templates/discovery-questionnaire.md","07-operations/soc-delivery-playbook/templates/discovery-questionnaire.md","abddf0a9fc1c0c6397a459550818f0e21e7f577b41e2f523e3bddda542486227"
"ot-soc-delivery-playbook","templates/kpi-sla.md","included","07-operations/soc-delivery-playbook/templates/kpi-sla.md","07-operations/soc-delivery-playbook/templates/kpi-sla.md","09ee48e94dd28c5c0eb804a1ed372e4f6ecc8394b625efc3a53c098b899e062e"
"ot-soc-delivery-playbook","templates/raci.md","included","07-operations/soc-delivery-playbook/templates/raci.md","07-operations/soc-delivery-playbook/templates/raci.md","e6fb17897b1a5a5d32d728f63ddd7ebad48c47761f8f08a8911cbedafe303b1a"
"ot-soc-journey-map",".gitignore","repository-metadata-skipped","",".gitignore",""
"ot-soc-journey-map","assets/journey-map.svg","included","07-operations/soc-journey-map/assets/journey-map.svg","07-operations/soc-journey-map/assets/journey-map.svg","d74f5651dbcb1d4bf6f3032910b1cb7af73e0ea6aa50463a128e58f58c706932"
"ot-soc-journey-map","LICENSE","repository-metadata-skipped","07-operations/soc-journey-map/LICENSE","LICENSE",""
"ot-soc-journey-map","README.md","included","07-operations/soc-journey-map/README.md","07-operations/soc-journey-map/README.md","f06a9fcc714d0dfea035edc0e8554a1247b4e738994028226f4b449c86b92932"
"ics-procurement-language",".gitignore","repository-metadata-skipped","",".gitignore",""
"ics-procurement-language","catalog/02-system-hardening.md","included","08-governance/procurement-language/catalog/02-system-hardening.md","08-governance/procurement-language/catalog/02-system-hardening.md","972b039a9b38c896c6e44789c34d01ea099985e369558d7d20d355828148d2d4"
"ics-procurement-language","catalog/03-perimeter-protection.md","included","08-governance/procurement-language/catalog/03-perimeter-protection.md","08-governance/procurement-language/catalog/03-perimeter-protection.md","4b6c2c48ce4cfbb91ed2210256a053fb155bfab3e2755760010aee6e4016d17d"
"ics-procurement-language","catalog/04-account-management.md","included","08-governance/procurement-language/catalog/04-account-management.md","08-governance/procurement-language/catalog/04-account-management.md","fde8eda62db77ff37d4255440b74143eb4cd1dd4fb18ca273eef78e5a57249d2"
"ics-procurement-language","catalog/05-coding-practices.md","included","08-governance/procurement-language/catalog/05-coding-practices.md","08-governance/procurement-language/catalog/05-coding-practices.md","e6ccba055e9701df1717147f1d174514c2aa154dd9e0d10e25f29b50b2d2f898"
"ics-procurement-language","catalog/06-flaw-remediation.md","included","08-governance/procurement-language/catalog/06-flaw-remediation.md","08-governance/procurement-language/catalog/06-flaw-remediation.md","bf94f4942015180eac7611fc4eabd92ede7a0b03735b365751ab092b2cfdaae2"
"ics-procurement-language","catalog/07-malware-detection-and-protection.md","included","08-governance/procurement-language/catalog/07-malware-detection-and-protection.md","08-governance/procurement-language/catalog/07-malware-detection-and-protection.md","e23a4f94ddd9c7455881cbc621d2539499f4c4936b023cf5ff30da6109715bf6"
"ics-procurement-language","catalog/08-host-name-resolution.md","included","08-governance/procurement-language/catalog/08-host-name-resolution.md","08-governance/procurement-language/catalog/08-host-name-resolution.md","da38fd1acf8a3767d3104b9c7bc6d517b5c361c5e2d2d50436659286b0cd7599"
"ics-procurement-language","catalog/09-end-devices.md","included","08-governance/procurement-language/catalog/09-end-devices.md","08-governance/procurement-language/catalog/09-end-devices.md","85952cf83842e5c55a7a6edb7df6ec862304e1724e0bf5bf276a36d2b9c2d296"
"ics-procurement-language","catalog/10-remote-access.md","included","08-governance/procurement-language/catalog/10-remote-access.md","08-governance/procurement-language/catalog/10-remote-access.md","5b5f521766fcacd09408c4c52fa1b31d8421672df84a49464f1890141b7e468a"
"ics-procurement-language","catalog/11-physical-security.md","included","08-governance/procurement-language/catalog/11-physical-security.md","08-governance/procurement-language/catalog/11-physical-security.md","7500dfbd2e034bfa96f880ef2633c103554c005ab7e534b81694f770e7a73c8c"
"ics-procurement-language","catalog/12-network-partitioning.md","included","08-governance/procurement-language/catalog/12-network-partitioning.md","08-governance/procurement-language/catalog/12-network-partitioning.md","d9af5ef614e9373a7ef94ae2a05395a90e55e7d87958d263f05ac196891b9f8b"
"ics-procurement-language","catalog/13-wireless-technologies.md","included","08-governance/procurement-language/catalog/13-wireless-technologies.md","08-governance/procurement-language/catalog/13-wireless-technologies.md","b3fa0f8a053d890cbd9e5e8f4ae68843b02883d62ad0bb93e0232da062c34f42"
"ics-procurement-language","catalog/requirements-index.csv","included","08-governance/procurement-language/catalog/requirements-index.csv","08-governance/procurement-language/catalog/requirements-index.csv","0cebcd6f6224d03ebb615acd92f9ececd34f38652ba37c531e1a22bd06be4365"
"ics-procurement-language","docs/00-about.md","included","08-governance/procurement-language/docs/00-about.md","08-governance/procurement-language/docs/00-about.md","91c7efcb9115e2dda5ee54483c386a6d13e21b99b29623960bb0131db2c6372d"
"ics-procurement-language","docs/standards-mapping.md","included","08-governance/procurement-language/docs/standards-mapping.md","08-governance/procurement-language/docs/standards-mapping.md","9b00a8c950c46d48546c92d18ed8e2497a255dfed54d035a50602cbf58e50e41"
"ics-procurement-language","docs/topical-template.md","included","08-governance/procurement-language/docs/topical-template.md","08-governance/procurement-language/docs/topical-template.md","b1760bd0c0c2b0ac1cb5c3322b3b19375e8472563b45c66ee848d52de098a915"
"ics-procurement-language","LICENSE","repository-metadata-skipped","08-governance/procurement-language/LICENSE","LICENSE",""
"ics-procurement-language","README.md","included","08-governance/procurement-language/README.md","08-governance/procurement-language/README.md","f337c2c83243e1b306ee712c61ab27afad1e9290d80d8bf5923af3e752043170"
"ics-procurement-language","source/Cyber_Security_Procurement_Language_for_Control_Systems_Sept2009.pdf","included","08-governance/procurement-language/source/Cyber_Security_Procurement_Language_for_Control_Systems_Sept2009.pdf","08-governance/procurement-language/source/Cyber_Security_Procurement_Language_for_Control_Systems_Sept2009.pdf","5400e73ab5c9014ea7779eded693d89e36c955d43f5765a3c3112ec675c9479f"
"ot-mss-capability",".gitignore","repository-metadata-skipped","",".gitignore",""
"ot-mss-capability","docs/01-business-case.md","included","08-governance/managed-security-services/docs/01-business-case.md","08-governance/managed-security-services/docs/01-business-case.md","08939ec7dd3647829393dd00a4c0a0ff31e0b13eaf4820aa2cbbc9e89e40e414"
"ot-mss-capability","docs/02-discovery-framework.md","included","08-governance/managed-security-services/docs/02-discovery-framework.md","08-governance/managed-security-services/docs/02-discovery-framework.md","37b609b23d6697030a083d5df3510a2d1b3c126d1494b4846c40fbc19269fb91"
"ot-mss-capability","docs/03-service-and-platform.md","included","08-governance/managed-security-services/docs/03-service-and-platform.md","08-governance/managed-security-services/docs/03-service-and-platform.md","b022f7c910f76b81f27f2bf121bfd9da11b565542b35d2dead19645451e869b3"
"ot-mss-capability","docs/04-skills-and-team.md","included","08-governance/managed-security-services/docs/04-skills-and-team.md","08-governance/managed-security-services/docs/04-skills-and-team.md","4c73bf3e638afe81c913c138cbf572c26685f1190e8c08c9acd7e5d3fd569146"
"ot-mss-capability","docs/05-implementation-plan.md","included","08-governance/managed-security-services/docs/05-implementation-plan.md","08-governance/managed-security-services/docs/05-implementation-plan.md","dc60b2da310d7b3123bcf25b3db268e2dc0a8972596c21bd22f9d8961c088d78"
"ot-mss-capability","docs/06-financials-and-pricing.md","included","08-governance/managed-security-services/docs/06-financials-and-pricing.md","08-governance/managed-security-services/docs/06-financials-and-pricing.md","a3e3dacd6264f664b42f5fc60b539b5e7d61080c3ad404ccc0392de886b46260"
"ot-mss-capability","docs/07-pilot-plan.md","included","08-governance/managed-security-services/docs/07-pilot-plan.md","08-governance/managed-security-services/docs/07-pilot-plan.md","7de3efc56a3f2fde42046140bbac01266913df2a83bb9df3f99e51ec8675ee47"
"ot-mss-capability","docs/08-risks-metrics-and-asks.md","included","08-governance/managed-security-services/docs/08-risks-metrics-and-asks.md","08-governance/managed-security-services/docs/08-risks-metrics-and-asks.md","90990051042970e44917b7ff79ff3b47b664c425f7f660918180fdc53f7666d3"
"ot-mss-capability","LICENSE","repository-metadata-skipped","08-governance/managed-security-services/LICENSE","LICENSE",""
"ot-mss-capability","OT_MSS_Capability_Proposal.pptx","included","08-governance/managed-security-services/OT_MSS_Capability_Proposal.pptx","08-governance/managed-security-services/OT_MSS_Capability_Proposal.pptx","8df7cd22cfd5a410b77e61cfd4fe871de44e9131a6b1e59c91cdfc58e90bc1d1"
"ot-mss-capability","README.md","included","08-governance/managed-security-services/README.md","08-governance/managed-security-services/README.md","28590f9d013d15cf87ae9ac106fd5c107b81665703ca8097fc74248baf44df4b"
"ot-mss-capability","templates/capability-assessment.md","included","08-governance/managed-security-services/templates/capability-assessment.md","08-governance/managed-security-services/templates/capability-assessment.md","d4b924c4d5493c2fd10766b06a2ce3edab6a897d71dff17ba3ad8b47841c1db1"
"ot-mss-capability","templates/raci.md","included","08-governance/managed-security-services/templates/raci.md","08-governance/managed-security-services/templates/raci.md","e036e16116b4c8b3932d420a25d1077b9915f5370aef67ecf481e6be27917dc4"
"ot-mss-capability","templates/skills-matrix.md","included","08-governance/managed-security-services/templates/skills-matrix.md","08-governance/managed-security-services/templates/skills-matrix.md","062bd72cb89569f5d1e0cb3ec181f5e048f684e98bb929ef252ad1b0e8c66321"
"ot-security-study-guide_New",".gitignore","repository-metadata-skipped","",".gitignore",""
"ot-security-study-guide_New","LICENSE","repository-metadata-skipped","09-learning/ot-security-study-guide/LICENSE","LICENSE",""
"ot-security-study-guide_New","part-1-foundations/01-why-ot-security-is-different.md","included","09-learning/ot-security-study-guide/part-1-foundations/01-why-ot-security-is-different.md","09-learning/ot-security-study-guide/part-1-foundations/01-why-ot-security-is-different.md","e277c17af73def6ef3e6c323fa6aae4f3b33c5e364943083d599f863b9da3b4b"
"ot-security-study-guide_New","part-1-foundations/02-ics-components-field-plc-rtu.md","included","09-learning/ot-security-study-guide/part-1-foundations/02-ics-components-field-plc-rtu.md","09-learning/ot-security-study-guide/part-1-foundations/02-ics-components-field-plc-rtu.md","a1c8855c3e37f90966dde023d86be6f534de6d8e7fe8b5f68d62c11c627e561b"
"ot-security-study-guide_New","part-1-foundations/03-hmi-scada-dcs-historian.md","included","09-learning/ot-security-study-guide/part-1-foundations/03-hmi-scada-dcs-historian.md","09-learning/ot-security-study-guide/part-1-foundations/03-hmi-scada-dcs-historian.md","995567693e5588860cd11c2989da53d2d9ba9ee6914c973ab2ea97cf4581d654"
"ot-security-study-guide_New","part-1-foundations/04-safety-systems-sis.md","included","09-learning/ot-security-study-guide/part-1-foundations/04-safety-systems-sis.md","09-learning/ot-security-study-guide/part-1-foundations/04-safety-systems-sis.md","1dc3e7c6770af151c1a740a1fb4f9f9216b45d29333f7ce00199f059456df687"
"ot-security-study-guide_New","part-1-foundations/05-purdue-model-and-networking.md","included","09-learning/ot-security-study-guide/part-1-foundations/05-purdue-model-and-networking.md","09-learning/ot-security-study-guide/part-1-foundations/05-purdue-model-and-networking.md","5fb81f1c969dfefa447cab4e293a54753c6da95d024068a9955ec85646080881"
"ot-security-study-guide_New","part-2-protocols-visibility/06-industrial-protocols.md","included","09-learning/ot-security-study-guide/part-2-protocols-visibility/06-industrial-protocols.md","09-learning/ot-security-study-guide/part-2-protocols-visibility/06-industrial-protocols.md","8bc39f16589e48080d9cff1ca48ab02408961c644147a44e8fe5c80a783b5097"
"ot-security-study-guide_New","part-2-protocols-visibility/07-dataflow-config-auth-logging.md","included","09-learning/ot-security-study-guide/part-2-protocols-visibility/07-dataflow-config-auth-logging.md","09-learning/ot-security-study-guide/part-2-protocols-visibility/07-dataflow-config-auth-logging.md","28531de47c2e56c6240763b4fa14d07859a7f617362a155051c5f1da1386a180"
"ot-security-study-guide_New","part-2-protocols-visibility/08-passive-visibility-tap-span.md","included","09-learning/ot-security-study-guide/part-2-protocols-visibility/08-passive-visibility-tap-span.md","09-learning/ot-security-study-guide/part-2-protocols-visibility/08-passive-visibility-tap-span.md","7b1f078f14e23acdd02c1406c20067bc6c8b24769fe60885d3c8296b0f387af9"
"ot-security-study-guide_New","part-2-protocols-visibility/09-telemetry-logs-data-sources.md","included","09-learning/ot-security-study-guide/part-2-protocols-visibility/09-telemetry-logs-data-sources.md","09-learning/ot-security-study-guide/part-2-protocols-visibility/09-telemetry-logs-data-sources.md","07a5a1f1c3f3e9a9d015569dba6e60c01514dfcc2c741d8b3dd4fe9422e2ef38"
"ot-security-study-guide_New","part-3-adversary/10-mitre-attack-for-ics.md","included","09-learning/ot-security-study-guide/part-3-adversary/10-mitre-attack-for-ics.md","09-learning/ot-security-study-guide/part-3-adversary/10-mitre-attack-for-ics.md","24eb8327612b98a2794ce32d9984fddd45ae0f4eae959928a846d464a456fc46"
"ot-security-study-guide_New","part-3-adversary/11-adversary-ttps-ics-kill-chain.md","included","09-learning/ot-security-study-guide/part-3-adversary/11-adversary-ttps-ics-kill-chain.md","09-learning/ot-security-study-guide/part-3-adversary/11-adversary-ttps-ics-kill-chain.md","003e0cdd2f5960f7cd20a0f12b0356ed20cb3e623e4d6c3502e1010a77a59032"
"ot-security-study-guide_New","part-3-adversary/12-ics-malware.md","included","09-learning/ot-security-study-guide/part-3-adversary/12-ics-malware.md","09-learning/ot-security-study-guide/part-3-adversary/12-ics-malware.md","163dcbd6ad8919495599b55687aaac3c301aa2caa2b50c377850358ae0fd216a"
"ot-security-study-guide_New","part-3-adversary/13-vulnerabilities-iocs-ioas.md","included","09-learning/ot-security-study-guide/part-3-adversary/13-vulnerabilities-iocs-ioas.md","09-learning/ot-security-study-guide/part-3-adversary/13-vulnerabilities-iocs-ioas.md","116579792bff2d5d2116768a8c11fe1c3767bc3f58a54a349ac52b012c79341e"
"ot-security-study-guide_New","part-3-adversary/14-ot-threat-intelligence.md","included","09-learning/ot-security-study-guide/part-3-adversary/14-ot-threat-intelligence.md","09-learning/ot-security-study-guide/part-3-adversary/14-ot-threat-intelligence.md","2b47b8309250a39fe4c7a5e026bac428de18a178a435f050a6d7842c34f78c20"
"ot-security-study-guide_New","part-3-adversary/15-case-studies.md","included","09-learning/ot-security-study-guide/part-3-adversary/15-case-studies.md","09-learning/ot-security-study-guide/part-3-adversary/15-case-studies.md","57dae74e192862720d3c213e982cc1e359c005d8c85b5eaa88c8130d8bf780a3"
"ot-security-study-guide_New","part-4-hunting-detection/16-threat-hunting-methodology.md","included","09-learning/ot-security-study-guide/part-4-hunting-detection/16-threat-hunting-methodology.md","09-learning/ot-security-study-guide/part-4-hunting-detection/16-threat-hunting-methodology.md","1f8f63235483dae2364cfece5f5bc6ba10d9c1db59e54ed79e9deb0e3616aa13"
"ot-security-study-guide_New","part-4-hunting-detection/17-ot-indicators-process.md","included","09-learning/ot-security-study-guide/part-4-hunting-detection/17-ot-indicators-process.md","09-learning/ot-security-study-guide/part-4-hunting-detection/17-ot-indicators-process.md","e9381e8abf250914f5f70d9e1e04cbf5bb4f6f1a182a0b8c2d022a1d707c36b2"
"ot-security-study-guide_New","part-4-hunting-detection/18-pcap-wireshark.md","included","09-learning/ot-security-study-guide/part-4-hunting-detection/18-pcap-wireshark.md","09-learning/ot-security-study-guide/part-4-hunting-detection/18-pcap-wireshark.md","08dffd0c63520ce6954a48c7341c4d628f8fa1bb51d75bbba17cf8e89e3aeb4c"
"ot-security-study-guide_New","part-4-hunting-detection/19-zeek-for-ics.md","included","09-learning/ot-security-study-guide/part-4-hunting-detection/19-zeek-for-ics.md","09-learning/ot-security-study-guide/part-4-hunting-detection/19-zeek-for-ics.md","c3affaf9daec7e725d12143435a542acce9eb83b4648c7d58347df3276176734"
"ot-security-study-guide_New","part-4-hunting-detection/20-detection-engineering.md","included","09-learning/ot-security-study-guide/part-4-hunting-detection/20-detection-engineering.md","09-learning/ot-security-study-guide/part-4-hunting-detection/20-detection-engineering.md","1a58b4583f1f4e9e690044b1d26bce9abed9c49aeba3c5329cacab1244b1d67f"
"ot-security-study-guide_New","part-4-hunting-detection/21-network-host-detections.md","included","09-learning/ot-security-study-guide/part-4-hunting-detection/21-network-host-detections.md","09-learning/ot-security-study-guide/part-4-hunting-detection/21-network-host-detections.md","257112c9ed6b4b3d88a43d10af27ff0f504c09e04befb326827380269823e5a2"
"ot-security-study-guide_New","part-4-hunting-detection/22-siem-xdr-hunting.md","included","09-learning/ot-security-study-guide/part-4-hunting-detection/22-siem-xdr-hunting.md","09-learning/ot-security-study-guide/part-4-hunting-detection/22-siem-xdr-hunting.md","68a0cd77b6c4625dcc6bffff46137b5f7ab5f555ecb1ce710d9b95b76146c7a3"
"ot-security-study-guide_New","part-4-hunting-detection/23-ot-native-platforms.md","included","09-learning/ot-security-study-guide/part-4-hunting-detection/23-ot-native-platforms.md","09-learning/ot-security-study-guide/part-4-hunting-detection/23-ot-native-platforms.md","8d7ea437c8f546a9a2abd77f3c1a9d91732d4b4693f56e6a05a20836f5dfdffe"
"ot-security-study-guide_New","part-4-hunting-detection/24-hunting-playbooks.md","included","09-learning/ot-security-study-guide/part-4-hunting-detection/24-hunting-playbooks.md","09-learning/ot-security-study-guide/part-4-hunting-detection/24-hunting-playbooks.md","f6cb3f4eb8d370a2e4ebf08479b52824273e94243cab340a6e552a0d4e623cb5"
"ot-security-study-guide_New","part-5-response-forensics/25-ot-incident-response.md","included","09-learning/ot-security-study-guide/part-5-response-forensics/25-ot-incident-response.md","09-learning/ot-security-study-guide/part-5-response-forensics/25-ot-incident-response.md","f8f9b234435426b0ef7d981cdfa68a179a277e21e5dfc564539d3675e99f4ff7"
"ot-security-study-guide_New","part-5-response-forensics/26-ot-forensics-dfir.md","included","09-learning/ot-security-study-guide/part-5-response-forensics/26-ot-forensics-dfir.md","09-learning/ot-security-study-guide/part-5-response-forensics/26-ot-forensics-dfir.md","0d78843a284d44690975d6c69c915ea99792cb5b40bd7081e934e51c48f7c1bc"
"ot-security-study-guide_New","part-6-defence-hardening/27-hardening-iec-62443.md","included","09-learning/ot-security-study-guide/part-6-defence-hardening/27-hardening-iec-62443.md","09-learning/ot-security-study-guide/part-6-defence-hardening/27-hardening-iec-62443.md","8149fead6607e8556fca01c7488a909e5de1bb2133291255b089ac4a693e2b33"
"ot-security-study-guide_New","part-6-defence-hardening/28-building-ot-soc.md","included","09-learning/ot-security-study-guide/part-6-defence-hardening/28-building-ot-soc.md","09-learning/ot-security-study-guide/part-6-defence-hardening/28-building-ot-soc.md","90d5f6d15da2f2cc5fdd81ae329e19e858d91c4167678d11453810ad2760700d"
"ot-security-study-guide_New","part-7-practice-career/29-home-lab.md","included","09-learning/ot-security-study-guide/part-7-practice-career/29-home-lab.md","09-learning/ot-security-study-guide/part-7-practice-career/29-home-lab.md","5e7bf1c1b98a45588292469d77ad086e5234c2ca18d0a8e56ef7cf8d3c96c7b8"
"ot-security-study-guide_New","part-7-practice-career/30-hands-on-labs-purple-team.md","included","09-learning/ot-security-study-guide/part-7-practice-career/30-hands-on-labs-purple-team.md","09-learning/ot-security-study-guide/part-7-practice-career/30-hands-on-labs-purple-team.md","b9ebcda154960cdf6c036b955834f37ce6f24355a17ef085129d301f3e1af168"
"ot-security-study-guide_New","part-7-practice-career/31-interview-career-glossary.md","included","09-learning/ot-security-study-guide/part-7-practice-career/31-interview-career-glossary.md","09-learning/ot-security-study-guide/part-7-practice-career/31-interview-career-glossary.md","68acc4e0598d2895a0aed3c237d788244360033117c4c9ea8bac01d2f23c798e"
"ot-security-study-guide_New","README.md","included","09-learning/ot-security-study-guide/README.md","09-learning/ot-security-study-guide/README.md","657b441bb1ba089e358aeda0380724dbc8f1245b66ab66d780ba6029f6afcee4"
"building-ai-agents",".gitignore","repository-metadata-skipped","",".gitignore",""
"building-ai-agents","code/minimal_agent.py","included","09-learning/building-ai-agents/code/minimal_agent.py","09-learning/building-ai-agents/code/minimal_agent.py","6d98da9fe06b281c9c4ce8b0549dd03427a0071a5fbf2eaaef52d8a986e36be3"
"building-ai-agents","code/rag_agent.py","included","09-learning/building-ai-agents/code/rag_agent.py","09-learning/building-ai-agents/code/rag_agent.py","cb3b6e8d207620a1a538fb164dc37a5fa714b7bed53cd118a8bd1b20285e8749"
"building-ai-agents","code/README.md","included","09-learning/building-ai-agents/code/README.md","09-learning/building-ai-agents/code/README.md","41e44a84fe2f551160457b7867c18c7a63f0eed22ac8233d74a7772dc7cf0337"
"building-ai-agents","code/tools_example.py","included","09-learning/building-ai-agents/code/tools_example.py","09-learning/building-ai-agents/code/tools_example.py","a811dfc6f1465b08f9a11777a2fc880f05c4677b0df0748908344a8f9405a370"
"building-ai-agents","LICENSE","repository-metadata-skipped","09-learning/building-ai-agents/LICENSE","LICENSE",""
"building-ai-agents","part-1-foundations/01-what-is-an-agent.md","included","09-learning/building-ai-agents/part-1-foundations/01-what-is-an-agent.md","09-learning/building-ai-agents/part-1-foundations/01-what-is-an-agent.md","f77460121d00e5c29452e1c0505175d69eff7fd8a0a28b276314ca0c741d8d65"
"building-ai-agents","part-1-foundations/02-anatomy-of-an-agent.md","included","09-learning/building-ai-agents/part-1-foundations/02-anatomy-of-an-agent.md","09-learning/building-ai-agents/part-1-foundations/02-anatomy-of-an-agent.md","4f93fb60932397f742796e69f5d868d6cd31ecd79c0bf67eaae15d38653259a8"
"building-ai-agents","part-1-foundations/03-the-agent-loop.md","included","09-learning/building-ai-agents/part-1-foundations/03-the-agent-loop.md","09-learning/building-ai-agents/part-1-foundations/03-the-agent-loop.md","2d0ad3f1598c323f209803125f82fd37dc3296cfa0b6be4d96bd0283174b115f"
"building-ai-agents","part-2-building-blocks/04-the-model-layer.md","included","09-learning/building-ai-agents/part-2-building-blocks/04-the-model-layer.md","09-learning/building-ai-agents/part-2-building-blocks/04-the-model-layer.md","f5d5a86e8e2769679c549bf3a606cd8ece542ddcfc0111c00611b7ba1067de0d"
"building-ai-agents","part-2-building-blocks/05-tools-and-function-calling.md","included","09-learning/building-ai-agents/part-2-building-blocks/05-tools-and-function-calling.md","09-learning/building-ai-agents/part-2-building-blocks/05-tools-and-function-calling.md","779570c159505d1ab45e725e3a03e7250977f365c556e90dc24e675832eab873"
"building-ai-agents","part-2-building-blocks/06-memory.md","included","09-learning/building-ai-agents/part-2-building-blocks/06-memory.md","09-learning/building-ai-agents/part-2-building-blocks/06-memory.md","03293d73c6a886f0021e52ab8043594941e6b06f17b9986cfab1d4147b3932a8"
"building-ai-agents","part-2-building-blocks/07-rag-for-agents.md","included","09-learning/building-ai-agents/part-2-building-blocks/07-rag-for-agents.md","09-learning/building-ai-agents/part-2-building-blocks/07-rag-for-agents.md","535cc22bcf7cb4730098b44f74467ed97330806c88ab5a7b553982f5d0ccb530"
"building-ai-agents","part-3-first-agent/08-agent-from-scratch.md","included","09-learning/building-ai-agents/part-3-first-agent/08-agent-from-scratch.md","09-learning/building-ai-agents/part-3-first-agent/08-agent-from-scratch.md","912f4746b8edea24d9b24c493fdca665f41f0a5bc94643a177d8ceae96bf960e"
"building-ai-agents","part-3-first-agent/09-building-with-frameworks.md","included","09-learning/building-ai-agents/part-3-first-agent/09-building-with-frameworks.md","09-learning/building-ai-agents/part-3-first-agent/09-building-with-frameworks.md","54b606cef29b72e5fd13b0e9e52dcb643d23c4ba55ef0d690cf48ed16ec635cc"
"building-ai-agents","part-4-advanced/10-agentic-patterns-workflows.md","included","09-learning/building-ai-agents/part-4-advanced/10-agentic-patterns-workflows.md","09-learning/building-ai-agents/part-4-advanced/10-agentic-patterns-workflows.md","bae0fed3964a45d43f3a19bf042ae155f19bb19ebe4bbcb40cb21f0ae2d25c97"
"building-ai-agents","part-4-advanced/11-multi-agent-systems.md","included","09-learning/building-ai-agents/part-4-advanced/11-multi-agent-systems.md","09-learning/building-ai-agents/part-4-advanced/11-multi-agent-systems.md","238a71d51800d05e56c9ba0318eaec4e71f8477575ca2ffbef8bb236a6508ac7"
"building-ai-agents","part-4-advanced/12-protocols-mcp-a2a.md","included","09-learning/building-ai-agents/part-4-advanced/12-protocols-mcp-a2a.md","09-learning/building-ai-agents/part-4-advanced/12-protocols-mcp-a2a.md","2527bfee3bed08cf5d9cbe49ec5b2816d3a85d1fb30bbb46c04a4590a59f20c6"
"building-ai-agents","part-5-production/13-evaluation-and-testing.md","included","09-learning/building-ai-agents/part-5-production/13-evaluation-and-testing.md","09-learning/building-ai-agents/part-5-production/13-evaluation-and-testing.md","5a84d2d992a7f4ed96cf29e7fda2c67858e00e1184eaac67c8c2c1ebacd1afbd"
"building-ai-agents","part-5-production/14-observability-tracing.md","included","09-learning/building-ai-agents/part-5-production/14-observability-tracing.md","09-learning/building-ai-agents/part-5-production/14-observability-tracing.md","0f89b9ddc3df5a1fc4b7e6684830c05d40b7daaa11ada64e7f2384fb32fed4dd"
"building-ai-agents","part-5-production/15-guardrails-and-safety.md","included","09-learning/building-ai-agents/part-5-production/15-guardrails-and-safety.md","09-learning/building-ai-agents/part-5-production/15-guardrails-and-safety.md","44e5b14bafec9908d3fbbf299a631a720e15197c84e0af668c65682ecfb7c28c"
"building-ai-agents","part-5-production/16-deployment-cost-performance.md","included","09-learning/building-ai-agents/part-5-production/16-deployment-cost-performance.md","09-learning/building-ai-agents/part-5-production/16-deployment-cost-performance.md","f3a43b3dc01c06de6a1c49b3f2f85fe199d1d3af58f41b0970931949837e6771"
"building-ai-agents","part-6-practice/17-capstone-and-roadmap.md","included","09-learning/building-ai-agents/part-6-practice/17-capstone-and-roadmap.md","09-learning/building-ai-agents/part-6-practice/17-capstone-and-roadmap.md","0cec4df5fad5bf58bef3ffdf6636b47ef491df4f322c9f533aeea7081561005b"
"building-ai-agents","README.md","included","09-learning/building-ai-agents/README.md","09-learning/building-ai-agents/README.md","a53e42e0ee71ec8811f0f34edeb3010eb9c920bd5c09f72b53dda548f06d74b1"
